const uint8_t Helvetica_Bold44pt7bBitmaps[] PROGMEM = {
  0x00, 0xFF, 0xFF, 0xFF, 0xFF, 0xFF, 0xFF, 0xFF, 0xFF, 0xFF, 0xFF, 0xFF,
  0xFF, 0xFF, 0xFF, 0xFF, 0xFF, 0xFF, 0xFF, 0xFF, 0xFF, 0xFF, 0xFF, 0xFF,
  0xFF, 0xFF, 0xFF, 0xFF, 0xFF, 0xFF, 0xFF, 0xFF, 0xFF, 0xF7, 0xFF, 0x3F,
  0xF9, 0xFF, 0xCF, 0xFE, 0x7F, 0xF3, 0xFF, 0x9F, 0xFC, 0xFF, 0xE7, 0xFF,
  0x3F, 0xF8, 0xFF, 0x87, 0xFC, 0x3F, 0xE1, 0xFF, 0x0F, 0xF8, 0x7F, 0xC3,
  0xFE, 0x1F, 0xF0, 0xFF, 0x83, 0xF8, 0x1F, 0xC0, 0xFE, 0x07, 0xF0, 0x3F,
  0x80, 0x00, 0x00, 0x00, 0x00, 0x00, 0x00, 0x00, 0x07, 0xFF, 0xFF, 0xFF,
  0xFF, 0xFF, 0xFF, 0xFF, 0xFF, 0xFF, 0xFF, 0xFF, 0xFF, 0xFF, 0xFF, 0xFF,
  0xFF, 0xFF, 0xFF, 0xFF, 0xFF, 0xFC, 0xFF, 0xE0, 0xFF, 0xFF, 0xFC, 0x1F,
  0xFF, 0xFF, 0x83, 0xFF, 0xFF, 0xF0, 0x7F, 0xFF, 0xFE, 0x0F, 0xFF, 0xFF,
  0xC1, 0xFF, 0xFF, 0xF8, 0x3F, 0xFB, 0xFF, 0x07, 0xFF, 0x7F, 0xE0, 0x7F,
  0xEF, 0xFC, 0x0F, 0xFD, 0xFF, 0x81, 0xFF, 0xBF, 0xF0, 0x3F, 0xF7, 0xFE,
  0x07, 0xFC, 0xFF, 0x80, 0xFF, 0x9F, 0xF0, 0x1F, 0xF3, 0xFE, 0x03, 0xFE,
  0x7F, 0xC0, 0x7F, 0xCF, 0xF8, 0x0F, 0xF9, 0xFF, 0x01, 0xFF, 0x3F, 0xE0,
  0x3F, 0xE3, 0xFC, 0x07, 0xFC, 0x7F, 0x80, 0x7F, 0x8F, 0xF0, 0x0F, 0xF1,
  0xFE, 0x01, 0xFE, 0x3F, 0xC0, 0x3F, 0xC7, 0xF8, 0x07, 0xF0, 0x00, 0x00,
  0x0F, 0xF8, 0x1F, 0xF0, 0x00, 0x00, 0x0F, 0xF0, 0x1F, 0xF0, 0x00, 0x00,
  0x0F, 0xF0, 0x1F, 0xE0, 0x00, 0x00, 0x1F, 0xF0, 0x1F, 0xE0, 0x00, 0x00,
  0x1F, 0xE0, 0x3F, 0xE0, 0x00, 0x00, 0x1F, 0xE0, 0x3F, 0xC0, 0x00, 0x00,
  0x1F, 0xE0, 0x3F, 0xC0, 0x00, 0x00, 0x3F, 0xE0, 0x3F, 0xC0, 0x00, 0x00,
  0x3F, 0xC0, 0x7F, 0xC0, 0x00, 0x00, 0x3F, 0xC0, 0x7F, 0x80, 0x00, 0x00,
  0x7F, 0xC0, 0x7F, 0x80, 0x00, 0x00, 0x7F, 0x80, 0xFF, 0x80, 0x00, 0x00,
  0x7F, 0x80, 0xFF, 0x80, 0x00, 0x00, 0x7F, 0x80, 0xFF, 0x00, 0x00, 0x00,
  0xFF, 0x80, 0xFF, 0x00, 0x00, 0x00, 0xFF, 0x01, 0xFF, 0x00, 0x00, 0x00,
  0xFF, 0x01, 0xFE, 0x00, 0x01, 0xFF, 0xFF, 0xFF, 0xFF, 0xFF, 0x01, 0xFF,
  0xFF, 0xFF, 0xFF, 0xFF, 0x03, 0xFF, 0xFF, 0xFF, 0xFF, 0xFE, 0x03, 0xFF,
  0xFF, 0xFF, 0xFF, 0xFE, 0x03, 0xFF, 0xFF, 0xFF, 0xFF, 0xFE, 0x03, 0xFF,
  0xFF, 0xFF, 0xFF, 0xFE, 0x07, 0xFF, 0xFF, 0xFF, 0xFF, 0xFC, 0x00, 0x03,
  0xFC, 0x07, 0xF8, 0x00, 0x00, 0x07, 0xFC, 0x07, 0xF8, 0x00, 0x00, 0x07,
  0xF8, 0x0F, 0xF8, 0x00, 0x00, 0x07, 0xF8, 0x0F, 0xF0, 0x00, 0x00, 0x07,
  0xF8, 0x0F, 0xF0, 0x00, 0x00, 0x0F, 0xF8, 0x0F, 0xF0, 0x00, 0x00, 0x0F,
  0xF0, 0x1F, 0xF0, 0x00, 0x00, 0x0F, 0xF0, 0x1F, 0xE0, 0x00, 0x00, 0x1F,
  0xF0, 0x1F, 0xE0, 0x00, 0x00, 0x1F, 0xE0, 0x1F, 0xE0, 0x00, 0x00, 0x1F,
  0xE0, 0x3F, 0xE0, 0x00, 0x00, 0x1F, 0xE0, 0x3F, 0xC0, 0x00, 0x3F, 0xFF,
  0xFF, 0xFF, 0xFF, 0xE0, 0x7F, 0xFF, 0xFF, 0xFF, 0xFF, 0xC0, 0x7F, 0xFF,
  0xFF, 0xFF, 0xFF, 0xC0, 0x7F, 0xFF, 0xFF, 0xFF, 0xFF, 0xC0, 0x7F, 0xFF,
  0xFF, 0xFF, 0xFF, 0xC0, 0xFF, 0xFF, 0xFF, 0xFF, 0xFF, 0x80, 0xFF, 0xFF,
  0xFF, 0xFF, 0xFF, 0x80, 0x00, 0xFF, 0x80, 0xFF, 0x00, 0x00, 0x00, 0xFF,
  0x00, 0xFF, 0x00, 0x00, 0x00, 0xFF, 0x01, 0xFF, 0x00, 0x00, 0x00, 0xFF,
  0x01, 0xFE, 0x00, 0x00, 0x01, 0xFF, 0x01, 0xFE, 0x00, 0x00, 0x01, 0xFE,
  0x03, 0xFE, 0x00, 0x00, 0x01, 0xFE, 0x03, 0xFE, 0x00, 0x00, 0x01, 0xFE,
  0x03, 0xFC, 0x00, 0x00, 0x03, 0xFE, 0x03, 0xFC, 0x00, 0x00, 0x03, 0xFC,
  0x07, 0xFC, 0x00, 0x00, 0x03, 0xFC, 0x07, 0xF8, 0x00, 0x00, 0x07, 0xFC,
  0x07, 0xF8, 0x00, 0x00, 0x07, 0xF8, 0x07, 0xF8, 0x00, 0x00, 0x07, 0xF8,
  0x0F, 0xF8, 0x00, 0x00, 0x07, 0xF8, 0x0F, 0xF0, 0x00, 0x00, 0x0F, 0xF8,
  0x0F, 0xF0, 0x00, 0x00, 0x0F, 0xF0, 0x1F, 0xF0, 0x00, 0x00, 0x00, 0x00,
  0x0F, 0x00, 0x00, 0x00, 0x00, 0x01, 0xE0, 0x00, 0x00, 0x00, 0x00, 0x3C,
  0x00, 0x00, 0x00, 0x00, 0x07, 0x80, 0x00, 0x00, 0x00, 0x00, 0xF0, 0x00,
  0x00, 0x00, 0x00, 0x1E, 0x00, 0x00, 0x00, 0x00, 0x3F, 0xFC, 0x00, 0x00,
  0x00, 0x7F, 0xFF, 0xF0, 0x00, 0x00, 0x3F, 0xFF, 0xFF, 0x80, 0x00, 0x1F,
  0xFF, 0xFF, 0xFC, 0x00, 0x07, 0xFF, 0xFF, 0xFF, 0xC0, 0x01, 0xFF, 0xFF,
  0xFF, 0xFC, 0x00, 0x7F, 0xFF, 0xFF, 0xFF, 0xC0, 0x1F, 0xFF, 0xFF, 0xFF,
  0xFC, 0x07, 0xFF, 0xFF, 0xFF, 0xFF, 0xC0, 0xFF, 0xFC, 0x79, 0xFF, 0xF8,
  0x3F, 0xFE, 0x0F, 0x0F, 0xFF, 0x87, 0xFF, 0x01, 0xE0, 0xFF, 0xF0, 0xFF,
  0xE0, 0x3C, 0x0F, 0xFE, 0x3F, 0xF8, 0x07, 0x81, 0xFF, 0xC7, 0xFF, 0x00,
  0xF0, 0x3F, 0xFC, 0xFF, 0xE0, 0x1E, 0x03, 0xFF, 0x9F, 0xFC, 0x03, 0xC0,
  0x7F, 0xF3, 0xFF, 0x80, 0x78, 0x0F, 0xFE, 0x7F, 0xF0, 0x0F, 0x00, 0x00,
  0x0F, 0xFF, 0x01, 0xE0, 0x00, 0x01, 0xFF, 0xF0, 0x3C, 0x00, 0x00, 0x3F,
  0xFF, 0x07, 0x80, 0x00, 0x03, 0xFF, 0xF0, 0xF0, 0x00, 0x00, 0x7F, 0xFF,
  0xDE, 0x00, 0x00, 0x0F, 0xFF, 0xFF, 0xC0, 0x00, 0x00, 0xFF, 0xFF, 0xFC,
  0x00, 0x00, 0x0F, 0xFF, 0xFF, 0xF0, 0x00, 0x01, 0xFF, 0xFF, 0xFF, 0x80,
  0x00, 0x1F, 0xFF, 0xFF, 0xFE, 0x00, 0x01, 0xFF, 0xFF, 0xFF, 0xF0, 0x00,
  0x0F, 0xFF, 0xFF, 0xFF, 0x80, 0x00, 0x7F, 0xFF, 0xFF, 0xF8, 0x00, 0x03,
  0xFF, 0xFF, 0xFF, 0x80, 0x00, 0x0F, 0xFF, 0xFF, 0xF8, 0x00, 0x00, 0x3F,
  0xFF, 0xFF, 0x80, 0x00, 0x01, 0xFF, 0xFF, 0xF0, 0x00, 0x00, 0x3F, 0xFF,
  0xFF, 0x00, 0x00, 0x07, 0x9F, 0xFF, 0xE0, 0x00, 0x00, 0xF0, 0xFF, 0xFC,
  0x00, 0x00, 0x1E, 0x0F, 0xFF, 0xC0, 0x00, 0x03, 0xC0, 0xFF, 0xF8, 0x00,
  0x00, 0x78, 0x1F, 0xFF, 0xFF, 0xE0, 0x0F, 0x01, 0xFF, 0xFF, 0xFC, 0x01,
  0xE0, 0x3F, 0xFF, 0xFF, 0x80, 0x3C, 0x07, 0xFF, 0xFF, 0xF8, 0x07, 0x80,
  0xFF, 0xFF, 0xFF, 0x00, 0xF0, 0x1F, 0xFF, 0xFF, 0xE0, 0x1E, 0x03, 0xFF,
  0xDF, 0xFC, 0x03, 0xC0, 0xFF, 0xF3, 0xFF, 0xC0, 0x78, 0x1F, 0xFE, 0x7F,
  0xFC, 0x0F, 0x07, 0xFF, 0xC7, 0xFF, 0xC1, 0xE1, 0xFF, 0xF0, 0xFF, 0xFF,
  0x3C, 0xFF, 0xFE, 0x0F, 0xFF, 0xFF, 0xFF, 0xFF, 0x81, 0xFF, 0xFF, 0xFF,
  0xFF, 0xF0, 0x1F, 0xFF, 0xFF, 0xFF, 0xFC, 0x01, 0xFF, 0xFF, 0xFF, 0xFF,
  0x00, 0x1F, 0xFF, 0xFF, 0xFF, 0xC0, 0x01, 0xFF, 0xFF, 0xFF, 0xE0, 0x00,
  0x0F, 0xFF, 0xFF, 0xF8, 0x00, 0x00, 0x3F, 0xFF, 0xF8, 0x00, 0x00, 0x00,
  0x7F, 0xF8, 0x00, 0x00, 0x00, 0x00, 0xF0, 0x00, 0x00, 0x00, 0x00, 0x1E,
  0x00, 0x00, 0x00, 0x00, 0x03, 0xC0, 0x00, 0x00, 0x00, 0x00, 0x78, 0x00,
  0x00, 0x00, 0x00, 0x0F, 0x00, 0x00, 0x00, 0x00, 0x01, 0xE0, 0x00, 0x00,
  0x00, 0x00, 0x3C, 0x00, 0x00, 0x00, 0x00, 0x07, 0x80, 0x00, 0x00, 0x00,
  0x1F, 0xF0, 0x00, 0x00, 0x00, 0x3F, 0x00, 0x00, 0x00, 0x7F, 0xFC, 0x00,
  0x00, 0x00, 0x7E, 0x00, 0x00, 0x01, 0xFF, 0xFF, 0x00, 0x00, 0x00, 0x7E,
  0x00, 0x00, 0x03, 0xFF, 0xFF, 0x80, 0x00, 0x00, 0xFC, 0x00, 0x00, 0x07,
  0xFF, 0xFF, 0xC0, 0x00, 0x00, 0xFC, 0x00, 0x00, 0x0F, 0xFF, 0xFF, 0xE0,
  0x00, 0x01, 0xF8, 0x00, 0x00, 0x1F, 0xFF, 0xFF, 0xF0, 0x00, 0x03, 0xF8,
  0x00, 0x00, 0x3F, 0xFF, 0xFF, 0xF8, 0x00, 0x03, 0xF0, 0x00, 0x00, 0x3F,
  0xFF, 0xFF, 0xF8, 0x00, 0x07, 0xF0, 0x00, 0x00, 0x7F, 0xF8, 0x3F, 0xFC,
  0x00, 0x07, 0xE0, 0x00, 0x00, 0x7F, 0xE0, 0x0F, 0xFC, 0x00, 0x0F, 0xC0,
  0x00, 0x00, 0xFF, 0xC0, 0x07, 0xFE, 0x00, 0x0F, 0xC0, 0x00, 0x00, 0xFF,
  0xC0, 0x07, 0xFE, 0x00, 0x1F, 0x80, 0x00, 0x00, 0xFF, 0x80, 0x03, 0xFE,
  0x00, 0x1F, 0x80, 0x00, 0x00, 0xFF, 0x80, 0x03, 0xFE, 0x00, 0x3F, 0x00,
  0x00, 0x00, 0xFF, 0x80, 0x03, 0xFE, 0x00, 0x3F, 0x00, 0x00, 0x00, 0xFF,
  0x80, 0x03, 0xFE, 0x00, 0x7E, 0x00, 0x00, 0x00, 0xFF, 0x80, 0x03, 0xFE,
  0x00, 0xFE, 0x00, 0x00, 0x00, 0xFF, 0xC0, 0x07, 0xFE, 0x00, 0xFC, 0x00,
  0x00, 0x00, 0xFF, 0xC0, 0x07, 0xFC, 0x01, 0xFC, 0x00, 0x00, 0x00, 0x7F,
  0xE0, 0x0F, 0xFC, 0x01, 0xF8, 0x00, 0x00, 0x00, 0x7F, 0xF8, 0x3F, 0xFC,
  0x03, 0xF0, 0x00, 0x00, 0x00, 0x3F, 0xFF, 0xFF, 0xF8, 0x03, 0xF0, 0x00,
  0x00, 0x00, 0x3F, 0xFF, 0xFF, 0xF8, 0x07, 0xE0, 0x00, 0x00, 0x00, 0x1F,
  0xFF, 0xFF, 0xF0, 0x07, 0xE0, 0x00, 0x00, 0x00, 0x0F, 0xFF, 0xFF, 0xE0,
  0x0F, 0xC0, 0x00, 0x00, 0x00, 0x07, 0xFF, 0xFF, 0xC0, 0x0F, 0xC0, 0x00,
  0x00, 0x00, 0x03, 0xFF, 0xFF, 0x80, 0x1F, 0x80, 0x00, 0x00, 0x00, 0x01,
  0xFF, 0xFF, 0x00, 0x3F, 0x80, 0x00, 0x00, 0x00, 0x00, 0x7F, 0xFC, 0x00,
  0x3F, 0x00, 0x00, 0x00, 0x00, 0x00, 0x1F, 0xE0, 0x00, 0x7F, 0x00, 0x00,
  0x00, 0x00, 0x00, 0x00, 0x00, 0x00, 0x7E, 0x00, 0x00, 0x00, 0x00, 0x00,
  0x00, 0x00, 0x00, 0xFC, 0x00, 0x0F, 0xF8, 0x00, 0x00, 0x00, 0x00, 0x00,
  0xFC, 0x00, 0x3F, 0xFE, 0x00, 0x00, 0x00, 0x00, 0x01, 0xF8, 0x00, 0xFF,
  0xFF, 0x80, 0x00, 0x00, 0x00, 0x01, 0xF8, 0x01, 0xFF, 0xFF, 0xC0, 0x00,
  0x00, 0x00, 0x03, 0xF0, 0x03, 0xFF, 0xFF, 0xE0, 0x00, 0x00, 0x00, 0x07,
  0xF0, 0x07, 0xFF, 0xFF, 0xF0, 0x00, 0x00, 0x00, 0x07, 0xE0, 0x0F, 0xFF,
  0xFF, 0xF8, 0x00, 0x00, 0x00, 0x0F, 0xE0, 0x1F, 0xFF, 0xFF, 0xFC, 0x00,
  0x00, 0x00, 0x0F, 0xC0, 0x1F, 0xFF, 0xFF, 0xFC, 0x00, 0x00, 0x00, 0x1F,
  0xC0, 0x3F, 0xFC, 0x1F, 0xFE, 0x00, 0x00, 0x00, 0x1F, 0x80, 0x3F, 0xF0,
  0x07, 0xFE, 0x00, 0x00, 0x00, 0x3F, 0x00, 0x7F, 0xE0, 0x03, 0xFF, 0x00,
  0x00, 0x00, 0x3F, 0x00, 0x7F, 0xE0, 0x03, 0xFF, 0x00, 0x00, 0x00, 0x7E,
  0x00, 0x7F, 0xC0, 0x01, 0xFF, 0x00, 0x00, 0x00, 0x7E, 0x00, 0x7F, 0xC0,
  0x01, 0xFF, 0x00, 0x00, 0x00, 0xFC, 0x00, 0x7F, 0xC0, 0x01, 0xFF, 0x00,
  0x00, 0x01, 0xFC, 0x00, 0x7F, 0xC0, 0x01, 0xFF, 0x00, 0x00, 0x01, 0xF8,
  0x00, 0x7F, 0xC0, 0x01, 0xFF, 0x00, 0x00, 0x03, 0xF8, 0x00, 0x7F, 0xE0,
  0x03, 0xFF, 0x00, 0x00, 0x03, 0xF0, 0x00, 0x7F, 0xE0, 0x03, 0xFE, 0x00,
  0x00, 0x07, 0xF0, 0x00, 0x3F, 0xF0, 0x07, 0xFE, 0x00, 0x00, 0x07, 0xE0,
  0x00, 0x3F, 0xFC, 0x1F, 0xFE, 0x00, 0x00, 0x0F, 0xC0, 0x00, 0x1F, 0xFF,
  0xFF, 0xFC, 0x00, 0x00, 0x0F, 0xC0, 0x00, 0x1F, 0xFF, 0xFF, 0xFC, 0x00,
  0x00, 0x1F, 0x80, 0x00, 0x0F, 0xFF, 0xFF, 0xF8, 0x00, 0x00, 0x1F, 0x80,
  0x00, 0x07, 0xFF, 0xFF, 0xF0, 0x00, 0x00, 0x3F, 0x00, 0x00, 0x03, 0xFF,
  0xFF, 0xE0, 0x00, 0x00, 0x7F, 0x00, 0x00, 0x01, 0xFF, 0xFF, 0xC0, 0x00,
  0x00, 0x7E, 0x00, 0x00, 0x00, 0xFF, 0xFF, 0x80, 0x00, 0x00, 0xFE, 0x00,
  0x00, 0x00, 0x3F, 0xFE, 0x00, 0x00, 0x00, 0xFC, 0x00, 0x00, 0x00, 0x0F,
  0xF0, 0x00, 0x00, 0x00, 0x1F, 0xF0, 0x00, 0x00, 0x00, 0x00, 0x00, 0xFF,
  0xFE, 0x00, 0x00, 0x00, 0x00, 0x03, 0xFF, 0xFF, 0x80, 0x00, 0x00, 0x00,
  0x07, 0xFF, 0xFF, 0xC0, 0x00, 0x00, 0x00, 0x0F, 0xFF, 0xFF, 0xE0, 0x00,
  0x00, 0x00, 0x1F, 0xFF, 0xFF, 0xF0, 0x00, 0x00, 0x00, 0x3F, 0xFF, 0xFF,
  0xF8, 0x00, 0x00, 0x00, 0x7F, 0xFF, 0xFF, 0xFC, 0x00, 0x00, 0x00, 0x7F,
  0xFF, 0xFF, 0xFC, 0x00, 0x00, 0x00, 0x7F, 0xFC, 0x3F, 0xFC, 0x00, 0x00,
  0x00, 0xFF, 0xF0, 0x0F, 0xFE, 0x00, 0x00, 0x00, 0xFF, 0xE0, 0x0F, 0xFE,
  0x00, 0x00, 0x00, 0xFF, 0xE0, 0x07, 0xFE, 0x00, 0x00, 0x00, 0xFF, 0xE0,
  0x07, 0xFE, 0x00, 0x00, 0x00, 0xFF, 0xE0, 0x07, 0xFE, 0x00, 0x00, 0x00,
  0xFF, 0xE0, 0x07, 0xFE, 0x00, 0x00, 0x00, 0xFF, 0xF0, 0x0F, 0xFE, 0x00,
  0x00, 0x00, 0xFF, 0xF0, 0x0F, 0xFE, 0x00, 0x00, 0x00, 0x7F, 0xF8, 0x1F,
  0xFC, 0x00, 0x00, 0x00, 0x7F, 0xFC, 0x3F, 0xFC, 0x00, 0x00, 0x00, 0x7F,
  0xFE, 0x7F, 0xFC, 0x00, 0x00, 0x00, 0x3F, 0xFF, 0xFF, 0xF8, 0x00, 0x00,
  0x00, 0x3F, 0xFF, 0xFF, 0xF0, 0x00, 0x00, 0x00, 0x1F, 0xFF, 0xFF, 0xE0,
  0x00, 0x00, 0x00, 0x0F, 0xFF, 0xFF, 0xC0, 0x00, 0x00, 0x00, 0x0F, 0xFF,
  0xFF, 0x80, 0x00, 0x00, 0x00, 0x07, 0xFF, 0xFF, 0x00, 0x00, 0x00, 0x00,
  0x0F, 0xFF, 0xFC, 0x00, 0x00, 0x00, 0x00, 0x3F, 0xFF, 0xF8, 0x00, 0x00,
  0x00, 0x00, 0x7F, 0xFF, 0xFC, 0x00, 0xFF, 0xE0, 0x01, 0xFF, 0xFF, 0xFE,
  0x00, 0xFF, 0xE0, 0x03, 0xFF, 0xFF, 0xFF, 0x00, 0xFF, 0xE0, 0x07, 0xFF,
  0xFF, 0xFF, 0x00, 0xFF, 0xE0, 0x0F, 0xFF, 0xFF, 0xFF, 0x80, 0xFF, 0xE0,
  0x1F, 0xFF, 0xFF, 0xFF, 0xC1, 0xFF, 0xC0, 0x1F, 0xFF, 0xCF, 0xFF, 0xE1,
  0xFF, 0xC0, 0x3F, 0xFF, 0x07, 0xFF, 0xF1, 0xFF, 0xC0, 0x3F, 0xFE, 0x03,
  0xFF, 0xF3, 0xFF, 0xC0, 0x7F, 0xFC, 0x03, 0xFF, 0xFB, 0xFF, 0x80, 0x7F,
  0xFC, 0x01, 0xFF, 0xFF, 0xFF, 0x80, 0xFF, 0xF8, 0x00, 0xFF, 0xFF, 0xFF,
  0x00, 0xFF, 0xF8, 0x00, 0x7F, 0xFF, 0xFF, 0x00, 0xFF, 0xF0, 0x00, 0x7F,
  0xFF, 0xFE, 0x00, 0xFF, 0xF0, 0x00, 0x3F, 0xFF, 0xFE, 0x00, 0xFF, 0xF0,
  0x00, 0x1F, 0xFF, 0xFC, 0x00, 0xFF, 0xF0, 0x00, 0x0F, 0xFF, 0xF8, 0x00,
  0xFF, 0xF0, 0x00, 0x0F, 0xFF, 0xF0, 0x00, 0xFF, 0xF8, 0x00, 0x07, 0xFF,
  0xF0, 0x00, 0xFF, 0xF8, 0x00, 0x03, 0xFF, 0xF8, 0x00, 0x7F, 0xFC, 0x00,
  0x03, 0xFF, 0xFC, 0x00, 0x7F, 0xFE, 0x00, 0x0F, 0xFF, 0xFE, 0x00, 0x7F,
  0xFF, 0x00, 0x1F, 0xFF, 0xFF, 0x00, 0x3F, 0xFF, 0xC0, 0xFF, 0xFF, 0xFF,
  0x00, 0x3F, 0xFF, 0xFF, 0xFF, 0xFF, 0xFF, 0x80, 0x1F, 0xFF, 0xFF, 0xFF,
  0xFF, 0xFF, 0xC0, 0x0F, 0xFF, 0xFF, 0xFF, 0xFF, 0xFF, 0xE0, 0x0F, 0xFF,
  0xFF, 0xFF, 0xFF, 0xFF, 0xF0, 0x07, 0xFF, 0xFF, 0xFF, 0xF7, 0xFF, 0xF0,
  0x03, 0xFF, 0xFF, 0xFF, 0xC3, 0xFF, 0xF8, 0x00, 0xFF, 0xFF, 0xFF, 0x83,
  0xFF, 0xFC, 0x00, 0x7F, 0xFF, 0xFE, 0x01, 0xFF, 0xFE, 0x00, 0x1F, 0xFF,
  0xF8, 0x00, 0xFF, 0xFF, 0x00, 0x03, 0xFF, 0x80, 0x00, 0x00, 0x00, 0xFF,
  0xFF, 0xFF, 0xFF, 0xFF, 0xFF, 0xFF, 0xFF, 0xFF, 0xFF, 0xFF, 0xFF, 0xFF,
  0xFF, 0xFB, 0xF9, 0xFC, 0xFE, 0x7F, 0x3F, 0x9F, 0xCF, 0xE7, 0xF3, 0xF9,
  0xFC, 0xFE, 0x7F, 0x3F, 0x80, 0x00, 0x03, 0xFE, 0x00, 0x0F, 0xF8, 0x00,
  0x3F, 0xF0, 0x00, 0x7F, 0xC0, 0x01, 0xFF, 0x80, 0x03, 0xFE, 0x00, 0x0F,
  0xFC, 0x00, 0x3F, 0xF0, 0x00, 0x7F, 0xE0, 0x01, 0xFF, 0x80, 0x03, 0xFF,
  0x00, 0x0F, 0xFC, 0x00, 0x1F, 0xF8, 0x00, 0x7F, 0xF0, 0x00, 0xFF, 0xC0,
  0x03, 0xFF, 0x80, 0x07, 0xFF, 0x00, 0x1F, 0xFC, 0x00, 0x3F, 0xF8, 0x00,
  0x7F, 0xF0, 0x01, 0xFF, 0xC0, 0x03, 0xFF, 0x80, 0x07, 0xFF, 0x00, 0x1F,
  0xFE, 0x00, 0x3F, 0xF8, 0x00, 0x7F, 0xF0, 0x00, 0xFF, 0xE0, 0x03, 0xFF,
  0xC0, 0x07, 0xFF, 0x80, 0x0F, 0xFF, 0x00, 0x1F, 0xFC, 0x00, 0x3F, 0xF8,
  0x00, 0xFF, 0xF0, 0x01, 0xFF, 0xE0, 0x03, 0xFF, 0xC0, 0x07, 0xFF, 0x80,
  0x0F, 0xFF, 0x00, 0x1F, 0xFE, 0x00, 0x3F, 0xFC, 0x00, 0x7F, 0xF8, 0x00,
  0xFF, 0xF0, 0x01, 0xFF, 0xE0, 0x03, 0xFF, 0xC0, 0x07, 0xFF, 0x80, 0x0F,
  0xFF, 0x00, 0x1F, 0xFE, 0x00, 0x3F, 0xFC, 0x00, 0x3F, 0xF8, 0x00, 0x7F,
  0xF0, 0x00, 0xFF, 0xF0, 0x01, 0xFF, 0xE0, 0x03, 0xFF, 0xC0, 0x07, 0xFF,
  0x80, 0x07, 0xFF, 0x00, 0x0F, 0xFE, 0x00, 0x1F, 0xFC, 0x00, 0x1F, 0xFC,
  0x00, 0x3F, 0xF8, 0x00, 0x7F, 0xF0, 0x00, 0xFF, 0xE0, 0x00, 0xFF, 0xE0,
  0x01, 0xFF, 0xC0, 0x01, 0xFF, 0x80, 0x03, 0xFF, 0x80, 0x07, 0xFF, 0x00,
  0x07, 0xFE, 0x00, 0x0F, 0xFE, 0x00, 0x0F, 0xFC, 0x00, 0x1F, 0xFC, 0x00,
  0x1F, 0xF8, 0x00, 0x3F, 0xF8, 0x00, 0x3F, 0xF0, 0x00, 0x7F, 0xF0, 0x00,
  0x7F, 0xE0, 0x00, 0x7F, 0xE0, 0x00, 0xFF, 0xC0, 0x00, 0xFF, 0xC0, 0x00,
  0xFF, 0x80, 0x00, 0xFF, 0x80, 0x01, 0xFF, 0xFF, 0x80, 0x00, 0xFF, 0x80,
  0x00, 0xFF, 0x80, 0x01, 0xFF, 0x00, 0x01, 0xFF, 0x00, 0x03, 0xFF, 0x00,
  0x03, 0xFE, 0x00, 0x07, 0xFE, 0x00, 0x0F, 0xFC, 0x00, 0x0F, 0xFC, 0x00,
  0x1F, 0xF8, 0x00, 0x1F, 0xF8, 0x00, 0x3F, 0xF0, 0x00, 0x3F, 0xF0, 0x00,
  0x7F, 0xE0, 0x00, 0xFF, 0xE0, 0x00, 0xFF, 0xC0, 0x01, 0xFF, 0xC0, 0x03,
  0xFF, 0x80, 0x07, 0xFF, 0x00, 0x07, 0xFF, 0x00, 0x0F, 0xFE, 0x00, 0x1F,
  0xFC, 0x00, 0x3F, 0xFC, 0x00, 0x3F, 0xF8, 0x00, 0x7F, 0xF0, 0x00, 0xFF,
  0xF0, 0x01, 0xFF, 0xE0, 0x03, 0xFF, 0xC0, 0x07, 0xFF, 0x80, 0x0F, 0xFF,
  0x00, 0x0F, 0xFE, 0x00, 0x1F, 0xFE, 0x00, 0x3F, 0xFC, 0x00, 0x7F, 0xF8,
  0x00, 0xFF, 0xF0, 0x01, 0xFF, 0xE0, 0x03, 0xFF, 0xC0, 0x07, 0xFF, 0x80,
  0x0F, 0xFF, 0x00, 0x1F, 0xFE, 0x00, 0x3F, 0xFC, 0x00, 0x7F, 0xF8, 0x00,
  0xFF, 0xF0, 0x01, 0xFF, 0xE0, 0x03, 0xFF, 0xC0, 0x07, 0xFF, 0x80, 0x0F,
  0xFE, 0x00, 0x1F, 0xFC, 0x00, 0x7F, 0xF8, 0x00, 0xFF, 0xF0, 0x01, 0xFF,
  0xE0, 0x03, 0xFF, 0x80, 0x07, 0xFF, 0x00, 0x0F, 0xFE, 0x00, 0x1F, 0xFC,
  0x00, 0x7F, 0xF0, 0x00, 0xFF, 0xE0, 0x01, 0xFF, 0xC0, 0x03, 0xFF, 0x00,
  0x0F, 0xFE, 0x00, 0x1F, 0xFC, 0x00, 0x3F, 0xF0, 0x00, 0xFF, 0xE0, 0x01,
  0xFF, 0xC0, 0x03, 0xFF, 0x00, 0x0F, 0xFE, 0x00, 0x1F, 0xF8, 0x00, 0x3F,
  0xF0, 0x00, 0xFF, 0xC0, 0x01, 0xFF, 0x80, 0x07, 0xFE, 0x00, 0x0F, 0xFC,
  0x00, 0x3F, 0xF0, 0x00, 0x7F, 0xC0, 0x01, 0xFF, 0x80, 0x03, 0xFE, 0x00,
  0x0F, 0xF8, 0x00, 0x1F, 0xF0, 0x00, 0x7F, 0xC0, 0x00, 0x00, 0x1F, 0xC0,
  0x00, 0x00, 0xFE, 0x00, 0x00, 0x07, 0xF0, 0x00, 0x00, 0x3F, 0x80, 0x00,
  0x01, 0xFC, 0x00, 0x00, 0x0F, 0xE0, 0x00, 0x00, 0x7F, 0x00, 0x04, 0x03,
  0xF8, 0x04, 0x3C, 0x1F, 0xC1, 0xE3, 0xFC, 0xFE, 0x7F, 0x9F, 0xFF, 0xFF,
  0xFC, 0xFF, 0xFF, 0xFF, 0xEF, 0xFF, 0xFF, 0xFF, 0xFF, 0xFF, 0xFF, 0xFC,
  0xFF, 0xFF, 0xFF, 0x80, 0xFF, 0xFF, 0xE0, 0x00, 0xFF, 0xF8, 0x00, 0x03,
  0xFF, 0x80, 0x00, 0x3F, 0xFE, 0x00, 0x03, 0xFF, 0xF8, 0x00, 0x1F, 0xFF,
  0xC0, 0x01, 0xFE, 0xFF, 0x00, 0x1F, 0xF7, 0xFC, 0x01, 0xFF, 0x1F, 0xF0,
  0x0F, 0xF0, 0x7F, 0x80, 0xFF, 0x01, 0xFE, 0x01, 0xF8, 0x0F, 0xC0, 0x03,
  0x80, 0x38, 0x00, 0x08, 0x00, 0x80, 0x00, 0x00, 0x00, 0x7F, 0xF0, 0x00,
  0x00, 0x00, 0x03, 0xFF, 0x80, 0x00, 0x00, 0x00, 0x1F, 0xFC, 0x00, 0x00,
  0x00, 0x00, 0xFF, 0xE0, 0x00, 0x00, 0x00, 0x07, 0xFF, 0x00, 0x00, 0x00,
  0x00, 0x3F, 0xF8, 0x00, 0x00, 0x00, 0x01, 0xFF, 0xC0, 0x00, 0x00, 0x00,
  0x0F, 0xFE, 0x00, 0x00, 0x00, 0x00, 0x7F, 0xF0, 0x00, 0x00, 0x00, 0x03,
  0xFF, 0x80, 0x00, 0x00, 0x00, 0x1F, 0xFC, 0x00, 0x00, 0x00, 0x00, 0xFF,
  0xE0, 0x00, 0x00, 0x00, 0x07, 0xFF, 0x00, 0x00, 0x00, 0x00, 0x3F, 0xF8,
  0x00, 0x00, 0x00, 0x01, 0xFF, 0xC0, 0x00, 0x00, 0x00, 0x0F, 0xFE, 0x00,
  0x00, 0x00, 0x00, 0x7F, 0xF0, 0x00, 0x07, 0xFF, 0xFF, 0xFF, 0xFF, 0xFF,
  0xFF, 0xFF, 0xFF, 0xFF, 0xFF, 0xFF, 0xFF, 0xFF, 0xFF, 0xFF, 0xFF, 0xFF,
  0xFF, 0xFF, 0xFF, 0xFF, 0xFF, 0xFF, 0xFF, 0xFF, 0xFF, 0xFF, 0xFF, 0xFF,
  0xFF, 0xFF, 0xFF, 0xFF, 0xFF, 0xFF, 0xFF, 0xFF, 0xFF, 0xFF, 0xFF, 0xFF,
  0xFF, 0xFF, 0xFF, 0xFF, 0xFF, 0xFF, 0xFF, 0xFF, 0xFF, 0xFF, 0xFF, 0xFF,
  0xFF, 0xFF, 0xFF, 0xFF, 0xFF, 0xFF, 0xFF, 0xFF, 0xF0, 0x00, 0x07, 0xFF,
  0x00, 0x00, 0x00, 0x00, 0x3F, 0xF8, 0x00, 0x00, 0x00, 0x01, 0xFF, 0xC0,
  0x00, 0x00, 0x00, 0x0F, 0xFE, 0x00, 0x00, 0x00, 0x00, 0x7F, 0xF0, 0x00,
  0x00, 0x00, 0x03, 0xFF, 0x80, 0x00, 0x00, 0x00, 0x1F, 0xFC, 0x00, 0x00,
  0x00, 0x00, 0xFF, 0xE0, 0x00, 0x00, 0x00, 0x07, 0xFF, 0x00, 0x00, 0x00,
  0x00, 0x3F, 0xF8, 0x00, 0x00, 0x00, 0x01, 0xFF, 0xC0, 0x00, 0x00, 0x00,
  0x0F, 0xFE, 0x00, 0x00, 0x00, 0x00, 0x7F, 0xF0, 0x00, 0x00, 0x00, 0x03,
  0xFF, 0x80, 0x00, 0x00, 0x00, 0x1F, 0xFC, 0x00, 0x00, 0x00, 0x00, 0xFF,
  0xE0, 0x00, 0x00, 0x00, 0x07, 0xFF, 0x00, 0x00, 0x00, 0x00, 0x3F, 0xF8,
  0x00, 0x00, 0xFF, 0xFF, 0xFF, 0xFF, 0xFF, 0xFF, 0xFF, 0xFF, 0xFF, 0xFF,
  0xFF, 0xFF, 0xFF, 0xFF, 0xFF, 0xFF, 0xFF, 0xFF, 0xFF, 0xFF, 0xFF, 0x80,
  0x7C, 0x03, 0xE0, 0x1F, 0x01, 0xF0, 0x0F, 0x80, 0x7C, 0x07, 0xE0, 0x7E,
  0x07, 0xF0, 0xFF, 0x1F, 0xF0, 0xFF, 0x07, 0xF0, 0x3E, 0x01, 0x80, 0x00,
  0xFF, 0xFF, 0xFF, 0xFF, 0xFF, 0xFF, 0xFF, 0xFF, 0xFF, 0xFF, 0xFF, 0xFF,
  0xFF, 0xFF, 0xFF, 0xFF, 0xFF, 0xFF, 0xFF, 0xFF, 0xFF, 0xFF, 0xFF, 0xFF,
  0xFF, 0xFF, 0xFF, 0xFF, 0xFF, 0xFF, 0xFF, 0xFF, 0xFF, 0xFF, 0xFF, 0xFF,
  0xFF, 0xFF, 0xFF, 0xFF, 0xFF, 0xFF, 0xFF, 0xFF, 0xFF, 0xFF, 0xFF, 0xFF,
  0xFF, 0xFF, 0xFF, 0xFF, 0xFF, 0xFF, 0x80, 0x00, 0x00, 0x00, 0xFF, 0xE0,
  0x00, 0x00, 0x1F, 0xFC, 0x00, 0x00, 0x03, 0xFF, 0x00, 0x00, 0x00, 0xFF,
  0xE0, 0x00, 0x00, 0x1F, 0xF8, 0x00, 0x00, 0x07, 0xFF, 0x00, 0x00, 0x00,
  0xFF, 0xE0, 0x00, 0x00, 0x1F, 0xF8, 0x00, 0x00, 0x07, 0xFF, 0x00, 0x00,
  0x00, 0xFF, 0xE0, 0x00, 0x00, 0x1F, 0xF8, 0x00, 0x00, 0x07, 0xFF, 0x00,
  0x00, 0x00, 0xFF, 0xC0, 0x00, 0x00, 0x3F, 0xF8, 0x00, 0x00, 0x07, 0xFF,
  0x00, 0x00, 0x00, 0xFF, 0xC0, 0x00, 0x00, 0x3F, 0xF8, 0x00, 0x00, 0x07,
  0xFF, 0x00, 0x00, 0x00, 0xFF, 0xC0, 0x00, 0x00, 0x3F, 0xF8, 0x00, 0x00,
  0x07, 0xFE, 0x00, 0x00, 0x01, 0xFF, 0xC0, 0x00, 0x00, 0x3F, 0xF8, 0x00,
  0x00, 0x07, 0xFE, 0x00, 0x00, 0x01, 0xFF, 0xC0, 0x00, 0x00, 0x3F, 0xF8,
  0x00, 0x00, 0x07, 0xFE, 0x00, 0x00, 0x01, 0xFF, 0xC0, 0x00, 0x00, 0x3F,
  0xF0, 0x00, 0x00, 0x0F, 0xFE, 0x00, 0x00, 0x01, 0xFF, 0xC0, 0x00, 0x00,
  0x3F, 0xF0, 0x00, 0x00, 0x0F, 0xFE, 0x00, 0x00, 0x01, 0xFF, 0xC0, 0x00,
  0x00, 0x3F, 0xF0, 0x00, 0x00, 0x0F, 0xFE, 0x00, 0x00, 0x01, 0xFF, 0x80,
  0x00, 0x00, 0x7F, 0xF0, 0x00, 0x00, 0x0F, 0xFE, 0x00, 0x00, 0x01, 0xFF,
  0x80, 0x00, 0x00, 0x7F, 0xF0, 0x00, 0x00, 0x0F, 0xFE, 0x00, 0x00, 0x01,
  0xFF, 0x80, 0x00, 0x00, 0x7F, 0xF0, 0x00, 0x00, 0x0F, 0xFC, 0x00, 0x00,
  0x03, 0xFF, 0x80, 0x00, 0x00, 0x7F, 0xF0, 0x00, 0x00, 0x0F, 0xFC, 0x00,
  0x00, 0x03, 0xFF, 0x80, 0x00, 0x00, 0x7F, 0xF0, 0x00, 0x00, 0x0F, 0xFC,
  0x00, 0x00, 0x03, 0xFF, 0x80, 0x00, 0x00, 0x7F, 0xE0, 0x00, 0x00, 0x1F,
  0xFC, 0x00, 0x00, 0x03, 0xFF, 0x80, 0x00, 0x00, 0x7F, 0xE0, 0x00, 0x00,
  0x1F, 0xFC, 0x00, 0x00, 0x03, 0xFF, 0x80, 0x00, 0x00, 0x7F, 0xE0, 0x00,
  0x00, 0x1F, 0xFC, 0x00, 0x00, 0x03, 0xFF, 0x00, 0x00, 0x00, 0xFF, 0xE0,
  0x00, 0x00, 0x1F, 0xFC, 0x00, 0x00, 0x07, 0xFF, 0x00, 0x00, 0x00, 0x00,
  0x00, 0xFF, 0xC0, 0x00, 0x00, 0x03, 0xFF, 0xFF, 0x00, 0x00, 0x03, 0xFF,
  0xFF, 0xF0, 0x00, 0x01, 0xFF, 0xFF, 0xFE, 0x00, 0x01, 0xFF, 0xFF, 0xFF,
  0xE0, 0x00, 0x7F, 0xFF, 0xFF, 0xF8, 0x00, 0x3F, 0xFF, 0xFF, 0xFF, 0x00,
  0x1F, 0xFF, 0xFF, 0xFF, 0xE0, 0x0F, 0xFF, 0xFF, 0xFF, 0xFC, 0x03, 0xFF,
  0xFF, 0xFF, 0xFF, 0x01, 0xFF, 0xFC, 0x0F, 0xFF, 0xE0, 0x7F, 0xFC, 0x00,
  0xFF, 0xF8, 0x1F, 0xFE, 0x00, 0x1F, 0xFE, 0x0F, 0xFF, 0x00, 0x03, 0xFF,
  0xC3, 0xFF, 0xC0, 0x00, 0xFF, 0xF0, 0xFF, 0xF0, 0x00, 0x3F, 0xFC, 0x7F,
  0xF8, 0x00, 0x07, 0xFF, 0x9F, 0xFE, 0x00, 0x01, 0xFF, 0xE7, 0xFF, 0x80,
  0x00, 0x7F, 0xF9, 0xFF, 0xE0, 0x00, 0x1F, 0xFE, 0x7F, 0xF8, 0x00, 0x07,
  0xFF, 0x9F, 0xFC, 0x00, 0x00, 0xFF, 0xEF, 0xFF, 0x00, 0x00, 0x3F, 0xFF,
  0xFF, 0xC0, 0x00, 0x0F, 0xFF, 0xFF, 0xF0, 0x00, 0x03, 0xFF, 0xFF, 0xFC,
  0x00, 0x00, 0xFF, 0xFF, 0xFF, 0x00, 0x00, 0x3F, 0xFF, 0xFF, 0xC0, 0x00,
  0x0F, 0xFF, 0xFF, 0xF0, 0x00, 0x03, 0xFF, 0xFF, 0xFC, 0x00, 0x00, 0xFF,
  0xFF, 0xFF, 0x00, 0x00, 0x3F, 0xFF, 0xFF, 0xC0, 0x00, 0x0F, 0xFF, 0xFF,
  0xF0, 0x00, 0x03, 0xFF, 0xFF, 0xFC, 0x00, 0x00, 0xFF, 0xFF, 0xFF, 0x00,
  0x00, 0x3F, 0xFF, 0xFF, 0xC0, 0x00, 0x0F, 0xFF, 0xFF, 0xF0, 0x00, 0x03,
  0xFF, 0xFF, 0xFC, 0x00, 0x00, 0xFF, 0xFF, 0xFF, 0x00, 0x00, 0x3F, 0xFF,
  0xFF, 0xC0, 0x00, 0x0F, 0xFF, 0x7F, 0xF8, 0x00, 0x07, 0xFF, 0x9F, 0xFE,
  0x00, 0x01, 0xFF, 0xE7, 0xFF, 0x80, 0x00, 0x7F, 0xF9, 0xFF, 0xE0, 0x00,
  0x1F, 0xFE, 0x7F, 0xF8, 0x00, 0x07, 0xFF, 0x9F, 0xFE, 0x00, 0x01, 0xFF,
  0xE3, 0xFF, 0xC0, 0x00, 0xFF, 0xF0, 0xFF, 0xF0, 0x00, 0x3F, 0xFC, 0x3F,
  0xFE, 0x00, 0x1F, 0xFF, 0x07, 0xFF, 0x80, 0x07, 0xFF, 0x81, 0xFF, 0xF0,
  0x03, 0xFF, 0xE0, 0x7F, 0xFF, 0x03, 0xFF, 0xF8, 0x0F, 0xFF, 0xFF, 0xFF,
  0xFC, 0x03, 0xFF, 0xFF, 0xFF, 0xFF, 0x00, 0x7F, 0xFF, 0xFF, 0xFF, 0x80,
  0x0F, 0xFF, 0xFF, 0xFF, 0xC0, 0x03, 0xFF, 0xFF, 0xFF, 0xE0, 0x00, 0x7F,
  0xFF, 0xFF, 0xF0, 0x00, 0x07, 0xFF, 0xFF, 0xF8, 0x00, 0x00, 0xFF, 0xFF,
  0xFC, 0x00, 0x00, 0x0F, 0xFF, 0xFC, 0x00, 0x00, 0x00, 0x3F, 0xF0, 0x00,
  0x00, 0x00, 0x00, 0xFF, 0xC0, 0x00, 0x3F, 0xF0, 0x00, 0x0F, 0xFC, 0x00,
  0x07, 0xFF, 0x00, 0x01, 0xFF, 0xC0, 0x00, 0xFF, 0xF0, 0x00, 0x3F, 0xFC,
  0x00, 0x1F, 0xFF, 0x00, 0x0F, 0xFF, 0xC0, 0x0F, 0xFF, 0xF0, 0x3F, 0xFF,
  0xFF, 0xFF, 0xFF, 0xFF, 0xFF, 0xFF, 0xFF, 0xFF, 0xFF, 0xFF, 0xFF, 0xFF,
  0xFF, 0xFF, 0xFF, 0xFF, 0xFF, 0xFF, 0xFF, 0xFF, 0xFF, 0xFF, 0xFF, 0xFF,
  0xFF, 0xFF, 0xFC, 0x00, 0x0F, 0xFF, 0x00, 0x03, 0xFF, 0xC0, 0x00, 0xFF,
  0xF0, 0x00, 0x3F, 0xFC, 0x00, 0x0F, 0xFF, 0x00, 0x03, 0xFF, 0xC0, 0x00,
  0xFF, 0xF0, 0x00, 0x3F, 0xFC, 0x00, 0x0F, 0xFF, 0x00, 0x03, 0xFF, 0xC0,
  0x00, 0xFF, 0xF0, 0x00, 0x3F, 0xFC, 0x00, 0x0F, 0xFF, 0x00, 0x03, 0xFF,
  0xC0, 0x00, 0xFF, 0xF0, 0x00, 0x3F, 0xFC, 0x00, 0x0F, 0xFF, 0x00, 0x03,
  0xFF, 0xC0, 0x00, 0xFF, 0xF0, 0x00, 0x3F, 0xFC, 0x00, 0x0F, 0xFF, 0x00,
  0x03, 0xFF, 0xC0, 0x00, 0xFF, 0xF0, 0x00, 0x3F, 0xFC, 0x00, 0x0F, 0xFF,
  0x00, 0x03, 0xFF, 0xC0, 0x00, 0xFF, 0xF0, 0x00, 0x3F, 0xFC, 0x00, 0x0F,
  0xFF, 0x00, 0x03, 0xFF, 0xC0, 0x00, 0xFF, 0xF0, 0x00, 0x3F, 0xFC, 0x00,
  0x0F, 0xFF, 0x00, 0x03, 0xFF, 0xC0, 0x00, 0xFF, 0xF0, 0x00, 0x3F, 0xFC,
  0x00, 0x0F, 0xFF, 0x00, 0x03, 0xFF, 0xC0, 0x00, 0xFF, 0xF0, 0x00, 0x3F,
  0xFC, 0x00, 0x0F, 0xFF, 0x00, 0x00, 0xFF, 0xC0, 0x00, 0x00, 0x03, 0xFF,
  0xFF, 0x00, 0x00, 0x03, 0xFF, 0xFF, 0xF0, 0x00, 0x01, 0xFF, 0xFF, 0xFF,
  0x00, 0x01, 0xFF, 0xFF, 0xFF, 0xE0, 0x00, 0xFF, 0xFF, 0xFF, 0xFC, 0x00,
  0x3F, 0xFF, 0xFF, 0xFF, 0x80, 0x1F, 0xFF, 0xFF, 0xFF, 0xF0, 0x0F, 0xFF,
  0xFF, 0xFF, 0xFE, 0x03, 0xFF, 0xFF, 0xFF, 0xFF, 0xC1, 0xFF, 0xFE, 0x07,
  0xFF, 0xF0, 0x7F, 0xFC, 0x00, 0x7F, 0xFC, 0x3F, 0xFE, 0x00, 0x0F, 0xFF,
  0x8F, 0xFF, 0x80, 0x03, 0xFF, 0xE3, 0xFF, 0xC0, 0x00, 0x7F, 0xF8, 0xFF,
  0xF0, 0x00, 0x1F, 0xFF, 0x3F, 0xFC, 0x00, 0x03, 0xFF, 0xDF, 0xFE, 0x00,
  0x00, 0xFF, 0xF7, 0xFF, 0x80, 0x00, 0x3F, 0xFD, 0xFF, 0xE0, 0x00, 0x0F,
  0xFF, 0x7F, 0xF8, 0x00, 0x03, 0xFF, 0xDF, 0xFE, 0x00, 0x00, 0xFF, 0xF0,
  0x00, 0x00, 0x00, 0x3F, 0xFC, 0x00, 0x00, 0x00, 0x1F, 0xFF, 0x00, 0x00,
  0x00, 0x07, 0xFF, 0x80, 0x00, 0x00, 0x03, 0xFF, 0xE0, 0x00, 0x00, 0x00,
  0xFF, 0xF8, 0x00, 0x00, 0x00, 0x7F, 0xFC, 0x00, 0x00, 0x00, 0x3F, 0xFF,
  0x00, 0x00, 0x00, 0x1F, 0xFF, 0xC0, 0x00, 0x00, 0x0F, 0xFF, 0xE0, 0x00,
  0x00, 0x0F, 0xFF, 0xF0, 0x00, 0x00, 0x07, 0xFF, 0xF8, 0x00, 0x00, 0x03,
  0xFF, 0xFE, 0x00, 0x00, 0x03, 0xFF, 0xFF, 0x00, 0x00, 0x01, 0xFF, 0xFF,
  0x80, 0x00, 0x00, 0xFF, 0xFF, 0x80, 0x00, 0x00, 0xFF, 0xFF, 0xC0, 0x00,
  0x00, 0x7F, 0xFF, 0xE0, 0x00, 0x00, 0x3F, 0xFF, 0xF0, 0x00, 0x00, 0x1F,
  0xFF, 0xF0, 0x00, 0x00, 0x1F, 0xFF, 0xF8, 0x00, 0x00, 0x0F, 0xFF, 0xF8,
  0x00, 0x00, 0x07, 0xFF, 0xFC, 0x00, 0x00, 0x03, 0xFF, 0xFE, 0x00, 0x00,
  0x00, 0xFF, 0xFE, 0x00, 0x00, 0x00, 0x7F, 0xFF, 0x00, 0x00, 0x00, 0x3F,
  0xFF, 0x80, 0x00, 0x00, 0x0F, 0xFF, 0xC0, 0x00, 0x00, 0x07, 0xFF, 0xE0,
  0x00, 0x00, 0x01, 0xFF, 0xF0, 0x00, 0x00, 0x00, 0xFF, 0xFF, 0xFF, 0xFF,
  0xFF, 0x3F, 0xFF, 0xFF, 0xFF, 0xFF, 0xDF, 0xFF, 0xFF, 0xFF, 0xFF, 0xF7,
  0xFF, 0xFF, 0xFF, 0xFF, 0xFD, 0xFF, 0xFF, 0xFF, 0xFF, 0xFF, 0x7F, 0xFF,
  0xFF, 0xFF, 0xFF, 0xFF, 0xFF, 0xFF, 0xFF, 0xFF, 0xFF, 0xFF, 0xFF, 0xFF,
  0xFF, 0xFF, 0xFF, 0xFF, 0xFF, 0xFF, 0xFF, 0xFF, 0xFF, 0xFF, 0xFF, 0xFF,
  0xC0, 0x00, 0x01, 0xFF, 0xC0, 0x00, 0x00, 0x03, 0xFF, 0xFF, 0x00, 0x00,
  0x03, 0xFF, 0xFF, 0xF0, 0x00, 0x03, 0xFF, 0xFF, 0xFE, 0x00, 0x01, 0xFF,
  0xFF, 0xFF, 0xE0, 0x00, 0xFF, 0xFF, 0xFF, 0xFC, 0x00, 0x7F, 0xFF, 0xFF,
  0xFF, 0x80, 0x1F, 0xFF, 0xFF, 0xFF, 0xE0, 0x0F, 0xFF, 0xFF, 0xFF, 0xFC,
  0x07, 0xFF, 0xFF, 0xFF, 0xFF, 0x81, 0xFF, 0xFC, 0x0F, 0xFF, 0xE0, 0xFF,
  0xFC, 0x01, 0xFF, 0xF8, 0x3F, 0xFE, 0x00, 0x3F, 0xFF, 0x0F, 0xFF, 0x00,
  0x07, 0xFF, 0xC3, 0xFF, 0xC0, 0x01, 0xFF, 0xF1, 0xFF, 0xF0, 0x00, 0x3F,
  0xFC, 0x7F, 0xF8, 0x00, 0x0F, 0xFF, 0x1F, 0xFE, 0x00, 0x03, 0xFF, 0xC7,
  0xFF, 0x80, 0x00, 0xFF, 0xF1, 0xFF, 0xE0, 0x00, 0x3F, 0xFC, 0x00, 0x00,
  0x00, 0x0F, 0xFF, 0x00, 0x00, 0x00, 0x07, 0xFF, 0x80, 0x00, 0x00, 0x01,
  0xFF, 0xE0, 0x00, 0x00, 0x00, 0xFF, 0xF0, 0x00, 0x00, 0x00, 0x7F, 0xFC,
  0x00, 0x00, 0x00, 0xFF, 0xFE, 0x00, 0x00, 0x0F, 0xFF, 0xFF, 0x00, 0x00,
  0x03, 0xFF, 0xFF, 0x80, 0x00, 0x00, 0xFF, 0xFF, 0xC0, 0x00, 0x00, 0x3F,
  0xFF, 0xF8, 0x00, 0x00, 0x0F, 0xFF, 0xFF, 0x00, 0x00, 0x03, 0xFF, 0xFF,
  0xE0, 0x00, 0x00, 0xFF, 0xFF, 0xFC, 0x00, 0x00, 0x3F, 0xFF, 0xFF, 0x80,
  0x00, 0x0F, 0xFF, 0xFF, 0xF0, 0x00, 0x00, 0x07, 0xFF, 0xFC, 0x00, 0x00,
  0x00, 0x3F, 0xFF, 0x80, 0x00, 0x00, 0x03, 0xFF, 0xE0, 0x00, 0x00, 0x00,
  0xFF, 0xF8, 0x00, 0x00, 0x00, 0x1F, 0xFF, 0x00, 0x00, 0x00, 0x03, 0xFF,
  0xFF, 0xFC, 0x00, 0x00, 0xFF, 0xFF, 0xFF, 0x00, 0x00, 0x3F, 0xFF, 0xFF,
  0xC0, 0x00, 0x0F, 0xFF, 0xFF, 0xF0, 0x00, 0x03, 0xFF, 0xFF, 0xFE, 0x00,
  0x00, 0xFF, 0xF7, 0xFF, 0x80, 0x00, 0x3F, 0xFD, 0xFF, 0xE0, 0x00, 0x1F,
  0xFE, 0x7F, 0xFC, 0x00, 0x07, 0xFF, 0x9F, 0xFF, 0x80, 0x03, 0xFF, 0xE3,
  0xFF, 0xF0, 0x03, 0xFF, 0xF0, 0xFF, 0xFF, 0x03, 0xFF, 0xFC, 0x1F, 0xFF,
  0xFF, 0xFF, 0xFE, 0x07, 0xFF, 0xFF, 0xFF, 0xFF, 0x80, 0xFF, 0xFF, 0xFF,
  0xFF, 0xC0, 0x3F, 0xFF, 0xFF, 0xFF, 0xE0, 0x07, 0xFF, 0xFF, 0xFF, 0xF0,
  0x00, 0xFF, 0xFF, 0xFF, 0xF8, 0x00, 0x0F, 0xFF, 0xFF, 0xFC, 0x00, 0x01,
  0xFF, 0xFF, 0xFC, 0x00, 0x00, 0x1F, 0xFF, 0xFC, 0x00, 0x00, 0x00, 0x7F,
  0xF0, 0x00, 0x00, 0x00, 0x00, 0x03, 0xFF, 0xF0, 0x00, 0x00, 0x00, 0xFF,
  0xFE, 0x00, 0x00, 0x00, 0x1F, 0xFF, 0xC0, 0x00, 0x00, 0x07, 0xFF, 0xF8,
  0x00, 0x00, 0x00, 0xFF, 0xFF, 0x00, 0x00, 0x00, 0x3F, 0xFF, 0xE0, 0x00,
  0x00, 0x0F, 0xFF, 0xFC, 0x00, 0x00, 0x01, 0xFF, 0xFF, 0x80, 0x00, 0x00,
  0x7F, 0xFF, 0xF0, 0x00, 0x00, 0x1F, 0xFF, 0xFE, 0x00, 0x00, 0x03, 0xFF,
  0xFF, 0xC0, 0x00, 0x00, 0xFF, 0xFF, 0xF8, 0x00, 0x00, 0x1F, 0xFF, 0xFF,
  0x00, 0x00, 0x07, 0xFD, 0xFF, 0xE0, 0x00, 0x01, 0xFF, 0xBF, 0xFC, 0x00,
  0x00, 0x3F, 0xE7, 0xFF, 0x80, 0x00, 0x0F, 0xF8, 0xFF, 0xF0, 0x00, 0x03,
  0xFF, 0x1F, 0xFE, 0x00, 0x00, 0x7F, 0xC3, 0xFF, 0xC0, 0x00, 0x1F, 0xF0,
  0x7F, 0xF8, 0x00, 0x03, 0xFE, 0x0F, 0xFF, 0x00, 0x00, 0xFF, 0x81, 0xFF,
  0xE0, 0x00, 0x3F, 0xF0, 0x3F, 0xFC, 0x00, 0x07, 0xFC, 0x07, 0xFF, 0x80,
  0x01, 0xFF, 0x00, 0xFF, 0xF0, 0x00, 0x7F, 0xE0, 0x1F, 0xFE, 0x00, 0x0F,
  0xF8, 0x03, 0xFF, 0xC0, 0x03, 0xFF, 0x00, 0x7F, 0xF8, 0x00, 0x7F, 0xC0,
  0x0F, 0xFF, 0x00, 0x1F, 0xF0, 0x01, 0xFF, 0xE0, 0x07, 0xFE, 0x00, 0x3F,
  0xFC, 0x00, 0xFF, 0x80, 0x07, 0xFF, 0x80, 0x3F, 0xE0, 0x00, 0xFF, 0xF0,
  0x0F, 0xFC, 0x00, 0x1F, 0xFE, 0x01, 0xFF, 0x00, 0x03, 0xFF, 0xC0, 0x7F,
  0xE0, 0x00, 0x7F, 0xF8, 0x0F, 0xF8, 0x00, 0x0F, 0xFF, 0x01, 0xFF, 0xFF,
  0xFF, 0xFF, 0xFF, 0xFF, 0xFF, 0xFF, 0xFF, 0xFF, 0xFF, 0xFF, 0xFF, 0xFF,
  0xFF, 0xFF, 0xFF, 0xFF, 0xFF, 0xFF, 0xFF, 0xFF, 0xFF, 0xFF, 0xFF, 0xFF,
  0xFF, 0xFF, 0xFF, 0xFF, 0xFF, 0xFF, 0xFF, 0xFF, 0xFF, 0xFF, 0xFF, 0xFF,
  0xFF, 0xFF, 0xFF, 0xFF, 0xFF, 0xFF, 0xFF, 0xFF, 0xFF, 0xFF, 0xFF, 0xFF,
  0xFF, 0xFF, 0xFF, 0xF8, 0x00, 0x00, 0x07, 0xFF, 0x80, 0x00, 0x00, 0x00,
  0xFF, 0xF0, 0x00, 0x00, 0x00, 0x1F, 0xFE, 0x00, 0x00, 0x00, 0x03, 0xFF,
  0xC0, 0x00, 0x00, 0x00, 0x7F, 0xF8, 0x00, 0x00, 0x00, 0x0F, 0xFF, 0x00,
  0x00, 0x00, 0x01, 0xFF, 0xE0, 0x00, 0x00, 0x00, 0x3F, 0xFC, 0x00, 0x00,
  0x00, 0x07, 0xFF, 0x80, 0x00, 0x00, 0x00, 0xFF, 0xF0, 0x00, 0x00, 0x00,
  0x1F, 0xFE, 0x00, 0x00, 0x00, 0x03, 0xFF, 0xC0, 0x00, 0x00, 0x00, 0x7F,
  0xF8, 0x00, 0x03, 0xFF, 0xFF, 0xFF, 0xFF, 0x00, 0xFF, 0xFF, 0xFF, 0xFF,
  0xC0, 0x3F, 0xFF, 0xFF, 0xFF, 0xF0, 0x0F, 0xFF, 0xFF, 0xFF, 0xFC, 0x03,
  0xFF, 0xFF, 0xFF, 0xFF, 0x00, 0xFF, 0xFF, 0xFF, 0xFF, 0xC0, 0x3F, 0xFF,
  0xFF, 0xFF, 0xF0, 0x1F, 0xFF, 0xFF, 0xFF, 0xFC, 0x07, 0xFF, 0xFF, 0xFF,
  0xFF, 0x01, 0xFF, 0xFF, 0xFF, 0xFF, 0xC0, 0x7F, 0xE0, 0x00, 0x00, 0x00,
  0x1F, 0xF8, 0x00, 0x00, 0x00, 0x07, 0xFE, 0x00, 0x00, 0x00, 0x01, 0xFF,
  0x00, 0x00, 0x00, 0x00, 0xFF, 0xC0, 0x00, 0x00, 0x00, 0x3F, 0xF0, 0x00,
  0x00, 0x00, 0x0F, 0xFC, 0x00, 0x00, 0x00, 0x03, 0xFF, 0x00, 0x00, 0x00,
  0x00, 0xFF, 0xC0, 0x00, 0x00, 0x00, 0x3F, 0xE0, 0x00, 0x00, 0x00, 0x0F,
  0xF8, 0x1F, 0xF0, 0x00, 0x03, 0xFE, 0x3F, 0xFF, 0x80, 0x01, 0xFF, 0xBF,
  0xFF, 0xF8, 0x00, 0x7F, 0xFF, 0xFF, 0xFF, 0x80, 0x1F, 0xFF, 0xFF, 0xFF,
  0xF0, 0x07, 0xFF, 0xFF, 0xFF, 0xFE, 0x01, 0xFF, 0xFF, 0xFF, 0xFF, 0xC0,
  0x7F, 0xFF, 0xFF, 0xFF, 0xF8, 0x1F, 0xFF, 0xFF, 0xFF, 0xFE, 0x0F, 0xFF,
  0xFF, 0xFF, 0xFF, 0xC3, 0xFF, 0xFC, 0x0F, 0xFF, 0xF0, 0xFF, 0xF8, 0x00,
  0xFF, 0xFE, 0x3F, 0xFC, 0x00, 0x1F, 0xFF, 0x8F, 0xFF, 0x00, 0x03, 0xFF,
  0xE0, 0x1F, 0x80, 0x00, 0x7F, 0xFC, 0x00, 0x00, 0x00, 0x1F, 0xFF, 0x00,
  0x00, 0x00, 0x07, 0xFF, 0xC0, 0x00, 0x00, 0x00, 0xFF, 0xF0, 0x00, 0x00,
  0x00, 0x3F, 0xFC, 0x00, 0x00, 0x00, 0x0F, 0xFF, 0x00, 0x00, 0x00, 0x03,
  0xFF, 0xC0, 0x00, 0x00, 0x00, 0xFF, 0xF0, 0x00, 0x00, 0x00, 0x3F, 0xFF,
  0xFF, 0xC0, 0x00, 0x0F, 0xFF, 0xFF, 0xF0, 0x00, 0x07, 0xFF, 0xBF, 0xFE,
  0x00, 0x01, 0xFF, 0xEF, 0xFF, 0x80, 0x00, 0x7F, 0xF9, 0xFF, 0xF0, 0x00,
  0x3F, 0xFE, 0x7F, 0xFC, 0x00, 0x1F, 0xFF, 0x1F, 0xFF, 0x80, 0x0F, 0xFF,
  0xC3, 0xFF, 0xF8, 0x0F, 0xFF, 0xE0, 0xFF, 0xFF, 0xFF, 0xFF, 0xF8, 0x1F,
  0xFF, 0xFF, 0xFF, 0xFC, 0x07, 0xFF, 0xFF, 0xFF, 0xFE, 0x00, 0xFF, 0xFF,
  0xFF, 0xFF, 0x80, 0x1F, 0xFF, 0xFF, 0xFF, 0xC0, 0x03, 0xFF, 0xFF, 0xFF,
  0xE0, 0x00, 0x3F, 0xFF, 0xFF, 0xE0, 0x00, 0x07, 0xFF, 0xFF, 0xF0, 0x00,
  0x00, 0x3F, 0xFF, 0xE0, 0x00, 0x00, 0x01, 0xFF, 0xC0, 0x00, 0x00, 0x00,
  0x00, 0x7F, 0xE0, 0x00, 0x00, 0x00, 0xFF, 0xFF, 0x80, 0x00, 0x00, 0xFF,
  0xFF, 0xF8, 0x00, 0x00, 0xFF, 0xFF, 0xFF, 0x00, 0x00, 0x7F, 0xFF, 0xFF,
  0xE0, 0x00, 0x3F, 0xFF, 0xFF, 0xFC, 0x00, 0x1F, 0xFF, 0xFF, 0xFF, 0x80,
  0x0F, 0xFF, 0xFF, 0xFF, 0xF0, 0x03, 0xFF, 0xFF, 0xFF, 0xFE, 0x01, 0xFF,
  0xFF, 0xFF, 0xFF, 0x80, 0xFF, 0xFE, 0x07, 0xFF, 0xF0, 0x3F, 0xFE, 0x00,
  0x7F, 0xFC, 0x1F, 0xFF, 0x00, 0x0F, 0xFF, 0x07, 0xFF, 0x80, 0x03, 0xFF,
  0xE3, 0xFF, 0xE0, 0x00, 0x7F, 0xF8, 0xFF, 0xF0, 0x00, 0x1F, 0xFE, 0x3F,
  0xFC, 0x00, 0x00, 0x00, 0x0F, 0xFF, 0x00, 0x00, 0x00, 0x07, 0xFF, 0x80,
  0x00, 0x00, 0x01, 0xFF, 0xE0, 0x00, 0x00, 0x00, 0x7F, 0xF8, 0x00, 0x00,
  0x00, 0x1F, 0xFE, 0x00, 0x00, 0x00, 0x07, 0xFF, 0x81, 0xFF, 0x00, 0x03,
  0xFF, 0xC1, 0xFF, 0xF8, 0x00, 0xFF, 0xF1, 0xFF, 0xFF, 0x80, 0x3F, 0xFC,
  0xFF, 0xFF, 0xF8, 0x0F, 0xFF, 0x7F, 0xFF, 0xFF, 0x03, 0xFF, 0xFF, 0xFF,
  0xFF, 0xE0, 0xFF, 0xFF, 0xFF, 0xFF, 0xFC, 0x3F, 0xFF, 0xFF, 0xFF, 0xFF,
  0x8F, 0xFF, 0xFF, 0xFF, 0xFF, 0xE3, 0xFF, 0xFF, 0xFF, 0xFF, 0xFC, 0xFF,
  0xFF, 0xC0, 0xFF, 0xFF, 0x3F, 0xFF, 0xC0, 0x0F, 0xFF, 0xEF, 0xFF, 0xE0,
  0x01, 0xFF, 0xFB, 0xFF, 0xF0, 0x00, 0x3F, 0xFE, 0xFF, 0xF8, 0x00, 0x07,
  0xFF, 0xFF, 0xFE, 0x00, 0x01, 0xFF, 0xFF, 0xFF, 0x00, 0x00, 0x3F, 0xFF,
  0xFF, 0xC0, 0x00, 0x0F, 0xFF, 0xFF, 0xF0, 0x00, 0x03, 0xFF, 0xDF, 0xFC,
  0x00, 0x00, 0xFF, 0xF7, 0xFF, 0x00, 0x00, 0x3F, 0xFD, 0xFF, 0xC0, 0x00,
  0x0F, 0xFF, 0x7F, 0xF0, 0x00, 0x03, 0xFF, 0xDF, 0xFE, 0x00, 0x00, 0xFF,
  0xF3, 0xFF, 0x80, 0x00, 0x7F, 0xF8, 0xFF, 0xE0, 0x00, 0x1F, 0xFE, 0x3F,
  0xFC, 0x00, 0x0F, 0xFF, 0x87, 0xFF, 0x80, 0x07, 0xFF, 0xC1, 0xFF, 0xF0,
  0x03, 0xFF, 0xF0, 0x3F, 0xFF, 0x03, 0xFF, 0xFC, 0x0F, 0xFF, 0xFF, 0xFF,
  0xFE, 0x01, 0xFF, 0xFF, 0xFF, 0xFF, 0x00, 0x3F, 0xFF, 0xFF, 0xFF, 0xC0,
  0x0F, 0xFF, 0xFF, 0xFF, 0xE0, 0x01, 0xFF, 0xFF, 0xFF, 0xF0, 0x00, 0x3F,
  0xFF, 0xFF, 0xF8, 0x00, 0x03, 0xFF, 0xFF, 0xFC, 0x00, 0x00, 0x7F, 0xFF,
  0xFC, 0x00, 0x00, 0x07, 0xFF, 0xFC, 0x00, 0x00, 0x00, 0x3F, 0xF8, 0x00,
  0x00, 0xFF, 0xFF, 0xFF, 0xFF, 0xFF, 0xFF, 0xFF, 0xFF, 0xFF, 0xFF, 0xFF,
  0xFF, 0xFF, 0xFF, 0xFF, 0xFF, 0xFF, 0xFF, 0xFF, 0xFF, 0xFF, 0xFF, 0xFF,
  0xFF, 0xFF, 0xFF, 0xFF, 0xFF, 0xFF, 0xFF, 0xFF, 0xFF, 0xFF, 0xFF, 0xFF,
  0xFF, 0xFF, 0xFF, 0xFF, 0xFF, 0xFF, 0xFF, 0xFF, 0xFF, 0xFF, 0xFF, 0xFF,
  0xFF, 0xFF, 0xFF, 0xFF, 0xFF, 0xE0, 0x00, 0x00, 0x00, 0x7F, 0xF0, 0x00,
  0x00, 0x00, 0x3F, 0xFC, 0x00, 0x00, 0x00, 0x1F, 0xFE, 0x00, 0x00, 0x00,
  0x0F, 0xFF, 0x00, 0x00, 0x00, 0x03, 0xFF, 0x80, 0x00, 0x00, 0x01, 0xFF,
  0xC0, 0x00, 0x00, 0x00, 0xFF, 0xF0, 0x00, 0x00, 0x00, 0x7F, 0xF8, 0x00,
  0x00, 0x00, 0x1F, 0xFC, 0x00, 0x00, 0x00, 0x0F, 0xFF, 0x00, 0x00, 0x00,
  0x07, 0xFF, 0x80, 0x00, 0x00, 0x01, 0xFF, 0xC0, 0x00, 0x00, 0x00, 0xFF,
  0xF0, 0x00, 0x00, 0x00, 0x3F, 0xF8, 0x00, 0x00, 0x00, 0x1F, 0xFE, 0x00,
  0x00, 0x00, 0x0F, 0xFF, 0x00, 0x00, 0x00, 0x03, 0xFF, 0x80, 0x00, 0x00,
  0x01, 0xFF, 0xE0, 0x00, 0x00, 0x00, 0x7F, 0xF0, 0x00, 0x00, 0x00, 0x3F,
  0xFC, 0x00, 0x00, 0x00, 0x0F, 0xFE, 0x00, 0x00, 0x00, 0x07, 0xFF, 0x80,
  0x00, 0x00, 0x01, 0xFF, 0xE0, 0x00, 0x00, 0x00, 0xFF, 0xF0, 0x00, 0x00,
  0x00, 0x3F, 0xFC, 0x00, 0x00, 0x00, 0x0F, 0xFE, 0x00, 0x00, 0x00, 0x07,
  0xFF, 0x80, 0x00, 0x00, 0x01, 0xFF, 0xE0, 0x00, 0x00, 0x00, 0xFF, 0xF0,
  0x00, 0x00, 0x00, 0x3F, 0xFC, 0x00, 0x00, 0x00, 0x0F, 0xFF, 0x00, 0x00,
  0x00, 0x07, 0xFF, 0x80, 0x00, 0x00, 0x01, 0xFF, 0xE0, 0x00, 0x00, 0x00,
  0x7F, 0xF8, 0x00, 0x00, 0x00, 0x3F, 0xFE, 0x00, 0x00, 0x00, 0x0F, 0xFF,
  0x00, 0x00, 0x00, 0x03, 0xFF, 0xC0, 0x00, 0x00, 0x00, 0xFF, 0xF0, 0x00,
  0x00, 0x00, 0x7F, 0xFC, 0x00, 0x00, 0x00, 0x1F, 0xFE, 0x00, 0x00, 0x00,
  0x07, 0xFF, 0x80, 0x00, 0x00, 0x01, 0xFF, 0xE0, 0x00, 0x00, 0x00, 0x7F,
  0xF8, 0x00, 0x00, 0x00, 0x1F, 0xFE, 0x00, 0x00, 0x00, 0x0F, 0xFF, 0x00,
  0x00, 0x00, 0x03, 0xFF, 0xC0, 0x00, 0x00, 0x00, 0xFF, 0xF0, 0x00, 0x00,
  0x00, 0x3F, 0xFC, 0x00, 0x00, 0x00, 0x0F, 0xFF, 0x00, 0x00, 0x00, 0x03,
  0xFF, 0xC0, 0x00, 0x00, 0x00, 0x01, 0xFF, 0xE0, 0x00, 0x00, 0x03, 0xFF,
  0xFF, 0x00, 0x00, 0x07, 0xFF, 0xFF, 0xF8, 0x00, 0x03, 0xFF, 0xFF, 0xFF,
  0x00, 0x03, 0xFF, 0xFF, 0xFF, 0xE0, 0x01, 0xFF, 0xFF, 0xFF, 0xFE, 0x00,
  0xFF, 0xFF, 0xFF, 0xFF, 0x80, 0x3F, 0xFF, 0xFF, 0xFF, 0xF0, 0x1F, 0xFF,
  0xFF, 0xFF, 0xFE, 0x0F, 0xFF, 0xFF, 0xFF, 0xFF, 0x83, 0xFF, 0xFC, 0x0F,
  0xFF, 0xF0, 0xFF, 0xFC, 0x00, 0xFF, 0xFC, 0x7F, 0xFE, 0x00, 0x1F, 0xFF,
  0x9F, 0xFF, 0x00, 0x03, 0xFF, 0xE7, 0xFF, 0x80, 0x00, 0xFF, 0xF9, 0xFF,
  0xE0, 0x00, 0x1F, 0xFE, 0x7F, 0xF8, 0x00, 0x07, 0xFF, 0x9F, 0xFE, 0x00,
  0x01, 0xFF, 0xE7, 0xFF, 0x80, 0x00, 0x7F, 0xF9, 0xFF, 0xE0, 0x00, 0x1F,
  0xFE, 0x3F, 0xFC, 0x00, 0x0F, 0xFF, 0x0F, 0xFF, 0x00, 0x03, 0xFF, 0xC3,
  0xFF, 0xE0, 0x01, 0xFF, 0xF0, 0x7F, 0xFC, 0x00, 0xFF, 0xF8, 0x1F, 0xFF,
  0xC0, 0xFF, 0xFE, 0x03, 0xFF, 0xFF, 0xFF, 0xFF, 0x00, 0x7F, 0xFF, 0xFF,
  0xFF, 0x80, 0x0F, 0xFF, 0xFF, 0xFF, 0xC0, 0x00, 0xFF, 0xFF, 0xFF, 0xC0,
  0x00, 0x7F, 0xFF, 0xFF, 0xF8, 0x00, 0x3F, 0xFF, 0xFF, 0xFF, 0x00, 0x1F,
  0xFF, 0xFF, 0xFF, 0xE0, 0x0F, 0xFF, 0xFF, 0xFF, 0xFC, 0x07, 0xFF, 0xFF,
  0xFF, 0xFF, 0x83, 0xFF, 0xF8, 0x0F, 0xFF, 0xE0, 0xFF, 0xF8, 0x00, 0x7F,
  0xFC, 0x7F, 0xFC, 0x00, 0x0F, 0xFF, 0x1F, 0xFE, 0x00, 0x01, 0xFF, 0xE7,
  0xFF, 0x80, 0x00, 0x7F, 0xFB, 0xFF, 0xC0, 0x00, 0x1F, 0xFE, 0xFF, 0xF0,
  0x00, 0x03, 0xFF, 0xFF, 0xFC, 0x00, 0x00, 0xFF, 0xFF, 0xFF, 0x00, 0x00,
  0x3F, 0xFF, 0xFF, 0xC0, 0x00, 0x0F, 0xFF, 0xFF, 0xF0, 0x00, 0x03, 0xFF,
  0xFF, 0xFC, 0x00, 0x00, 0xFF, 0xFF, 0xFF, 0x00, 0x00, 0x7F, 0xFF, 0xFF,
  0xE0, 0x00, 0x1F, 0xFF, 0xFF, 0xF8, 0x00, 0x07, 0xFF, 0x9F, 0xFF, 0x00,
  0x03, 0xFF, 0xE7, 0xFF, 0xE0, 0x01, 0xFF, 0xF8, 0xFF, 0xFF, 0x03, 0xFF,
  0xFC, 0x3F, 0xFF, 0xFF, 0xFF, 0xFF, 0x07, 0xFF, 0xFF, 0xFF, 0xFF, 0x81,
  0xFF, 0xFF, 0xFF, 0xFF, 0xC0, 0x3F, 0xFF, 0xFF, 0xFF, 0xF0, 0x07, 0xFF,
  0xFF, 0xFF, 0xF8, 0x00, 0xFF, 0xFF, 0xFF, 0xFC, 0x00, 0x1F, 0xFF, 0xFF,
  0xFC, 0x00, 0x01, 0xFF, 0xFF, 0xFC, 0x00, 0x00, 0x1F, 0xFF, 0xFC, 0x00,
  0x00, 0x00, 0x7F, 0xF0, 0x00, 0x00, 0x00, 0x01, 0xFF, 0x80, 0x00, 0x00,
  0x03, 0xFF, 0xFE, 0x00, 0x00, 0x03, 0xFF, 0xFF, 0xE0, 0x00, 0x03, 0xFF,
  0xFF, 0xFE, 0x00, 0x01, 0xFF, 0xFF, 0xFF, 0xC0, 0x00, 0xFF, 0xFF, 0xFF,
  0xF8, 0x00, 0x7F, 0xFF, 0xFF, 0xFF, 0x00, 0x3F, 0xFF, 0xFF, 0xFF, 0xE0,
  0x0F, 0xFF, 0xFF, 0xFF, 0xF8, 0x07, 0xFF, 0xFF, 0xFF, 0xFF, 0x03, 0xFF,
  0xFC, 0x0F, 0xFF, 0xC0, 0xFF, 0xFC, 0x00, 0xFF, 0xF8, 0x3F, 0xFE, 0x00,
  0x1F, 0xFE, 0x1F, 0xFF, 0x00, 0x03, 0xFF, 0xC7, 0xFF, 0x80, 0x00, 0x7F,
  0xF1, 0xFF, 0xE0, 0x00, 0x1F, 0xFC, 0xFF, 0xF0, 0x00, 0x07, 0xFF, 0xBF,
  0xFC, 0x00, 0x00, 0xFF, 0xEF, 0xFF, 0x00, 0x00, 0x3F, 0xFB, 0xFF, 0xC0,
  0x00, 0x0F, 0xFE, 0xFF, 0xF0, 0x00, 0x03, 0xFF, 0xBF, 0xFC, 0x00, 0x00,
  0xFF, 0xEF, 0xFF, 0x00, 0x00, 0x3F, 0xFF, 0xFF, 0xC0, 0x00, 0x0F, 0xFF,
  0xFF, 0xF0, 0x00, 0x03, 0xFF, 0xFF, 0xFE, 0x00, 0x01, 0xFF, 0xFF, 0xFF,
  0x80, 0x00, 0x7F, 0xFD, 0xFF, 0xF0, 0x00, 0x3F, 0xFF, 0x7F, 0xFC, 0x00,
  0x1F, 0xFF, 0xDF, 0xFF, 0x80, 0x0F, 0xFF, 0xF3, 0xFF, 0xFC, 0x0F, 0xFF,
  0xFC, 0xFF, 0xFF, 0xFF, 0xFF, 0xFF, 0x1F, 0xFF, 0xFF, 0xFF, 0xFF, 0xC7,
  0xFF, 0xFF, 0xFF, 0xFF, 0xF0, 0xFF, 0xFF, 0xFF, 0xFF, 0xFC, 0x1F, 0xFF,
  0xFF, 0xFF, 0xFF, 0x03, 0xFF, 0xFF, 0xFB, 0xFF, 0xC0, 0x7F, 0xFF, 0xFC,
  0xFF, 0xF0, 0x07, 0xFF, 0xFE, 0x3F, 0xF8, 0x00, 0x7F, 0xFE, 0x0F, 0xFE,
  0x00, 0x03, 0xFE, 0x03, 0xFF, 0x80, 0x00, 0x00, 0x01, 0xFF, 0xE0, 0x00,
  0x00, 0x00, 0x7F, 0xF8, 0x00, 0x00, 0x00, 0x1F, 0xFE, 0x00, 0x00, 0x00,
  0x07, 0xFF, 0x00, 0x00, 0x00, 0x03, 0xFF, 0xC7, 0xFF, 0x80, 0x00, 0xFF,
  0xF1, 0xFF, 0xE0, 0x00, 0x3F, 0xF8, 0x7F, 0xFC, 0x00, 0x1F, 0xFE, 0x0F,
  0xFF, 0x00, 0x0F, 0xFF, 0x83, 0xFF, 0xE0, 0x07, 0xFF, 0xC0, 0xFF, 0xFE,
  0x07, 0xFF, 0xF0, 0x1F, 0xFF, 0xFF, 0xFF, 0xF8, 0x07, 0xFF, 0xFF, 0xFF,
  0xFC, 0x00, 0xFF, 0xFF, 0xFF, 0xFF, 0x00, 0x1F, 0xFF, 0xFF, 0xFF, 0x80,
  0x03, 0xFF, 0xFF, 0xFF, 0xC0, 0x00, 0x7F, 0xFF, 0xFF, 0xE0, 0x00, 0x0F,
  0xFF, 0xFF, 0xF0, 0x00, 0x00, 0xFF, 0xFF, 0xF0, 0x00, 0x00, 0x0F, 0xFF,
  0xF0, 0x00, 0x00, 0x00, 0x7F, 0xE0, 0x00, 0x00, 0xFF, 0xFF, 0xFF, 0xFF,
  0xFF, 0xFF, 0xFF, 0xFF, 0xFF, 0xFF, 0xFF, 0xFF, 0xFF, 0xFF, 0xFF, 0xFF,
  0xFF, 0xFF, 0xFF, 0xFF, 0xFF, 0x80, 0x00, 0x00, 0x00, 0x00, 0x00, 0x00,
  0x00, 0x00, 0x00, 0x00, 0x00, 0x00, 0x00, 0x00, 0x00, 0x00, 0x00, 0x00,
  0x00, 0x00, 0x00, 0x00, 0x00, 0x00, 0x00, 0x00, 0x00, 0x00, 0x1F, 0xFF,
  0xFF, 0xFF, 0xFF, 0xFF, 0xFF, 0xFF, 0xFF, 0xFF, 0xFF, 0xFF, 0xFF, 0xFF,
  0xFF, 0xFF, 0xFF, 0xFF, 0xFF, 0xFF, 0xFF, 0xF0, 0xFF, 0xFF, 0xFF, 0xFF,
  0xFF, 0xFF, 0xFF, 0xFF, 0xFF, 0xFF, 0xFF, 0xFF, 0xFF, 0xFF, 0xFF, 0xFF,
  0xFF, 0xFF, 0xFF, 0xFF, 0xFF, 0x80, 0x00, 0x00, 0x00, 0x00, 0x00, 0x00,
  0x00, 0x00, 0x00, 0x00, 0x00, 0x00, 0x00, 0x00, 0x00, 0x00, 0x00, 0x00,
  0x00, 0x00, 0x00, 0x00, 0x00, 0x00, 0x00, 0x00, 0x00, 0x00, 0x1F, 0xFF,
  0xFF, 0xFF, 0xFF, 0xFF, 0xFF, 0xFF, 0xFF, 0xFF, 0xFF, 0xFF, 0xFF, 0xFF,
  0xFF, 0xFF, 0xFF, 0xFF, 0xFF, 0xFF, 0xFF, 0xF0, 0x0F, 0x80, 0x7C, 0x03,
  0xE0, 0x3E, 0x01, 0xF0, 0x0F, 0x80, 0xFC, 0x0F, 0xC0, 0xFE, 0x1F, 0xE3,
  0xFE, 0x1F, 0xE0, 0xFE, 0x07, 0xC0, 0x30, 0x00, 0x00, 0x00, 0x00, 0x00,
  0x00, 0x00, 0x80, 0x00, 0x00, 0x00, 0x00, 0x01, 0xC0, 0x00, 0x00, 0x00,
  0x00, 0x03, 0xE0, 0x00, 0x00, 0x00, 0x00, 0x0F, 0xF0, 0x00, 0x00, 0x00,
  0x00, 0x3F, 0xF8, 0x00, 0x00, 0x00, 0x00, 0x7F, 0xFC, 0x00, 0x00, 0x00,
  0x01, 0xFF, 0xFE, 0x00, 0x00, 0x00, 0x03, 0xFF, 0xFF, 0x00, 0x00, 0x00,
  0x0F, 0xFF, 0xFF, 0x80, 0x00, 0x00, 0x3F, 0xFF, 0xFF, 0xC0, 0x00, 0x00,
  0x7F, 0xFF, 0xFF, 0xE0, 0x00, 0x01, 0xFF, 0xFF, 0xFF, 0xF0, 0x00, 0x07,
  0xFF, 0xFF, 0xFF, 0xF0, 0x00, 0x0F, 0xFF, 0xFF, 0xFF, 0xE0, 0x00, 0x3F,
  0xFF, 0xFF, 0xFF, 0x80, 0x00, 0x7F, 0xFF, 0xFF, 0xFE, 0x00, 0x01, 0xFF,
  0xFF, 0xFF, 0xFC, 0x00, 0x07, 0xFF, 0xFF, 0xFF, 0xF0, 0x00, 0x0F, 0xFF,
  0xFF, 0xFF, 0xE0, 0x00, 0x1F, 0xFF, 0xFF, 0xFF, 0x80, 0x00, 0x0F, 0xFF,
  0xFF, 0xFE, 0x00, 0x00, 0x07, 0xFF, 0xFF, 0xFC, 0x00, 0x00, 0x03, 0xFF,
  0xFF, 0xF0, 0x00, 0x00, 0x01, 0xFF, 0xFF, 0xC0, 0x00, 0x00, 0x00, 0xFF,
  0xFF, 0xC0, 0x00, 0x00, 0x00, 0x7F, 0xFF, 0xF8, 0x00, 0x00, 0x00, 0x3F,
  0xFF, 0xFF, 0x80, 0x00, 0x00, 0x1F, 0xFF, 0xFF, 0xF0, 0x00, 0x00, 0x0F,
  0xFF, 0xFF, 0xFF, 0x00, 0x00, 0x07, 0xFF, 0xFF, 0xFF, 0xE0, 0x00, 0x00,
  0xFF, 0xFF, 0xFF, 0xFE, 0x00, 0x00, 0x1F, 0xFF, 0xFF, 0xFF, 0xE0, 0x00,
  0x01, 0xFF, 0xFF, 0xFF, 0xFC, 0x00, 0x00, 0x1F, 0xFF, 0xFF, 0xFF, 0xC0,
  0x00, 0x03, 0xFF, 0xFF, 0xFF, 0xF8, 0x00, 0x00, 0x3F, 0xFF, 0xFF, 0xFF,
  0x80, 0x00, 0x07, 0xFF, 0xFF, 0xFF, 0xF0, 0x00, 0x00, 0x7F, 0xFF, 0xFF,
  0xFC, 0x00, 0x00, 0x07, 0xFF, 0xFF, 0xFE, 0x00, 0x00, 0x00, 0xFF, 0xFF,
  0xFF, 0x00, 0x00, 0x00, 0x0F, 0xFF, 0xFF, 0x80, 0x00, 0x00, 0x00, 0xFF,
  0xFF, 0xC0, 0x00, 0x00, 0x00, 0x1F, 0xFF, 0xE0, 0x00, 0x00, 0x00, 0x01,
  0xFF, 0xF0, 0x00, 0x00, 0x00, 0x00, 0x3F, 0xF8, 0x00, 0x00, 0x00, 0x00,
  0x03, 0xFC, 0x00, 0x00, 0x00, 0x00, 0x00, 0x3E, 0x00, 0x00, 0x00, 0x00,
  0x00, 0x07, 0x00, 0x00, 0x00, 0x00, 0x00, 0x00, 0x80, 0xFF, 0xFF, 0xFF,
  0xFF, 0xFF, 0xFF, 0xFF, 0xFF, 0xFF, 0xFF, 0xFF, 0xFF, 0xFF, 0xFF, 0xFF,
  0xFF, 0xFF, 0xFF, 0xFF, 0xFF, 0xFF, 0xFF, 0xFF, 0xFF, 0xFF, 0xFF, 0xFF,
  0xFF, 0xFF, 0xFF, 0xFF, 0xFF, 0xFF, 0xFF, 0xFF, 0xFF, 0xFF, 0xFF, 0xFF,
  0xFF, 0xFF, 0xFF, 0xFF, 0xFF, 0xFF, 0xFF, 0xFF, 0xFF, 0xFF, 0xFF, 0xFF,
  0xFF, 0xFF, 0xFF, 0xFF, 0xFF, 0xFF, 0xFF, 0xFF, 0xFF, 0xFF, 0xFE, 0x00,
  0x00, 0x00, 0x00, 0x00, 0x00, 0x00, 0x00, 0x00, 0x00, 0x00, 0x00, 0x00,
  0x00, 0x00, 0x00, 0x00, 0x00, 0x00, 0x00, 0x00, 0x00, 0x00, 0x00, 0x00,
  0x00, 0x00, 0x00, 0x00, 0x00, 0x00, 0x00, 0x00, 0x00, 0x00, 0x00, 0x00,
  0x00, 0x00, 0x00, 0x00, 0x00, 0x00, 0x00, 0x00, 0x00, 0x00, 0x00, 0x00,
  0x00, 0x0F, 0xFF, 0xFF, 0xFF, 0xFF, 0xFF, 0xFF, 0xFF, 0xFF, 0xFF, 0xFF,
  0xFF, 0xFF, 0xFF, 0xFF, 0xFF, 0xFF, 0xFF, 0xFF, 0xFF, 0xFF, 0xFF, 0xFF,
  0xFF, 0xFF, 0xFF, 0xFF, 0xFF, 0xFF, 0xFF, 0xFF, 0xFF, 0xFF, 0xFF, 0xFF,
  0xFF, 0xFF, 0xFF, 0xFF, 0xFF, 0xFF, 0xFF, 0xFF, 0xFF, 0xFF, 0xFF, 0xFF,
  0xFF, 0xFF, 0xFF, 0xFF, 0xFF, 0xFF, 0xFF, 0xFF, 0xFF, 0xFF, 0xFF, 0xFF,
  0xFF, 0xFF, 0xFF, 0xE0, 0x80, 0x00, 0x00, 0x00, 0x00, 0x00, 0x70, 0x00,
  0x00, 0x00, 0x00, 0x00, 0x3E, 0x00, 0x00, 0x00, 0x00, 0x00, 0x1F, 0xE0,
  0x00, 0x00, 0x00, 0x00, 0x0F, 0xFC, 0x00, 0x00, 0x00, 0x00, 0x07, 0xFF,
  0xC0, 0x00, 0x00, 0x00, 0x03, 0xFF, 0xFC, 0x00, 0x00, 0x00, 0x01, 0xFF,
  0xFF, 0x80, 0x00, 0x00, 0x00, 0xFF, 0xFF, 0xF8, 0x00, 0x00, 0x00, 0x7F,
  0xFF, 0xFF, 0x80, 0x00, 0x00, 0x3F, 0xFF, 0xFF, 0xF0, 0x00, 0x00, 0x1F,
  0xFF, 0xFF, 0xFF, 0x00, 0x00, 0x07, 0xFF, 0xFF, 0xFF, 0xE0, 0x00, 0x00,
  0xFF, 0xFF, 0xFF, 0xFE, 0x00, 0x00, 0x0F, 0xFF, 0xFF, 0xFF, 0xE0, 0x00,
  0x00, 0xFF, 0xFF, 0xFF, 0xFC, 0x00, 0x00, 0x1F, 0xFF, 0xFF, 0xFF, 0xC0,
  0x00, 0x01, 0xFF, 0xFF, 0xFF, 0xF8, 0x00, 0x00, 0x3F, 0xFF, 0xFF, 0xFF,
  0x80, 0x00, 0x03, 0xFF, 0xFF, 0xFF, 0xF0, 0x00, 0x00, 0x3F, 0xFF, 0xFF,
  0xF8, 0x00, 0x00, 0x07, 0xFF, 0xFF, 0xFC, 0x00, 0x00, 0x00, 0x7F, 0xFF,
  0xFE, 0x00, 0x00, 0x00, 0x0F, 0xFF, 0xFF, 0x00, 0x00, 0x00, 0x00, 0xFF,
  0xFF, 0x80, 0x00, 0x00, 0x01, 0xFF, 0xFF, 0xC0, 0x00, 0x00, 0x07, 0xFF,
  0xFF, 0xE0, 0x00, 0x00, 0x1F, 0xFF, 0xFF, 0xF0, 0x00, 0x00, 0x3F, 0xFF,
  0xFF, 0xF8, 0x00, 0x00, 0xFF, 0xFF, 0xFF, 0xFC, 0x00, 0x03, 0xFF, 0xFF,
  0xFF, 0xF8, 0x00, 0x07, 0xFF, 0xFF, 0xFF, 0xF0, 0x00, 0x1F, 0xFF, 0xFF,
  0xFF, 0xC0, 0x00, 0x3F, 0xFF, 0xFF, 0xFF, 0x00, 0x00, 0xFF, 0xFF, 0xFF,
  0xFE, 0x00, 0x03, 0xFF, 0xFF, 0xFF, 0xF8, 0x00, 0x07, 0xFF, 0xFF, 0xFF,
  0xF0, 0x00, 0x07, 0xFF, 0xFF, 0xFF, 0xC0, 0x00, 0x03, 0xFF, 0xFF, 0xFF,
  0x00, 0x00, 0x01, 0xFF, 0xFF, 0xFE, 0x00, 0x00, 0x00, 0xFF, 0xFF, 0xF8,
  0x00, 0x00, 0x00, 0x7F, 0xFF, 0xE0, 0x00, 0x00, 0x00, 0x3F, 0xFF, 0xC0,
  0x00, 0x00, 0x00, 0x1F, 0xFF, 0x00, 0x00, 0x00, 0x00, 0x0F, 0xFE, 0x00,
  0x00, 0x00, 0x00, 0x07, 0xF8, 0x00, 0x00, 0x00, 0x00, 0x03, 0xE0, 0x00,
  0x00, 0x00, 0x00, 0x01, 0xC0, 0x00, 0x00, 0x00, 0x00, 0x00, 0x80, 0x00,
  0x00, 0x00, 0x00, 0x00, 0x00, 0x00, 0x01, 0xFF, 0xE0, 0x00, 0x00, 0x01,
  0xFF, 0xFF, 0xC0, 0x00, 0x00, 0xFF, 0xFF, 0xFE, 0x00, 0x00, 0x7F, 0xFF,
  0xFF, 0xF0, 0x00, 0x1F, 0xFF, 0xFF, 0xFF, 0x80, 0x0F, 0xFF, 0xFF, 0xFF,
  0xF8, 0x01, 0xFF, 0xFF, 0xFF, 0xFF, 0x80, 0x7F, 0xFF, 0xFF, 0xFF, 0xF8,
  0x1F, 0xFF, 0xFF, 0xFF, 0xFF, 0x83, 0xFF, 0xFF, 0xFF, 0xFF, 0xF0, 0xFF,
  0xFF, 0x01, 0xFF, 0xFF, 0x1F, 0xFF, 0x80, 0x0F, 0xFF, 0xE7, 0xFF, 0xE0,
  0x00, 0xFF, 0xFC, 0xFF, 0xF8, 0x00, 0x0F, 0xFF, 0xDF, 0xFE, 0x00, 0x01,
  0xFF, 0xFF, 0xFF, 0xC0, 0x00, 0x1F, 0xFF, 0xFF, 0xF8, 0x00, 0x03, 0xFF,
  0xFF, 0xFE, 0x00, 0x00, 0x7F, 0xFF, 0xFF, 0xC0, 0x00, 0x0F, 0xFF, 0xFF,
  0xF8, 0x00, 0x01, 0xFF, 0xF0, 0x00, 0x00, 0x00, 0x3F, 0xFE, 0x00, 0x00,
  0x00, 0x0F, 0xFF, 0xC0, 0x00, 0x00, 0x01, 0xFF, 0xF0, 0x00, 0x00, 0x00,
  0x7F, 0xFE, 0x00, 0x00, 0x00, 0x1F, 0xFF, 0x80, 0x00, 0x00, 0x07, 0xFF,
  0xF0, 0x00, 0x00, 0x03, 0xFF, 0xFC, 0x00, 0x00, 0x00, 0xFF, 0xFF, 0x00,
  0x00, 0x00, 0x3F, 0xFF, 0xC0, 0x00, 0x00, 0x1F, 0xFF, 0xF0, 0x00, 0x00,
  0x07, 0xFF, 0xFC, 0x00, 0x00, 0x01, 0xFF, 0xFF, 0x00, 0x00, 0x00, 0x7F,
  0xFF, 0x80, 0x00, 0x00, 0x0F, 0xFF, 0xE0, 0x00, 0x00, 0x03, 0xFF, 0xF8,
  0x00, 0x00, 0x00, 0x7F, 0xFC, 0x00, 0x00, 0x00, 0x0F, 0xFF, 0x00, 0x00,
  0x00, 0x03, 0xFF, 0xE0, 0x00, 0x00, 0x00, 0x7F, 0xFC, 0x00, 0x00, 0x00,
  0x0F, 0xFF, 0x00, 0x00, 0x00, 0x01, 0xFF, 0xE0, 0x00, 0x00, 0x00, 0x3F,
  0xFC, 0x00, 0x00, 0x00, 0x07, 0xFF, 0x80, 0x00, 0x00, 0x00, 0x00, 0x00,
  0x00, 0x00, 0x00, 0x00, 0x00, 0x00, 0x00, 0x00, 0x00, 0x00, 0x00, 0x00,
  0x00, 0x00, 0x00, 0x00, 0x00, 0x00, 0x00, 0x00, 0x00, 0x00, 0x00, 0x00,
  0x00, 0x00, 0x00, 0x00, 0x00, 0x00, 0x3F, 0xFE, 0x00, 0x00, 0x00, 0x07,
  0xFF, 0xC0, 0x00, 0x00, 0x00, 0xFF, 0xF8, 0x00, 0x00, 0x00, 0x1F, 0xFF,
  0x00, 0x00, 0x00, 0x03, 0xFF, 0xE0, 0x00, 0x00, 0x00, 0x7F, 0xFC, 0x00,
  0x00, 0x00, 0x0F, 0xFF, 0x80, 0x00, 0x00, 0x01, 0xFF, 0xF0, 0x00, 0x00,
  0x00, 0x3F, 0xFE, 0x00, 0x00, 0x00, 0x07, 0xFF, 0xC0, 0x00, 0x00, 0x00,
  0xFF, 0xF8, 0x00, 0x00, 0x00, 0x1F, 0xFF, 0x00, 0x00, 0x00, 0x03, 0xFF,
  0xE0, 0x00, 0x00, 0x00, 0x00, 0x00, 0x03, 0xFF, 0xF0, 0x00, 0x00, 0x00,
  0x00, 0x00, 0x07, 0xFF, 0xFF, 0xF0, 0x00, 0x00, 0x00, 0x00, 0x03, 0xFF,
  0xFF, 0xFF, 0xE0, 0x00, 0x00, 0x00, 0x00, 0xFF, 0xFF, 0xFF, 0xFF, 0x80,
  0x00, 0x00, 0x00, 0x3F, 0xFF, 0xFF, 0xFF, 0xFE, 0x00, 0x00, 0x00, 0x0F,
  0xFF, 0xFF, 0xFF, 0xFF, 0xF8, 0x00, 0x00, 0x01, 0xFF, 0xFF, 0xFF, 0xFF,
  0xFF, 0xC0, 0x00, 0x00, 0x7F, 0xFF, 0xE0, 0x01, 0xFF, 0xFE, 0x00, 0x00,
  0x0F, 0xFF, 0xC0, 0x00, 0x01, 0xFF, 0xF0, 0x00, 0x01, 0xFF, 0xF0, 0x00,
  0x00, 0x03, 0xFF, 0x80, 0x00, 0x3F, 0xFC, 0x00, 0x00, 0x00, 0x0F, 0xFC,
  0x00, 0x07, 0xFF, 0x00, 0x00, 0x00, 0x00, 0x7F, 0xE0, 0x00, 0xFF, 0xC0,
  0x00, 0x00, 0x00, 0x01, 0xFF, 0x00, 0x1F, 0xF8, 0x00, 0x00, 0x00, 0x00,
  0x0F, 0xF0, 0x03, 0xFF, 0x00, 0x00, 0x00, 0x00, 0x00, 0x7F, 0x80, 0x3F,
  0xE0, 0x00, 0x1F, 0xC0, 0x00, 0x03, 0xFC, 0x07, 0xFC, 0x00, 0x0F, 0xFF,
  0x03, 0xF8, 0x3F, 0xC0, 0xFF, 0x80, 0x01, 0xFF, 0xF8, 0x7F, 0x81, 0xFC,
  0x0F, 0xF0, 0x00, 0x7F, 0xFF, 0xC7, 0xF8, 0x1F, 0xE1, 0xFE, 0x00, 0x0F,
  0xFF, 0xFE, 0x7F, 0x80, 0xFE, 0x1F, 0xE0, 0x01, 0xFF, 0xFF, 0xE7, 0xF0,
  0x0F, 0xE3, 0xFC, 0x00, 0x3F, 0xFF, 0xFF, 0xFF, 0x00, 0xFE, 0x3F, 0xC0,
  0x03, 0xFF, 0xC1, 0xFF, 0xF0, 0x07, 0xF3, 0xF8, 0x00, 0x7F, 0xF0, 0x0F,
  0xFE, 0x00, 0x7F, 0x7F, 0x80, 0x0F, 0xFE, 0x00, 0x7F, 0xE0, 0x07, 0xF7,
  0xF0, 0x00, 0xFF, 0xC0, 0x07, 0xFE, 0x00, 0x7F, 0x7F, 0x00, 0x1F, 0xFC,
  0x00, 0x3F, 0xE0, 0x07, 0xF7, 0xF0, 0x01, 0xFF, 0x80, 0x03, 0xFC, 0x00,
  0x7F, 0xFF, 0x00, 0x3F, 0xF0, 0x00, 0x7F, 0xC0, 0x07, 0xFF, 0xE0, 0x03,
  0xFF, 0x00, 0x07, 0xFC, 0x00, 0x7F, 0xFE, 0x00, 0x3F, 0xE0, 0x00, 0x7F,
  0x80, 0x07, 0xFF, 0xE0, 0x03, 0xFE, 0x00, 0x07, 0xF8, 0x00, 0x7F, 0xFE,
  0x00, 0x7F, 0xE0, 0x00, 0x7F, 0x80, 0x0F, 0xEF, 0xE0, 0x07, 0xFC, 0x00,
  0x0F, 0xF8, 0x00, 0xFE, 0xFE, 0x00, 0x7F, 0xC0, 0x00, 0xFF, 0x00, 0x0F,
  0xEF, 0xE0, 0x07, 0xFC, 0x00, 0x1F, 0xF0, 0x00, 0xFE, 0xFE, 0x00, 0x7F,
  0xC0, 0x01, 0xFF, 0x00, 0x1F, 0xCF, 0xE0, 0x07, 0xFC, 0x00, 0x1F, 0xF0,
  0x01, 0xFC, 0xFE, 0x00, 0x7F, 0xC0, 0x03, 0xFE, 0x00, 0x3F, 0xCF, 0xE0,
  0x07, 0xFC, 0x00, 0x3F, 0xE0, 0x07, 0xF8, 0x7F, 0x00, 0x7F, 0xC0, 0x07,
  0xFE, 0x00, 0xFF, 0x87, 0xF0, 0x07, 0xFE, 0x00, 0xFF, 0xE0, 0x0F, 0xF0,
  0x7F, 0x00, 0x3F, 0xF0, 0x1F, 0xFF, 0x03, 0xFE, 0x07, 0xF8, 0x03, 0xFF,
  0x83, 0xF7, 0xF8, 0x7F, 0xE0, 0x7F, 0x80, 0x1F, 0xFF, 0xFF, 0x7F, 0xFF,
  0xFC, 0x03, 0xF8, 0x01, 0xFF, 0xFF, 0xE7, 0xFF, 0xFF, 0x80, 0x3F, 0xC0,
  0x0F, 0xFF, 0xFC, 0x3F, 0xFF, 0xF0, 0x01, 0xFC, 0x00, 0x7F, 0xFF, 0xC3,
  0xFF, 0xFE, 0x00, 0x1F, 0xE0, 0x03, 0xFF, 0xF0, 0x1F, 0xFF, 0x80, 0x01,
  0xFF, 0x00, 0x1F, 0xFE, 0x00, 0xFF, 0xE0, 0x00, 0x0F, 0xF8, 0x00, 0x7F,
  0x00, 0x03, 0xF8, 0x00, 0x00, 0x7F, 0xC0, 0x00, 0x00, 0x00, 0x00, 0x00,
  0x00, 0x07, 0xFE, 0x00, 0x00, 0x00, 0x00, 0x00, 0x20, 0x00, 0x3F, 0xF0,
  0x00, 0x00, 0x00, 0x00, 0x07, 0x00, 0x01, 0xFF, 0x80, 0x00, 0x00, 0x00,
  0x00, 0xF8, 0x00, 0x0F, 0xFE, 0x00, 0x00, 0x00, 0x00, 0x3F, 0x80, 0x00,
  0xFF, 0xF0, 0x00, 0x00, 0x00, 0x0F, 0xFC, 0x00, 0x07, 0xFF, 0xC0, 0x00,
  0x00, 0x03, 0xFF, 0xC0, 0x00, 0x3F, 0xFF, 0x80, 0x00, 0x01, 0xFF, 0xF0,
  0x00, 0x00, 0xFF, 0xFF, 0xC0, 0x03, 0xFF, 0xFE, 0x00, 0x00, 0x07, 0xFF,
  0xFF, 0xFF, 0xFF, 0xFF, 0x80, 0x00, 0x00, 0x3F, 0xFF, 0xFF, 0xFF, 0xFF,
  0xF0, 0x00, 0x00, 0x00, 0xFF, 0xFF, 0xFF, 0xFF, 0xFC, 0x00, 0x00, 0x00,
  0x03, 0xFF, 0xFF, 0xFF, 0xFF, 0x00, 0x00, 0x00, 0x00, 0x0F, 0xFF, 0xFF,
  0xFF, 0x80, 0x00, 0x00, 0x00, 0x00, 0x1F, 0xFF, 0xFF, 0xC0, 0x00, 0x00,
  0x00, 0x00, 0x00, 0x0F, 0xFF, 0x80, 0x00, 0x00, 0x00, 0x00, 0x00, 0x03,
  0xFF, 0xF8, 0x00, 0x00, 0x00, 0x00, 0x00, 0xFF, 0xFE, 0x00, 0x00, 0x00,
  0x00, 0x00, 0x7F, 0xFF, 0x80, 0x00, 0x00, 0x00, 0x00, 0x1F, 0xFF, 0xF0,
  0x00, 0x00, 0x00, 0x00, 0x07, 0xFF, 0xFC, 0x00, 0x00, 0x00, 0x00, 0x03,
  0xFF, 0xFF, 0x00, 0x00, 0x00, 0x00, 0x00, 0xFF, 0xFF, 0xE0, 0x00, 0x00,
  0x00, 0x00, 0x7F, 0xFF, 0xF8, 0x00, 0x00, 0x00, 0x00, 0x1F, 0xFF, 0xFF,
  0x00, 0x00, 0x00, 0x00, 0x07, 0xFF, 0xFF, 0xC0, 0x00, 0x00, 0x00, 0x03,
  0xFF, 0xFF, 0xF0, 0x00, 0x00, 0x00, 0x00, 0xFF, 0xFF, 0xFE, 0x00, 0x00,
  0x00, 0x00, 0x3F, 0xFF, 0xFF, 0x80, 0x00, 0x00, 0x00, 0x1F, 0xFF, 0xFF,
  0xE0, 0x00, 0x00, 0x00, 0x07, 0xFF, 0xBF, 0xFC, 0x00, 0x00, 0x00, 0x01,
  0xFF, 0xEF, 0xFF, 0x00, 0x00, 0x00, 0x00, 0xFF, 0xFB, 0xFF, 0xC0, 0x00,
  0x00, 0x00, 0x3F, 0xFC, 0x7F, 0xF8, 0x00, 0x00, 0x00, 0x0F, 0xFF, 0x1F,
  0xFE, 0x00, 0x00, 0x00, 0x07, 0xFF, 0xC7, 0xFF, 0x80, 0x00, 0x00, 0x01,
  0xFF, 0xE1, 0xFF, 0xF0, 0x00, 0x00, 0x00, 0x7F, 0xF8, 0x3F, 0xFC, 0x00,
  0x00, 0x00, 0x3F, 0xFE, 0x0F, 0xFF, 0x00, 0x00, 0x00, 0x0F, 0xFF, 0x03,
  0xFF, 0xE0, 0x00, 0x00, 0x07, 0xFF, 0xC0, 0x7F, 0xF8, 0x00, 0x00, 0x01,
  0xFF, 0xF0, 0x1F, 0xFE, 0x00, 0x00, 0x00, 0x7F, 0xF8, 0x07, 0xFF, 0xC0,
  0x00, 0x00, 0x3F, 0xFE, 0x00, 0xFF, 0xF0, 0x00, 0x00, 0x0F, 0xFF, 0x80,
  0x3F, 0xFE, 0x00, 0x00, 0x03, 0xFF, 0xE0, 0x0F, 0xFF, 0x80, 0x00, 0x01,
  0xFF, 0xF0, 0x01, 0xFF, 0xE0, 0x00, 0x00, 0x7F, 0xFC, 0x00, 0x7F, 0xFC,
  0x00, 0x00, 0x1F, 0xFF, 0x00, 0x1F, 0xFF, 0x00, 0x00, 0x0F, 0xFF, 0x80,
  0x03, 0xFF, 0xC0, 0x00, 0x03, 0xFF, 0xE0, 0x00, 0xFF, 0xF8, 0x00, 0x00,
  0xFF, 0xF8, 0x00, 0x3F, 0xFE, 0x00, 0x00, 0x7F, 0xFC, 0x00, 0x07, 0xFF,
  0x80, 0x00, 0x1F, 0xFF, 0x00, 0x01, 0xFF, 0xF0, 0x00, 0x07, 0xFF, 0xC0,
  0x00, 0x7F, 0xFC, 0x00, 0x03, 0xFF, 0xFF, 0xFF, 0xFF, 0xFF, 0x00, 0x00,
  0xFF, 0xFF, 0xFF, 0xFF, 0xFF, 0xE0, 0x00, 0x7F, 0xFF, 0xFF, 0xFF, 0xFF,
  0xF8, 0x00, 0x1F, 0xFF, 0xFF, 0xFF, 0xFF, 0xFE, 0x00, 0x07, 0xFF, 0xFF,
  0xFF, 0xFF, 0xFF, 0xC0, 0x03, 0xFF, 0xFF, 0xFF, 0xFF, 0xFF, 0xF0, 0x00,
  0xFF, 0xFF, 0xFF, 0xFF, 0xFF, 0xFC, 0x00, 0x3F, 0xFF, 0xFF, 0xFF, 0xFF,
  0xFF, 0x80, 0x1F, 0xFF, 0xFF, 0xFF, 0xFF, 0xFF, 0xE0, 0x07, 0xFF, 0xFF,
  0xFF, 0xFF, 0xFF, 0xFC, 0x01, 0xFF, 0xFF, 0xFF, 0xFF, 0xFF, 0xFF, 0x00,
  0xFF, 0xFC, 0x00, 0x00, 0x07, 0xFF, 0xC0, 0x3F, 0xFE, 0x00, 0x00, 0x01,
  0xFF, 0xF8, 0x0F, 0xFF, 0x80, 0x00, 0x00, 0x3F, 0xFE, 0x07, 0xFF, 0xE0,
  0x00, 0x00, 0x0F, 0xFF, 0x81, 0xFF, 0xF0, 0x00, 0x00, 0x03, 0xFF, 0xF0,
  0x7F, 0xFC, 0x00, 0x00, 0x00, 0x7F, 0xFC, 0x3F, 0xFF, 0x00, 0x00, 0x00,
  0x1F, 0xFF, 0x0F, 0xFF, 0x80, 0x00, 0x00, 0x07, 0xFF, 0xE7, 0xFF, 0xE0,
  0x00, 0x00, 0x00, 0xFF, 0xF9, 0xFF, 0xF8, 0x00, 0x00, 0x00, 0x3F, 0xFE,
  0x7F, 0xFC, 0x00, 0x00, 0x00, 0x0F, 0xFF, 0xFF, 0xFF, 0x00, 0x00, 0x00,
  0x03, 0xFF, 0xF0, 0xFF, 0xFF, 0xFF, 0xFF, 0xE0, 0x00, 0x1F, 0xFF, 0xFF,
  0xFF, 0xFF, 0xC0, 0x03, 0xFF, 0xFF, 0xFF, 0xFF, 0xFE, 0x00, 0x7F, 0xFF,
  0xFF, 0xFF, 0xFF, 0xF0, 0x0F, 0xFF, 0xFF, 0xFF, 0xFF, 0xFF, 0x01, 0xFF,
  0xFF, 0xFF, 0xFF, 0xFF, 0xF0, 0x3F, 0xFF, 0xFF, 0xFF, 0xFF, 0xFF, 0x07,
  0xFF, 0xFF, 0xFF, 0xFF, 0xFF, 0xF0, 0xFF, 0xFF, 0xFF, 0xFF, 0xFF, 0xFE,
  0x1F, 0xFF, 0xFF, 0xFF, 0xFF, 0xFF, 0xE3, 0xFF, 0xFF, 0xFF, 0xFF, 0xFF,
  0xFC, 0x7F, 0xFC, 0x00, 0x00, 0x7F, 0xFF, 0x8F, 0xFF, 0x80, 0x00, 0x01,
  0xFF, 0xF9, 0xFF, 0xF0, 0x00, 0x00, 0x1F, 0xFF, 0x3F, 0xFE, 0x00, 0x00,
  0x03, 0xFF, 0xE7, 0xFF, 0xC0, 0x00, 0x00, 0x3F, 0xFC, 0xFF, 0xF8, 0x00,
  0x00, 0x07, 0xFF, 0x9F, 0xFF, 0x00, 0x00, 0x00, 0xFF, 0xF3, 0xFF, 0xE0,
  0x00, 0x00, 0x1F, 0xFE, 0x7F, 0xFC, 0x00, 0x00, 0x03, 0xFF, 0xCF, 0xFF,
  0x80, 0x00, 0x00, 0xFF, 0xF1, 0xFF, 0xF0, 0x00, 0x00, 0x1F, 0xFE, 0x3F,
  0xFE, 0x00, 0x00, 0x07, 0xFF, 0xC7, 0xFF, 0xC0, 0x00, 0x07, 0xFF, 0xF0,
  0xFF, 0xFF, 0xFF, 0xFF, 0xFF, 0xFE, 0x1F, 0xFF, 0xFF, 0xFF, 0xFF, 0xFF,
  0x83, 0xFF, 0xFF, 0xFF, 0xFF, 0xFF, 0xE0, 0x7F, 0xFF, 0xFF, 0xFF, 0xFF,
  0xF0, 0x0F, 0xFF, 0xFF, 0xFF, 0xFF, 0xFC, 0x01, 0xFF, 0xFF, 0xFF, 0xFF,
  0xFF, 0xE0, 0x3F, 0xFF, 0xFF, 0xFF, 0xFF, 0xFE, 0x07, 0xFF, 0xFF, 0xFF,
  0xFF, 0xFF, 0xE0, 0xFF, 0xFF, 0xFF, 0xFF, 0xFF, 0xFE, 0x1F, 0xFF, 0xFF,
  0xFF, 0xFF, 0xFF, 0xE3, 0xFF, 0xFF, 0xFF, 0xFF, 0xFF, 0xFE, 0x7F, 0xFC,
  0x00, 0x00, 0x7F, 0xFF, 0xCF, 0xFF, 0x80, 0x00, 0x01, 0xFF, 0xFD, 0xFF,
  0xF0, 0x00, 0x00, 0x1F, 0xFF, 0xBF, 0xFE, 0x00, 0x00, 0x01, 0xFF, 0xF7,
  0xFF, 0xC0, 0x00, 0x00, 0x3F, 0xFF, 0xFF, 0xF8, 0x00, 0x00, 0x03, 0xFF,
  0xFF, 0xFF, 0x00, 0x00, 0x00, 0x7F, 0xFF, 0xFF, 0xE0, 0x00, 0x00, 0x0F,
  0xFF, 0xFF, 0xFC, 0x00, 0x00, 0x01, 0xFF, 0xFF, 0xFF, 0x80, 0x00, 0x00,
  0x3F, 0xFF, 0xFF, 0xF0, 0x00, 0x00, 0x07, 0xFF, 0xFF, 0xFE, 0x00, 0x00,
  0x01, 0xFF, 0xFF, 0xFF, 0xC0, 0x00, 0x00, 0x3F, 0xFF, 0xFF, 0xF8, 0x00,
  0x00, 0x0F, 0xFF, 0xDF, 0xFF, 0x00, 0x00, 0x03, 0xFF, 0xFB, 0xFF, 0xE0,
  0x00, 0x03, 0xFF, 0xFF, 0x7F, 0xFF, 0xFF, 0xFF, 0xFF, 0xFF, 0xCF, 0xFF,
  0xFF, 0xFF, 0xFF, 0xFF, 0xF9, 0xFF, 0xFF, 0xFF, 0xFF, 0xFF, 0xFE, 0x3F,
  0xFF, 0xFF, 0xFF, 0xFF, 0xFF, 0x87, 0xFF, 0xFF, 0xFF, 0xFF, 0xFF, 0xF0,
  0xFF, 0xFF, 0xFF, 0xFF, 0xFF, 0xFC, 0x1F, 0xFF, 0xFF, 0xFF, 0xFF, 0xFE,
  0x03, 0xFF, 0xFF, 0xFF, 0xFF, 0xFF, 0x80, 0x7F, 0xFF, 0xFF, 0xFF, 0xFF,
  0xC0, 0x0F, 0xFF, 0xFF, 0xFF, 0xFF, 0xE0, 0x01, 0xFF, 0xFF, 0xFF, 0xFF,
  0xC0, 0x00, 0x00, 0x00, 0x00, 0x03, 0xFF, 0xC0, 0x00, 0x00, 0x00, 0x00,
  0x7F, 0xFF, 0xFC, 0x00, 0x00, 0x00, 0x03, 0xFF, 0xFF, 0xFE, 0x00, 0x00,
  0x00, 0x1F, 0xFF, 0xFF, 0xFF, 0x00, 0x00, 0x00, 0xFF, 0xFF, 0xFF, 0xFF,
  0x80, 0x00, 0x03, 0xFF, 0xFF, 0xFF, 0xFF, 0x80, 0x00, 0x0F, 0xFF, 0xFF,
  0xFF, 0xFF, 0x80, 0x00, 0x3F, 0xFF, 0xFF, 0xFF, 0xFF, 0x80, 0x00, 0xFF,
  0xFF, 0xFF, 0xFF, 0xFF, 0x80, 0x03, 0xFF, 0xFF, 0xFF, 0xFF, 0xFF, 0x80,
  0x0F, 0xFF, 0xFF, 0xFF, 0xFF, 0xFF, 0x80, 0x1F, 0xFF, 0xF8, 0x03, 0xFF,
  0xFF, 0x00, 0x7F, 0xFF, 0xC0, 0x01, 0xFF, 0xFF, 0x01, 0xFF, 0xFE, 0x00,
  0x00, 0xFF, 0xFF, 0x03, 0xFF, 0xF8, 0x00, 0x00, 0xFF, 0xFE, 0x0F, 0xFF,
  0xE0, 0x00, 0x00, 0xFF, 0xFE, 0x1F, 0xFF, 0x80, 0x00, 0x00, 0xFF, 0xFC,
  0x7F, 0xFF, 0x00, 0x00, 0x01, 0xFF, 0xF8, 0xFF, 0xFC, 0x00, 0x00, 0x01,
  0xFF, 0xF1, 0xFF, 0xF0, 0x00, 0x00, 0x03, 0xFF, 0xF7, 0xFF, 0xE0, 0x00,
  0x00, 0x03, 0xFF, 0xEF, 0xFF, 0xC0, 0x00, 0x00, 0x07, 0xFF, 0xDF, 0xFF,
  0x00, 0x00, 0x00, 0x00, 0x00, 0x3F, 0xFE, 0x00, 0x00, 0x00, 0x00, 0x00,
  0x7F, 0xFC, 0x00, 0x00, 0x00, 0x00, 0x01, 0xFF, 0xF8, 0x00, 0x00, 0x00,
  0x00, 0x03, 0xFF, 0xE0, 0x00, 0x00, 0x00, 0x00, 0x07, 0xFF, 0xC0, 0x00,
  0x00, 0x00, 0x00, 0x0F, 0xFF, 0x80, 0x00, 0x00, 0x00, 0x00, 0x1F, 0xFF,
  0x00, 0x00, 0x00, 0x00, 0x00, 0x3F, 0xFE, 0x00, 0x00, 0x00, 0x00, 0x00,
  0x7F, 0xFC, 0x00, 0x00, 0x00, 0x00, 0x00, 0xFF, 0xF8, 0x00, 0x00, 0x00,
  0x00, 0x01, 0xFF, 0xF0, 0x00, 0x00, 0x00, 0x00, 0x03, 0xFF, 0xE0, 0x00,
  0x00, 0x00, 0x00, 0x07, 0xFF, 0xC0, 0x00, 0x00, 0x00, 0x00, 0x0F, 0xFF,
  0x80, 0x00, 0x00, 0x00, 0x00, 0x1F, 0xFF, 0x00, 0x00, 0x00, 0x00, 0x00,
  0x3F, 0xFE, 0x00, 0x00, 0x00, 0x00, 0x00, 0x7F, 0xFC, 0x00, 0x00, 0x00,
  0x00, 0x00, 0x7F, 0xFC, 0x00, 0x00, 0x00, 0x00, 0x00, 0xFF, 0xF8, 0x00,
  0x00, 0x00, 0x00, 0x01, 0xFF, 0xF0, 0x00, 0x00, 0x00, 0xFF, 0xFB, 0xFF,
  0xE0, 0x00, 0x00, 0x01, 0xFF, 0xF7, 0xFF, 0xE0, 0x00, 0x00, 0x07, 0xFF,
  0xE7, 0xFF, 0xC0, 0x00, 0x00, 0x0F, 0xFF, 0x8F, 0xFF, 0xC0, 0x00, 0x00,
  0x3F, 0xFF, 0x1F, 0xFF, 0x80, 0x00, 0x00, 0x7F, 0xFE, 0x1F, 0xFF, 0x80,
  0x00, 0x01, 0xFF, 0xF8, 0x3F, 0xFF, 0x80, 0x00, 0x03, 0xFF, 0xF0, 0x3F,
  0xFF, 0x80, 0x00, 0x0F, 0xFF, 0xC0, 0x7F, 0xFF, 0x80, 0x00, 0x3F, 0xFF,
  0x80, 0x7F, 0xFF, 0xC0, 0x01, 0xFF, 0xFE, 0x00, 0xFF, 0xFF, 0xE0, 0x1F,
  0xFF, 0xFC, 0x00, 0xFF, 0xFF, 0xFF, 0xFF, 0xFF, 0xF0, 0x00, 0xFF, 0xFF,
  0xFF, 0xFF, 0xFF, 0xC0, 0x00, 0xFF, 0xFF, 0xFF, 0xFF, 0xFF, 0x00, 0x00,
  0xFF, 0xFF, 0xFF, 0xFF, 0xFC, 0x00, 0x00, 0xFF, 0xFF, 0xFF, 0xFF, 0xF0,
  0x00, 0x00, 0xFF, 0xFF, 0xFF, 0xFF, 0xC0, 0x00, 0x00, 0xFF, 0xFF, 0xFF,
  0xFF, 0x00, 0x00, 0x00, 0x7F, 0xFF, 0xFF, 0xF8, 0x00, 0x00, 0x00, 0x3F,
  0xFF, 0xFF, 0xE0, 0x00, 0x00, 0x00, 0x1F, 0xFF, 0xFE, 0x00, 0x00, 0x00,
  0x00, 0x03, 0xFF, 0xC0, 0x00, 0x00, 0xFF, 0xFF, 0xFF, 0xFF, 0x80, 0x00,
  0x0F, 0xFF, 0xFF, 0xFF, 0xFF, 0x00, 0x00, 0xFF, 0xFF, 0xFF, 0xFF, 0xFE,
  0x00, 0x0F, 0xFF, 0xFF, 0xFF, 0xFF, 0xF8, 0x00, 0xFF, 0xFF, 0xFF, 0xFF,
  0xFF, 0xC0, 0x0F, 0xFF, 0xFF, 0xFF, 0xFF, 0xFE, 0x00, 0xFF, 0xFF, 0xFF,
  0xFF, 0xFF, 0xF0, 0x0F, 0xFF, 0xFF, 0xFF, 0xFF, 0xFF, 0x80, 0xFF, 0xFF,
  0xFF, 0xFF, 0xFF, 0xFC, 0x0F, 0xFF, 0xFF, 0xFF, 0xFF, 0xFF, 0xE0, 0xFF,
  0xFF, 0xFF, 0xFF, 0xFF, 0xFE, 0x0F, 0xFF, 0x80, 0x00, 0x7F, 0xFF, 0xF0,
  0xFF, 0xF8, 0x00, 0x00, 0xFF, 0xFF, 0x0F, 0xFF, 0x80, 0x00, 0x03, 0xFF,
  0xF8, 0xFF, 0xF8, 0x00, 0x00, 0x1F, 0xFF, 0x8F, 0xFF, 0x80, 0x00, 0x00,
  0xFF, 0xFC, 0xFF, 0xF8, 0x00, 0x00, 0x0F, 0xFF, 0xCF, 0xFF, 0x80, 0x00,
  0x00, 0x7F, 0xFC, 0xFF, 0xF8, 0x00, 0x00, 0x07, 0xFF, 0xEF, 0xFF, 0x80,
  0x00, 0x00, 0x3F, 0xFE, 0xFF, 0xF8, 0x00, 0x00, 0x03, 0xFF, 0xEF, 0xFF,
  0x80, 0x00, 0x00, 0x3F, 0xFE, 0xFF, 0xF8, 0x00, 0x00, 0x03, 0xFF, 0xEF,
  0xFF, 0x80, 0x00, 0x00, 0x3F, 0xFF, 0xFF, 0xF8, 0x00, 0x00, 0x01, 0xFF,
  0xFF, 0xFF, 0x80, 0x00, 0x00, 0x1F, 0xFF, 0xFF, 0xF8, 0x00, 0x00, 0x01,
  0xFF, 0xFF, 0xFF, 0x80, 0x00, 0x00, 0x1F, 0xFF, 0xFF, 0xF8, 0x00, 0x00,
  0x01, 0xFF, 0xFF, 0xFF, 0x80, 0x00, 0x00, 0x1F, 0xFF, 0xFF, 0xF8, 0x00,
  0x00, 0x01, 0xFF, 0xFF, 0xFF, 0x80, 0x00, 0x00, 0x1F, 0xFF, 0xFF, 0xF8,
  0x00, 0x00, 0x01, 0xFF, 0xFF, 0xFF, 0x80, 0x00, 0x00, 0x1F, 0xFF, 0xFF,
  0xF8, 0x00, 0x00, 0x01, 0xFF, 0xFF, 0xFF, 0x80, 0x00, 0x00, 0x1F, 0xFF,
  0xFF, 0xF8, 0x00, 0x00, 0x01, 0xFF, 0xFF, 0xFF, 0x80, 0x00, 0x00, 0x3F,
  0xFE, 0xFF, 0xF8, 0x00, 0x00, 0x03, 0xFF, 0xEF, 0xFF, 0x80, 0x00, 0x00,
  0x3F, 0xFE, 0xFF, 0xF8, 0x00, 0x00, 0x03, 0xFF, 0xEF, 0xFF, 0x80, 0x00,
  0x00, 0x7F, 0xFE, 0xFF, 0xF8, 0x00, 0x00, 0x07, 0xFF, 0xCF, 0xFF, 0x80,
  0x00, 0x00, 0xFF, 0xFC, 0xFF, 0xF8, 0x00, 0x00, 0x0F, 0xFF, 0xCF, 0xFF,
  0x80, 0x00, 0x01, 0xFF, 0xF8, 0xFF, 0xF8, 0x00, 0x00, 0x1F, 0xFF, 0x8F,
  0xFF, 0x80, 0x00, 0x03, 0xFF, 0xF8, 0xFF, 0xF8, 0x00, 0x00, 0x7F, 0xFF,
  0x0F, 0xFF, 0x80, 0x00, 0x1F, 0xFF, 0xF0, 0xFF, 0xF8, 0x00, 0x07, 0xFF,
  0xFE, 0x0F, 0xFF, 0xFF, 0xFF, 0xFF, 0xFF, 0xC0, 0xFF, 0xFF, 0xFF, 0xFF,
  0xFF, 0xFC, 0x0F, 0xFF, 0xFF, 0xFF, 0xFF, 0xFF, 0x80, 0xFF, 0xFF, 0xFF,
  0xFF, 0xFF, 0xF0, 0x0F, 0xFF, 0xFF, 0xFF, 0xFF, 0xFE, 0x00, 0xFF, 0xFF,
  0xFF, 0xFF, 0xFF, 0xC0, 0x0F, 0xFF, 0xFF, 0xFF, 0xFF, 0xF8, 0x00, 0xFF,
  0xFF, 0xFF, 0xFF, 0xFF, 0x00, 0x0F, 0xFF, 0xFF, 0xFF, 0xFF, 0xC0, 0x00,
  0xFF, 0xFF, 0xFF, 0xFF, 0xE0, 0x00, 0x0F, 0xFF, 0xFF, 0xFF, 0xF0, 0x00,
  0x00, 0xFF, 0xFF, 0xFF, 0xFF, 0xFF, 0xFD, 0xFF, 0xFF, 0xFF, 0xFF, 0xFF,
  0xFB, 0xFF, 0xFF, 0xFF, 0xFF, 0xFF, 0xF7, 0xFF, 0xFF, 0xFF, 0xFF, 0xFF,
  0xEF, 0xFF, 0xFF, 0xFF, 0xFF, 0xFF, 0xDF, 0xFF, 0xFF, 0xFF, 0xFF, 0xFF,
  0xBF, 0xFF, 0xFF, 0xFF, 0xFF, 0xFF, 0x7F, 0xFF, 0xFF, 0xFF, 0xFF, 0xFE,
  0xFF, 0xFF, 0xFF, 0xFF, 0xFF, 0xFD, 0xFF, 0xFF, 0xFF, 0xFF, 0xFF, 0xFB,
  0xFF, 0xFF, 0xFF, 0xFF, 0xFF, 0xF7, 0xFF, 0xC0, 0x00, 0x00, 0x00, 0x0F,
  0xFF, 0x80, 0x00, 0x00, 0x00, 0x1F, 0xFF, 0x00, 0x00, 0x00, 0x00, 0x3F,
  0xFE, 0x00, 0x00, 0x00, 0x00, 0x7F, 0xFC, 0x00, 0x00, 0x00, 0x00, 0xFF,
  0xF8, 0x00, 0x00, 0x00, 0x01, 0xFF, 0xF0, 0x00, 0x00, 0x00, 0x03, 0xFF,
  0xE0, 0x00, 0x00, 0x00, 0x07, 0xFF, 0xC0, 0x00, 0x00, 0x00, 0x0F, 0xFF,
  0x80, 0x00, 0x00, 0x00, 0x1F, 0xFF, 0x00, 0x00, 0x00, 0x00, 0x3F, 0xFE,
  0x00, 0x00, 0x00, 0x00, 0x7F, 0xFC, 0x00, 0x00, 0x00, 0x00, 0xFF, 0xFF,
  0xFF, 0xFF, 0xFF, 0xE1, 0xFF, 0xFF, 0xFF, 0xFF, 0xFF, 0xC3, 0xFF, 0xFF,
  0xFF, 0xFF, 0xFF, 0x87, 0xFF, 0xFF, 0xFF, 0xFF, 0xFF, 0x0F, 0xFF, 0xFF,
  0xFF, 0xFF, 0xFE, 0x1F, 0xFF, 0xFF, 0xFF, 0xFF, 0xFC, 0x3F, 0xFF, 0xFF,
  0xFF, 0xFF, 0xF8, 0x7F, 0xFF, 0xFF, 0xFF, 0xFF, 0xF0, 0xFF, 0xFF, 0xFF,
  0xFF, 0xFF, 0xE1, 0xFF, 0xFF, 0xFF, 0xFF, 0xFF, 0xC3, 0xFF, 0xFF, 0xFF,
  0xFF, 0xFF, 0x87, 0xFF, 0xC0, 0x00, 0x00, 0x00, 0x0F, 0xFF, 0x80, 0x00,
  0x00, 0x00, 0x1F, 0xFF, 0x00, 0x00, 0x00, 0x00, 0x3F, 0xFE, 0x00, 0x00,
  0x00, 0x00, 0x7F, 0xFC, 0x00, 0x00, 0x00, 0x00, 0xFF, 0xF8, 0x00, 0x00,
  0x00, 0x01, 0xFF, 0xF0, 0x00, 0x00, 0x00, 0x03, 0xFF, 0xE0, 0x00, 0x00,
  0x00, 0x07, 0xFF, 0xC0, 0x00, 0x00, 0x00, 0x0F, 0xFF, 0x80, 0x00, 0x00,
  0x00, 0x1F, 0xFF, 0x00, 0x00, 0x00, 0x00, 0x3F, 0xFE, 0x00, 0x00, 0x00,
  0x00, 0x7F, 0xFC, 0x00, 0x00, 0x00, 0x00, 0xFF, 0xF8, 0x00, 0x00, 0x00,
  0x01, 0xFF, 0xF0, 0x00, 0x00, 0x00, 0x03, 0xFF, 0xE0, 0x00, 0x00, 0x00,
  0x07, 0xFF, 0xFF, 0xFF, 0xFF, 0xFF, 0xFF, 0xFF, 0xFF, 0xFF, 0xFF, 0xFF,
  0xFF, 0xFF, 0xFF, 0xFF, 0xFF, 0xFF, 0xFF, 0xFF, 0xFF, 0xFF, 0xFF, 0xFF,
  0xFF, 0xFF, 0xFF, 0xFF, 0xFF, 0xFF, 0xFF, 0xFF, 0xFF, 0xFF, 0xFF, 0xFF,
  0xFF, 0xFF, 0xFF, 0xFF, 0xFF, 0xFF, 0xFF, 0xFF, 0xFF, 0xFF, 0xFF, 0xFF,
  0xFF, 0xFF, 0xFF, 0xFF, 0xFF, 0xFF, 0xFF, 0xFF, 0xFF, 0xFF, 0xFF, 0xFF,
  0xFF, 0xFF, 0xFF, 0xFF, 0xFF, 0xC0, 0xFF, 0xFF, 0xFF, 0xFF, 0xFF, 0xFF,
  0xFF, 0xFF, 0xFF, 0xFF, 0xFF, 0xFF, 0xFF, 0xFF, 0xFF, 0xFF, 0xFF, 0xFF,
  0xFF, 0xFF, 0xFF, 0xFF, 0xFF, 0xFF, 0xFF, 0xFF, 0xFF, 0xFF, 0xFF, 0xFF,
  0xFF, 0xFF, 0xFF, 0xFF, 0xFF, 0xFF, 0xFF, 0xFF, 0xFF, 0xFF, 0xFF, 0xFF,
  0xFF, 0xFF, 0xFF, 0xFF, 0xFF, 0xFF, 0xFF, 0xFF, 0xFF, 0xFF, 0xFF, 0xFF,
  0xFF, 0xFF, 0xFF, 0xFF, 0xFF, 0xFF, 0xFF, 0xFF, 0x80, 0x00, 0x00, 0x00,
  0xFF, 0xF8, 0x00, 0x00, 0x00, 0x0F, 0xFF, 0x80, 0x00, 0x00, 0x00, 0xFF,
  0xF8, 0x00, 0x00, 0x00, 0x0F, 0xFF, 0x80, 0x00, 0x00, 0x00, 0xFF, 0xF8,
  0x00, 0x00, 0x00, 0x0F, 0xFF, 0x80, 0x00, 0x00, 0x00, 0xFF, 0xF8, 0x00,
  0x00, 0x00, 0x0F, 0xFF, 0x80, 0x00, 0x00, 0x00, 0xFF, 0xF8, 0x00, 0x00,
  0x00, 0x0F, 0xFF, 0x80, 0x00, 0x00, 0x00, 0xFF, 0xF8, 0x00, 0x00, 0x00,
  0x0F, 0xFF, 0x80, 0x00, 0x00, 0x00, 0xFF, 0xF8, 0x00, 0x00, 0x00, 0x0F,
  0xFF, 0xFF, 0xFF, 0xFF, 0xF0, 0xFF, 0xFF, 0xFF, 0xFF, 0xFF, 0x0F, 0xFF,
  0xFF, 0xFF, 0xFF, 0xF0, 0xFF, 0xFF, 0xFF, 0xFF, 0xFF, 0x0F, 0xFF, 0xFF,
  0xFF, 0xFF, 0xF0, 0xFF, 0xFF, 0xFF, 0xFF, 0xFF, 0x0F, 0xFF, 0xFF, 0xFF,
  0xFF, 0xF0, 0xFF, 0xFF, 0xFF, 0xFF, 0xFF, 0x0F, 0xFF, 0xFF, 0xFF, 0xFF,
  0xF0, 0xFF, 0xFF, 0xFF, 0xFF, 0xFF, 0x0F, 0xFF, 0xFF, 0xFF, 0xFF, 0xF0,
  0xFF, 0xF8, 0x00, 0x00, 0x00, 0x0F, 0xFF, 0x80, 0x00, 0x00, 0x00, 0xFF,
  0xF8, 0x00, 0x00, 0x00, 0x0F, 0xFF, 0x80, 0x00, 0x00, 0x00, 0xFF, 0xF8,
  0x00, 0x00, 0x00, 0x0F, 0xFF, 0x80, 0x00, 0x00, 0x00, 0xFF, 0xF8, 0x00,
  0x00, 0x00, 0x0F, 0xFF, 0x80, 0x00, 0x00, 0x00, 0xFF, 0xF8, 0x00, 0x00,
  0x00, 0x0F, 0xFF, 0x80, 0x00, 0x00, 0x00, 0xFF, 0xF8, 0x00, 0x00, 0x00,
  0x0F, 0xFF, 0x80, 0x00, 0x00, 0x00, 0xFF, 0xF8, 0x00, 0x00, 0x00, 0x0F,
  0xFF, 0x80, 0x00, 0x00, 0x00, 0xFF, 0xF8, 0x00, 0x00, 0x00, 0x0F, 0xFF,
  0x80, 0x00, 0x00, 0x00, 0xFF, 0xF8, 0x00, 0x00, 0x00, 0x0F, 0xFF, 0x80,
  0x00, 0x00, 0x00, 0xFF, 0xF8, 0x00, 0x00, 0x00, 0x0F, 0xFF, 0x80, 0x00,
  0x00, 0x00, 0xFF, 0xF8, 0x00, 0x00, 0x00, 0x0F, 0xFF, 0x80, 0x00, 0x00,
  0x00, 0xFF, 0xF8, 0x00, 0x00, 0x00, 0x0F, 0xFF, 0x80, 0x00, 0x00, 0x00,
  0xFF, 0xF8, 0x00, 0x00, 0x00, 0x0F, 0xFF, 0x80, 0x00, 0x00, 0x00, 0x00,
  0x00, 0x00, 0xFF, 0xF8, 0x00, 0x00, 0x00, 0x00, 0x03, 0xFF, 0xFF, 0xF0,
  0x00, 0x00, 0x00, 0x03, 0xFF, 0xFF, 0xFF, 0x00, 0x00, 0x00, 0x07, 0xFF,
  0xFF, 0xFF, 0xF0, 0x00, 0x00, 0x03, 0xFF, 0xFF, 0xFF, 0xFF, 0x00, 0x00,
  0x03, 0xFF, 0xFF, 0xFF, 0xFF, 0xE0, 0x00, 0x01, 0xFF, 0xFF, 0xFF, 0xFF,
  0xFE, 0x00, 0x00, 0xFF, 0xFF, 0xFF, 0xFF, 0xFF, 0xC0, 0x00, 0x7F, 0xFF,
  0xFF, 0xFF, 0xFF, 0xF8, 0x00, 0x3F, 0xFF, 0xFF, 0xFF, 0xFF, 0xFF, 0x00,
  0x1F, 0xFF, 0xFF, 0xFF, 0xFF, 0xFF, 0xC0, 0x0F, 0xFF, 0xFF, 0x00, 0x7F,
  0xFF, 0xF8, 0x03, 0xFF, 0xFE, 0x00, 0x03, 0xFF, 0xFF, 0x01, 0xFF, 0xFE,
  0x00, 0x00, 0x3F, 0xFF, 0xC0, 0xFF, 0xFF, 0x00, 0x00, 0x03, 0xFF, 0xF8,
  0x3F, 0xFF, 0x80, 0x00, 0x00, 0x7F, 0xFE, 0x1F, 0xFF, 0xC0, 0x00, 0x00,
  0x1F, 0xFF, 0x87, 0xFF, 0xE0, 0x00, 0x00, 0x03, 0xFF, 0xF3, 0xFF, 0xF0,
  0x00, 0x00, 0x00, 0xFF, 0xFC, 0xFF, 0xFC, 0x00, 0x00, 0x00, 0x1F, 0xFF,
  0x3F, 0xFE, 0x00, 0x00, 0x00, 0x00, 0x00, 0x1F, 0xFF, 0x80, 0x00, 0x00,
  0x00, 0x00, 0x07, 0xFF, 0xE0, 0x00, 0x00, 0x00, 0x00, 0x01, 0xFF, 0xF0,
  0x00, 0x00, 0x00, 0x00, 0x00, 0x7F, 0xFC, 0x00, 0x00, 0x00, 0x00, 0x00,
  0x1F, 0xFF, 0x00, 0x00, 0x00, 0x00, 0x00, 0x0F, 0xFF, 0xC0, 0x00, 0x00,
  0x00, 0x00, 0x03, 0xFF, 0xE0, 0x00, 0x00, 0x00, 0x00, 0x00, 0xFF, 0xF8,
  0x00, 0x00, 0x00, 0x00, 0x00, 0x3F, 0xFE, 0x00, 0x00, 0x00, 0x00, 0x00,
  0x0F, 0xFF, 0x80, 0x00, 0x00, 0x00, 0x00, 0x03, 0xFF, 0xE0, 0x00, 0x03,
  0xFF, 0xFF, 0xFF, 0xFF, 0xF8, 0x00, 0x00, 0xFF, 0xFF, 0xFF, 0xFF, 0xFE,
  0x00, 0x00, 0x3F, 0xFF, 0xFF, 0xFF, 0xFF, 0x80, 0x00, 0x0F, 0xFF, 0xFF,
  0xFF, 0xFF, 0xE0, 0x00, 0x03, 0xFF, 0xFF, 0xFF, 0xFF, 0xF8, 0x00, 0x00,
  0xFF, 0xFF, 0xFF, 0xFF, 0xFE, 0x00, 0x00, 0x3F, 0xFF, 0xFF, 0xFF, 0xFF,
  0x80, 0x00, 0x0F, 0xFF, 0xFF, 0xFF, 0xFF, 0xE0, 0x00, 0x03, 0xFF, 0xFF,
  0xFF, 0x7F, 0xFC, 0x00, 0x00, 0xFF, 0xFF, 0xFF, 0xDF, 0xFF, 0x00, 0x00,
  0x3F, 0xFF, 0xFF, 0xF7, 0xFF, 0xC0, 0x00, 0x00, 0x00, 0x3F, 0xFD, 0xFF,
  0xF8, 0x00, 0x00, 0x00, 0x0F, 0xFF, 0x7F, 0xFE, 0x00, 0x00, 0x00, 0x03,
  0xFF, 0xCF, 0xFF, 0x80, 0x00, 0x00, 0x01, 0xFF, 0xF3, 0xFF, 0xF0, 0x00,
  0x00, 0x00, 0x7F, 0xFC, 0xFF, 0xFE, 0x00, 0x00, 0x00, 0x3F, 0xFF, 0x1F,
  0xFF, 0x80, 0x00, 0x00, 0x0F, 0xFF, 0xC7, 0xFF, 0xF8, 0x00, 0x00, 0x07,
  0xFF, 0xF0, 0xFF, 0xFF, 0x00, 0x00, 0x07, 0xFF, 0xFC, 0x3F, 0xFF, 0xE0,
  0x00, 0x03, 0xFF, 0xFF, 0x07, 0xFF, 0xFE, 0x00, 0x03, 0xFF, 0xFF, 0xC0,
  0xFF, 0xFF, 0xF0, 0x07, 0xFF, 0xFF, 0xF0, 0x3F, 0xFF, 0xFF, 0xFF, 0xFF,
  0xFF, 0xFC, 0x07, 0xFF, 0xFF, 0xFF, 0xFF, 0xFF, 0xFF, 0x00, 0xFF, 0xFF,
  0xFF, 0xFF, 0xFF, 0xFF, 0xC0, 0x1F, 0xFF, 0xFF, 0xFF, 0xFF, 0xBF, 0xF0,
  0x03, 0xFF, 0xFF, 0xFF, 0xFF, 0xCF, 0xFC, 0x00, 0x7F, 0xFF, 0xFF, 0xFF,
  0xE3, 0xFF, 0x00, 0x07, 0xFF, 0xFF, 0xFF, 0xF0, 0x7F, 0xC0, 0x00, 0xFF,
  0xFF, 0xFF, 0xF0, 0x1F, 0xF0, 0x00, 0x0F, 0xFF, 0xFF, 0xF0, 0x07, 0xFC,
  0x00, 0x00, 0x7F, 0xFF, 0xF0, 0x01, 0xFF, 0x00, 0x00, 0x01, 0xFF, 0xC0,
  0x00, 0x00, 0x00, 0xFF, 0xF8, 0x00, 0x00, 0x07, 0xFF, 0xFF, 0xFE, 0x00,
  0x00, 0x01, 0xFF, 0xFF, 0xFF, 0x80, 0x00, 0x00, 0x7F, 0xFF, 0xFF, 0xE0,
  0x00, 0x00, 0x1F, 0xFF, 0xFF, 0xF8, 0x00, 0x00, 0x07, 0xFF, 0xFF, 0xFE,
  0x00, 0x00, 0x01, 0xFF, 0xFF, 0xFF, 0x80, 0x00, 0x00, 0x7F, 0xFF, 0xFF,
  0xE0, 0x00, 0x00, 0x1F, 0xFF, 0xFF, 0xF8, 0x00, 0x00, 0x07, 0xFF, 0xFF,
  0xFE, 0x00, 0x00, 0x01, 0xFF, 0xFF, 0xFF, 0x80, 0x00, 0x00, 0x7F, 0xFF,
  0xFF, 0xE0, 0x00, 0x00, 0x1F, 0xFF, 0xFF, 0xF8, 0x00, 0x00, 0x07, 0xFF,
  0xFF, 0xFE, 0x00, 0x00, 0x01, 0xFF, 0xFF, 0xFF, 0x80, 0x00, 0x00, 0x7F,
  0xFF, 0xFF, 0xE0, 0x00, 0x00, 0x1F, 0xFF, 0xFF, 0xF8, 0x00, 0x00, 0x07,
  0xFF, 0xFF, 0xFE, 0x00, 0x00, 0x01, 0xFF, 0xFF, 0xFF, 0x80, 0x00, 0x00,
  0x7F, 0xFF, 0xFF, 0xE0, 0x00, 0x00, 0x1F, 0xFF, 0xFF, 0xF8, 0x00, 0x00,
  0x07, 0xFF, 0xFF, 0xFE, 0x00, 0x00, 0x01, 0xFF, 0xFF, 0xFF, 0x80, 0x00,
  0x00, 0x7F, 0xFF, 0xFF, 0xE0, 0x00, 0x00, 0x1F, 0xFF, 0xFF, 0xFF, 0xFF,
  0xFF, 0xFF, 0xFF, 0xFF, 0xFF, 0xFF, 0xFF, 0xFF, 0xFF, 0xFF, 0xFF, 0xFF,
  0xFF, 0xFF, 0xFF, 0xFF, 0xFF, 0xFF, 0xFF, 0xFF, 0xFF, 0xFF, 0xFF, 0xFF,
  0xFF, 0xFF, 0xFF, 0xFF, 0xFF, 0xFF, 0xFF, 0xFF, 0xFF, 0xFF, 0xFF, 0xFF,
  0xFF, 0xFF, 0xFF, 0xFF, 0xFF, 0xFF, 0xFF, 0xFF, 0xFF, 0xFF, 0xFF, 0xFF,
  0xFF, 0xFF, 0xFF, 0xFF, 0xFF, 0xFF, 0xFF, 0xFF, 0xFF, 0xFF, 0xFF, 0xFF,
  0xFF, 0xFF, 0xFF, 0xFF, 0xFF, 0xFF, 0xFF, 0xE0, 0x00, 0x00, 0x1F, 0xFF,
  0xFF, 0xF8, 0x00, 0x00, 0x07, 0xFF, 0xFF, 0xFE, 0x00, 0x00, 0x01, 0xFF,
  0xFF, 0xFF, 0x80, 0x00, 0x00, 0x7F, 0xFF, 0xFF, 0xE0, 0x00, 0x00, 0x1F,
  0xFF, 0xFF, 0xF8, 0x00, 0x00, 0x07, 0xFF, 0xFF, 0xFE, 0x00, 0x00, 0x01,
  0xFF, 0xFF, 0xFF, 0x80, 0x00, 0x00, 0x7F, 0xFF, 0xFF, 0xE0, 0x00, 0x00,
  0x1F, 0xFF, 0xFF, 0xF8, 0x00, 0x00, 0x07, 0xFF, 0xFF, 0xFE, 0x00, 0x00,
  0x01, 0xFF, 0xFF, 0xFF, 0x80, 0x00, 0x00, 0x7F, 0xFF, 0xFF, 0xE0, 0x00,
  0x00, 0x1F, 0xFF, 0xFF, 0xF8, 0x00, 0x00, 0x07, 0xFF, 0xFF, 0xFE, 0x00,
  0x00, 0x01, 0xFF, 0xFF, 0xFF, 0x80, 0x00, 0x00, 0x7F, 0xFF, 0xFF, 0xE0,
  0x00, 0x00, 0x1F, 0xFF, 0xFF, 0xF8, 0x00, 0x00, 0x07, 0xFF, 0xFF, 0xFE,
  0x00, 0x00, 0x01, 0xFF, 0xFF, 0xFF, 0x80, 0x00, 0x00, 0x7F, 0xFF, 0xFF,
  0xE0, 0x00, 0x00, 0x1F, 0xFF, 0xFF, 0xF8, 0x00, 0x00, 0x07, 0xFF, 0xFF,
  0xFE, 0x00, 0x00, 0x01, 0xFF, 0xFF, 0xFF, 0x80, 0x00, 0x00, 0x7F, 0xFF,
  0xFF, 0xE0, 0x00, 0x00, 0x1F, 0xFF, 0xFF, 0xF8, 0x00, 0x00, 0x07, 0xFF,
  0xFF, 0xFE, 0x00, 0x00, 0x01, 0xFF, 0xF0, 0xFF, 0xFF, 0xFF, 0xFF, 0xFF,
  0xFF, 0xFF, 0xFF, 0xFF, 0xFF, 0xFF, 0xFF, 0xFF, 0xFF, 0xFF, 0xFF, 0xFF,
  0xFF, 0xFF, 0xFF, 0xFF, 0xFF, 0xFF, 0xFF, 0xFF, 0xFF, 0xFF, 0xFF, 0xFF,
  0xFF, 0xFF, 0xFF, 0xFF, 0xFF, 0xFF, 0xFF, 0xFF, 0xFF, 0xFF, 0xFF, 0xFF,
  0xFF, 0xFF, 0xFF, 0xFF, 0xFF, 0xFF, 0xFF, 0xFF, 0xFF, 0xFF, 0xFF, 0xFF,
  0xFF, 0xFF, 0xFF, 0xFF, 0xFF, 0xFF, 0xFF, 0xFF, 0xFF, 0xFF, 0xFF, 0xFF,
  0xFF, 0xFF, 0xFF, 0xFF, 0xFF, 0xFF, 0xFF, 0xFF, 0xFF, 0xFF, 0xFF, 0xFF,
  0xFF, 0xFF, 0xFF, 0xFF, 0xFF, 0xFF, 0xFF, 0xFF, 0xFF, 0xFF, 0xFF, 0xFF,
  0xFF, 0xFF, 0xFF, 0xFF, 0xFF, 0xFF, 0xFF, 0xFF, 0xFF, 0xFF, 0xFF, 0xFC,
  0x00, 0x00, 0x00, 0x1F, 0xFF, 0x00, 0x00, 0x00, 0x1F, 0xFF, 0x00, 0x00,
  0x00, 0x1F, 0xFF, 0x00, 0x00, 0x00, 0x1F, 0xFF, 0x00, 0x00, 0x00, 0x1F,
  0xFF, 0x00, 0x00, 0x00, 0x1F, 0xFF, 0x00, 0x00, 0x00, 0x1F, 0xFF, 0x00,
  0x00, 0x00, 0x1F, 0xFF, 0x00, 0x00, 0x00, 0x1F, 0xFF, 0x00, 0x00, 0x00,
  0x1F, 0xFF, 0x00, 0x00, 0x00, 0x1F, 0xFF, 0x00, 0x00, 0x00, 0x1F, 0xFF,
  0x00, 0x00, 0x00, 0x1F, 0xFF, 0x00, 0x00, 0x00, 0x1F, 0xFF, 0x00, 0x00,
  0x00, 0x1F, 0xFF, 0x00, 0x00, 0x00, 0x1F, 0xFF, 0x00, 0x00, 0x00, 0x1F,
  0xFF, 0x00, 0x00, 0x00, 0x1F, 0xFF, 0x00, 0x00, 0x00, 0x1F, 0xFF, 0x00,
  0x00, 0x00, 0x1F, 0xFF, 0x00, 0x00, 0x00, 0x1F, 0xFF, 0x00, 0x00, 0x00,
  0x1F, 0xFF, 0x00, 0x00, 0x00, 0x1F, 0xFF, 0x00, 0x00, 0x00, 0x1F, 0xFF,
  0x00, 0x00, 0x00, 0x1F, 0xFF, 0x00, 0x00, 0x00, 0x1F, 0xFF, 0x00, 0x00,
  0x00, 0x1F, 0xFF, 0x00, 0x00, 0x00, 0x1F, 0xFF, 0x00, 0x00, 0x00, 0x1F,
  0xFF, 0x00, 0x00, 0x00, 0x1F, 0xFF, 0x00, 0x00, 0x00, 0x1F, 0xFF, 0x00,
  0x00, 0x00, 0x1F, 0xFF, 0x00, 0x00, 0x00, 0x1F, 0xFF, 0x00, 0x00, 0x00,
  0x1F, 0xFF, 0x00, 0x00, 0x00, 0x1F, 0xFF, 0x00, 0x00, 0x00, 0x1F, 0xFF,
  0x00, 0x00, 0x00, 0x1F, 0xFF, 0x00, 0x00, 0x00, 0x1F, 0xFF, 0xFF, 0xF0,
  0x00, 0x1F, 0xFF, 0xFF, 0xF0, 0x00, 0x1F, 0xFF, 0xFF, 0xF0, 0x00, 0x1F,
  0xFF, 0xFF, 0xF0, 0x00, 0x1F, 0xFF, 0xFF, 0xF0, 0x00, 0x1F, 0xFF, 0xFF,
  0xF0, 0x00, 0x1F, 0xFF, 0xFF, 0xF0, 0x00, 0x1F, 0xFF, 0xFF, 0xF8, 0x00,
  0x1F, 0xFF, 0xFF, 0xF8, 0x00, 0x1F, 0xFF, 0x7F, 0xF8, 0x00, 0x1F, 0xFF,
  0x7F, 0xF8, 0x00, 0x3F, 0xFF, 0x7F, 0xFC, 0x00, 0x3F, 0xFE, 0x7F, 0xFE,
  0x00, 0x7F, 0xFE, 0x3F, 0xFF, 0x01, 0xFF, 0xFE, 0x3F, 0xFF, 0xFF, 0xFF,
  0xFE, 0x3F, 0xFF, 0xFF, 0xFF, 0xFC, 0x1F, 0xFF, 0xFF, 0xFF, 0xFC, 0x1F,
  0xFF, 0xFF, 0xFF, 0xF8, 0x0F, 0xFF, 0xFF, 0xFF, 0xF0, 0x07, 0xFF, 0xFF,
  0xFF, 0xF0, 0x03, 0xFF, 0xFF, 0xFF, 0xE0, 0x01, 0xFF, 0xFF, 0xFF, 0x80,
  0x00, 0xFF, 0xFF, 0xFF, 0x00, 0x00, 0x3F, 0xFF, 0xFC, 0x00, 0x00, 0x03,
  0xFF, 0xC0, 0x00, 0xFF, 0xF8, 0x00, 0x00, 0x0F, 0xFF, 0xF9, 0xFF, 0xF0,
  0x00, 0x00, 0x3F, 0xFF, 0xE3, 0xFF, 0xE0, 0x00, 0x00, 0xFF, 0xFF, 0x87,
  0xFF, 0xC0, 0x00, 0x01, 0xFF, 0xFE, 0x0F, 0xFF, 0x80, 0x00, 0x07, 0xFF,
  0xF8, 0x1F, 0xFF, 0x00, 0x00, 0x1F, 0xFF, 0xE0, 0x3F, 0xFE, 0x00, 0x00,
  0x7F, 0xFF, 0x80, 0x7F, 0xFC, 0x00, 0x01, 0xFF, 0xFE, 0x00, 0xFF, 0xF8,
  0x00, 0x07, 0xFF, 0xF8, 0x01, 0xFF, 0xF0, 0x00, 0x1F, 0xFF, 0xE0, 0x03,
  0xFF, 0xE0, 0x00, 0x7F, 0xFF, 0x80, 0x07, 0xFF, 0xC0, 0x01, 0xFF, 0xFE,
  0x00, 0x0F, 0xFF, 0x80, 0x07, 0xFF, 0xF8, 0x00, 0x1F, 0xFF, 0x00, 0x1F,
  0xFF, 0xE0, 0x00, 0x3F, 0xFE, 0x00, 0x7F, 0xFF, 0x80, 0x00, 0x7F, 0xFC,
  0x01, 0xFF, 0xFE, 0x00, 0x00, 0xFF, 0xF8, 0x07, 0xFF, 0xF8, 0x00, 0x01,
  0xFF, 0xF0, 0x1F, 0xFF, 0xE0, 0x00, 0x03, 0xFF, 0xE0, 0x7F, 0xFF, 0x80,
  0x00, 0x07, 0xFF, 0xC0, 0xFF, 0xFE, 0x00, 0x00, 0x0F, 0xFF, 0x83, 0xFF,
  0xF8, 0x00, 0x00, 0x1F, 0xFF, 0x0F, 0xFF, 0xE0, 0x00, 0x00, 0x3F, 0xFE,
  0x3F, 0xFF, 0x80, 0x00, 0x00, 0x7F, 0xFC, 0xFF, 0xFE, 0x00, 0x00, 0x00,
  0xFF, 0xFB, 0xFF, 0xF8, 0x00, 0x00, 0x01, 0xFF, 0xFF, 0xFF, 0xE0, 0x00,
  0x00, 0x03, 0xFF, 0xFF, 0xFF, 0xE0, 0x00, 0x00, 0x07, 0xFF, 0xFF, 0xFF,
  0xE0, 0x00, 0x00, 0x0F, 0xFF, 0xFF, 0xFF, 0xC0, 0x00, 0x00, 0x1F, 0xFF,
  0xFF, 0xFF, 0xC0, 0x00, 0x00, 0x3F, 0xFF, 0xFF, 0xFF, 0xC0, 0x00, 0x00,
  0x7F, 0xFF, 0xFF, 0xFF, 0x80, 0x00, 0x00, 0xFF, 0xFF, 0xFF, 0xFF, 0x80,
  0x00, 0x01, 0xFF, 0xFF, 0xFF, 0xFF, 0x80, 0x00, 0x03, 0xFF, 0xFF, 0xFF,
  0xFF, 0x80, 0x00, 0x07, 0xFF, 0xFF, 0x7F, 0xFF, 0x00, 0x00, 0x0F, 0xFF,
  0xFC, 0x7F, 0xFF, 0x00, 0x00, 0x1F, 0xFF, 0xF0, 0xFF, 0xFF, 0x00, 0x00,
  0x3F, 0xFF, 0xC0, 0xFF, 0xFE, 0x00, 0x00, 0x7F, 0xFF, 0x00, 0xFF, 0xFE,
  0x00, 0x00, 0xFF, 0xFC, 0x01, 0xFF, 0xFE, 0x00, 0x01, 0xFF, 0xF0, 0x01,
  0xFF, 0xFE, 0x00, 0x03, 0xFF, 0xE0, 0x01, 0xFF, 0xFC, 0x00, 0x07, 0xFF,
  0xC0, 0x01, 0xFF, 0xFC, 0x00, 0x0F, 0xFF, 0x80, 0x03, 0xFF, 0xFC, 0x00,
  0x1F, 0xFF, 0x00, 0x03, 0xFF, 0xFC, 0x00, 0x3F, 0xFE, 0x00, 0x03, 0xFF,
  0xF8, 0x00, 0x7F, 0xFC, 0x00, 0x07, 0xFF, 0xF8, 0x00, 0xFF, 0xF8, 0x00,
  0x07, 0xFF, 0xF8, 0x01, 0xFF, 0xF0, 0x00, 0x07, 0xFF, 0xF0, 0x03, 0xFF,
  0xE0, 0x00, 0x07, 0xFF, 0xF0, 0x07, 0xFF, 0xC0, 0x00, 0x0F, 0xFF, 0xF0,
  0x0F, 0xFF, 0x80, 0x00, 0x0F, 0xFF, 0xF0, 0x1F, 0xFF, 0x00, 0x00, 0x0F,
  0xFF, 0xE0, 0x3F, 0xFE, 0x00, 0x00, 0x1F, 0xFF, 0xE0, 0x7F, 0xFC, 0x00,
  0x00, 0x1F, 0xFF, 0xE0, 0xFF, 0xF8, 0x00, 0x00, 0x1F, 0xFF, 0xE1, 0xFF,
  0xF0, 0x00, 0x00, 0x3F, 0xFF, 0xC3, 0xFF, 0xE0, 0x00, 0x00, 0x3F, 0xFF,
  0xC7, 0xFF, 0xC0, 0x00, 0x00, 0x3F, 0xFF, 0xCF, 0xFF, 0x80, 0x00, 0x00,
  0x3F, 0xFF, 0x9F, 0xFF, 0x00, 0x00, 0x00, 0x7F, 0xFF, 0xC0, 0xFF, 0xF8,
  0x00, 0x00, 0x00, 0x0F, 0xFF, 0x80, 0x00, 0x00, 0x00, 0xFF, 0xF8, 0x00,
  0x00, 0x00, 0x0F, 0xFF, 0x80, 0x00, 0x00, 0x00, 0xFF, 0xF8, 0x00, 0x00,
  0x00, 0x0F, 0xFF, 0x80, 0x00, 0x00, 0x00, 0xFF, 0xF8, 0x00, 0x00, 0x00,
  0x0F, 0xFF, 0x80, 0x00, 0x00, 0x00, 0xFF, 0xF8, 0x00, 0x00, 0x00, 0x0F,
  0xFF, 0x80, 0x00, 0x00, 0x00, 0xFF, 0xF8, 0x00, 0x00, 0x00, 0x0F, 0xFF,
  0x80, 0x00, 0x00, 0x00, 0xFF, 0xF8, 0x00, 0x00, 0x00, 0x0F, 0xFF, 0x80,
  0x00, 0x00, 0x00, 0xFF, 0xF8, 0x00, 0x00, 0x00, 0x0F, 0xFF, 0x80, 0x00,
  0x00, 0x00, 0xFF, 0xF8, 0x00, 0x00, 0x00, 0x0F, 0xFF, 0x80, 0x00, 0x00,
  0x00, 0xFF, 0xF8, 0x00, 0x00, 0x00, 0x0F, 0xFF, 0x80, 0x00, 0x00, 0x00,
  0xFF, 0xF8, 0x00, 0x00, 0x00, 0x0F, 0xFF, 0x80, 0x00, 0x00, 0x00, 0xFF,
  0xF8, 0x00, 0x00, 0x00, 0x0F, 0xFF, 0x80, 0x00, 0x00, 0x00, 0xFF, 0xF8,
  0x00, 0x00, 0x00, 0x0F, 0xFF, 0x80, 0x00, 0x00, 0x00, 0xFF, 0xF8, 0x00,
  0x00, 0x00, 0x0F, 0xFF, 0x80, 0x00, 0x00, 0x00, 0xFF, 0xF8, 0x00, 0x00,
  0x00, 0x0F, 0xFF, 0x80, 0x00, 0x00, 0x00, 0xFF, 0xF8, 0x00, 0x00, 0x00,
  0x0F, 0xFF, 0x80, 0x00, 0x00, 0x00, 0xFF, 0xF8, 0x00, 0x00, 0x00, 0x0F,
  0xFF, 0x80, 0x00, 0x00, 0x00, 0xFF, 0xF8, 0x00, 0x00, 0x00, 0x0F, 0xFF,
  0x80, 0x00, 0x00, 0x00, 0xFF, 0xF8, 0x00, 0x00, 0x00, 0x0F, 0xFF, 0x80,
  0x00, 0x00, 0x00, 0xFF, 0xF8, 0x00, 0x00, 0x00, 0x0F, 0xFF, 0x80, 0x00,
  0x00, 0x00, 0xFF, 0xF8, 0x00, 0x00, 0x00, 0x0F, 0xFF, 0x80, 0x00, 0x00,
  0x00, 0xFF, 0xF8, 0x00, 0x00, 0x00, 0x0F, 0xFF, 0x80, 0x00, 0x00, 0x00,
  0xFF, 0xF8, 0x00, 0x00, 0x00, 0x0F, 0xFF, 0x80, 0x00, 0x00, 0x00, 0xFF,
  0xF8, 0x00, 0x00, 0x00, 0x0F, 0xFF, 0x80, 0x00, 0x00, 0x00, 0xFF, 0xF8,
  0x00, 0x00, 0x00, 0x0F, 0xFF, 0x80, 0x00, 0x00, 0x00, 0xFF, 0xF8, 0x00,
  0x00, 0x00, 0x0F, 0xFF, 0xFF, 0xFF, 0xFF, 0xFF, 0xFF, 0xFF, 0xFF, 0xFF,
  0xFF, 0xFF, 0xFF, 0xFF, 0xFF, 0xFF, 0xFF, 0xFF, 0xFF, 0xFF, 0xFF, 0xFF,
  0xFF, 0xFF, 0xFF, 0xFF, 0xFF, 0xFF, 0xFF, 0xFF, 0xFF, 0xFF, 0xFF, 0xFF,
  0xFF, 0xFF, 0xFF, 0xFF, 0xFF, 0xFF, 0xFF, 0xFF, 0xFF, 0xFF, 0xFF, 0xFF,
  0xFF, 0xFF, 0xFF, 0xFF, 0xFF, 0xFF, 0xFF, 0xFF, 0xFF, 0xFF, 0xFF, 0xFF,
  0xFF, 0xFF, 0xFF, 0xFF, 0xFF, 0xE0, 0x00, 0x00, 0x7F, 0xFF, 0xFF, 0xFF,
  0xFE, 0x00, 0x00, 0x07, 0xFF, 0xFF, 0xFF, 0xFF, 0xE0, 0x00, 0x00, 0x7F,
  0xFF, 0xFF, 0xFF, 0xFF, 0x00, 0x00, 0x07, 0xFF, 0xFF, 0xFF, 0xFF, 0xF0,
  0x00, 0x00, 0xFF, 0xFF, 0xFF, 0xFF, 0xFF, 0x00, 0x00, 0x0F, 0xFF, 0xFF,
  0xFF, 0xFF, 0xF0, 0x00, 0x00, 0xFF, 0xFF, 0xFF, 0xFF, 0xFF, 0x80, 0x00,
  0x0F, 0xFF, 0xFF, 0xFF, 0xFF, 0xF8, 0x00, 0x01, 0xFF, 0xFF, 0xFF, 0xFF,
  0xFF, 0x80, 0x00, 0x1F, 0xFF, 0xFF, 0xFF, 0xFF, 0xF8, 0x00, 0x01, 0xFF,
  0xFF, 0xFF, 0xFF, 0xFF, 0x80, 0x00, 0x1F, 0xFF, 0xFF, 0xFF, 0xFF, 0xFC,
  0x00, 0x01, 0xFF, 0xFF, 0xFF, 0xFF, 0x7F, 0xC0, 0x00, 0x3F, 0xEF, 0xFF,
  0xFF, 0xF7, 0xFC, 0x00, 0x03, 0xFE, 0xFF, 0xFF, 0xFF, 0x7F, 0xC0, 0x00,
  0x3F, 0xEF, 0xFF, 0xFF, 0xF7, 0xFE, 0x00, 0x03, 0xFE, 0xFF, 0xFF, 0xFF,
  0x3F, 0xE0, 0x00, 0x7F, 0xCF, 0xFF, 0xFF, 0xF3, 0xFE, 0x00, 0x07, 0xFC,
  0xFF, 0xFF, 0xFF, 0x3F, 0xE0, 0x00, 0x7F, 0xCF, 0xFF, 0xFF, 0xF3, 0xFF,
  0x00, 0x07, 0xFC, 0xFF, 0xFF, 0xFF, 0x1F, 0xF0, 0x00, 0xFF, 0x8F, 0xFF,
  0xFF, 0xF1, 0xFF, 0x00, 0x0F, 0xF8, 0xFF, 0xFF, 0xFF, 0x1F, 0xF0, 0x00,
  0xFF, 0x8F, 0xFF, 0xFF, 0xF1, 0xFF, 0x80, 0x0F, 0xF8, 0xFF, 0xFF, 0xFF,
  0x1F, 0xF8, 0x01, 0xFF, 0x8F, 0xFF, 0xFF, 0xF0, 0xFF, 0x80, 0x1F, 0xF0,
  0xFF, 0xFF, 0xFF, 0x0F, 0xF8, 0x01, 0xFF, 0x0F, 0xFF, 0xFF, 0xF0, 0xFF,
  0x80, 0x1F, 0xF0, 0xFF, 0xFF, 0xFF, 0x0F, 0xFC, 0x01, 0xFF, 0x0F, 0xFF,
  0xFF, 0xF0, 0x7F, 0xC0, 0x3F, 0xE0, 0xFF, 0xFF, 0xFF, 0x07, 0xFC, 0x03,
  0xFE, 0x0F, 0xFF, 0xFF, 0xF0, 0x7F, 0xC0, 0x3F, 0xE0, 0xFF, 0xFF, 0xFF,
  0x07, 0xFE, 0x03, 0xFE, 0x0F, 0xFF, 0xFF, 0xF0, 0x7F, 0xE0, 0x7F, 0xE0,
  0xFF, 0xFF, 0xFF, 0x03, 0xFE, 0x07, 0xFC, 0x0F, 0xFF, 0xFF, 0xF0, 0x3F,
  0xE0, 0x7F, 0xC0, 0xFF, 0xFF, 0xFF, 0x03, 0xFF, 0x07, 0xFC, 0x0F, 0xFF,
  0xFF, 0xF0, 0x3F, 0xF0, 0xFF, 0xC0, 0xFF, 0xFF, 0xFF, 0x01, 0xFF, 0x0F,
  0xF8, 0x0F, 0xFF, 0xFF, 0xF0, 0x1F, 0xF0, 0xFF, 0x80, 0xFF, 0xFF, 0xFF,
  0x01, 0xFF, 0x0F, 0xF8, 0x0F, 0xFF, 0xFF, 0xF0, 0x1F, 0xF8, 0xFF, 0x80,
  0xFF, 0xFF, 0xFF, 0x01, 0xFF, 0x9F, 0xF0, 0x0F, 0xFF, 0xFF, 0xF0, 0x0F,
  0xF9, 0xFF, 0x00, 0xFF, 0xFF, 0xFF, 0x00, 0xFF, 0x9F, 0xF0, 0x0F, 0xFF,
  0xFF, 0xF0, 0x0F, 0xFD, 0xFF, 0x00, 0xFF, 0xFF, 0xFF, 0x00, 0xFF, 0xFF,
  0xF0, 0x0F, 0xFF, 0xFF, 0xF0, 0x07, 0xFF, 0xFE, 0x00, 0xFF, 0xFF, 0xFF,
  0x00, 0x7F, 0xFF, 0xE0, 0x0F, 0xFF, 0xFF, 0xF0, 0x07, 0xFF, 0xFE, 0x00,
  0xFF, 0xFF, 0xFF, 0x00, 0x7F, 0xFF, 0xE0, 0x0F, 0xFF, 0xFF, 0xF0, 0x07,
  0xFF, 0xFC, 0x00, 0xFF, 0xFF, 0xFF, 0x00, 0x3F, 0xFF, 0xC0, 0x0F, 0xFF,
  0xFF, 0xF0, 0x03, 0xFF, 0xFC, 0x00, 0xFF, 0xFF, 0xFF, 0x00, 0x3F, 0xFF,
  0xC0, 0x0F, 0xFF, 0xFF, 0xF0, 0x03, 0xFF, 0xFC, 0x00, 0xFF, 0xFF, 0xFF,
  0x00, 0x1F, 0xFF, 0x80, 0x0F, 0xFF, 0xFF, 0xF0, 0x01, 0xFF, 0xF8, 0x00,
  0xFF, 0xFF, 0xFF, 0x00, 0x1F, 0xFF, 0x80, 0x0F, 0xFF, 0xFF, 0xF0, 0x01,
  0xFF, 0xF8, 0x00, 0xFF, 0xFF, 0xFF, 0x00, 0x0F, 0xFF, 0x00, 0x0F, 0xFF,
  0xFF, 0xFC, 0x00, 0x00, 0x03, 0xFF, 0xFF, 0xFF, 0x00, 0x00, 0x00, 0xFF,
  0xFF, 0xFF, 0xE0, 0x00, 0x00, 0x3F, 0xFF, 0xFF, 0xFC, 0x00, 0x00, 0x0F,
  0xFF, 0xFF, 0xFF, 0x00, 0x00, 0x03, 0xFF, 0xFF, 0xFF, 0xE0, 0x00, 0x00,
  0xFF, 0xFF, 0xFF, 0xF8, 0x00, 0x00, 0x3F, 0xFF, 0xFF, 0xFF, 0x00, 0x00,
  0x0F, 0xFF, 0xFF, 0xFF, 0xE0, 0x00, 0x03, 0xFF, 0xFF, 0xFF, 0xF8, 0x00,
  0x00, 0xFF, 0xFF, 0xFF, 0xFF, 0x00, 0x00, 0x3F, 0xFF, 0xFF, 0xFF, 0xC0,
  0x00, 0x0F, 0xFF, 0xFF, 0xFF, 0xF8, 0x00, 0x03, 0xFF, 0xFF, 0xFF, 0xFE,
  0x00, 0x00, 0xFF, 0xFF, 0xFF, 0xFF, 0xC0, 0x00, 0x3F, 0xFF, 0xFF, 0xFF,
  0xF8, 0x00, 0x0F, 0xFF, 0xFF, 0xFF, 0xFE, 0x00, 0x03, 0xFF, 0xFF, 0xFF,
  0xFF, 0xC0, 0x00, 0xFF, 0xFF, 0xFF, 0xFF, 0xF0, 0x00, 0x3F, 0xFF, 0xFF,
  0xFF, 0xFE, 0x00, 0x0F, 0xFF, 0xFF, 0xF7, 0xFF, 0xC0, 0x03, 0xFF, 0xFF,
  0xFD, 0xFF, 0xF0, 0x00, 0xFF, 0xFF, 0xFF, 0x3F, 0xFE, 0x00, 0x3F, 0xFF,
  0xFF, 0xCF, 0xFF, 0x80, 0x0F, 0xFF, 0xFF, 0xF1, 0xFF, 0xF0, 0x03, 0xFF,
  0xFF, 0xFC, 0x3F, 0xFE, 0x00, 0xFF, 0xFF, 0xFF, 0x0F, 0xFF, 0x80, 0x3F,
  0xFF, 0xFF, 0xC1, 0xFF, 0xF0, 0x0F, 0xFF, 0xFF, 0xF0, 0x7F, 0xFC, 0x03,
  0xFF, 0xFF, 0xFC, 0x0F, 0xFF, 0x80, 0xFF, 0xFF, 0xFF, 0x01, 0xFF, 0xF0,
  0x3F, 0xFF, 0xFF, 0xC0, 0x7F, 0xFC, 0x0F, 0xFF, 0xFF, 0xF0, 0x0F, 0xFF,
  0x83, 0xFF, 0xFF, 0xFC, 0x03, 0xFF, 0xE0, 0xFF, 0xFF, 0xFF, 0x00, 0x7F,
  0xFC, 0x3F, 0xFF, 0xFF, 0xC0, 0x1F, 0xFF, 0x0F, 0xFF, 0xFF, 0xF0, 0x03,
  0xFF, 0xE3, 0xFF, 0xFF, 0xFC, 0x00, 0x7F, 0xFC, 0xFF, 0xFF, 0xFF, 0x00,
  0x1F, 0xFF, 0x3F, 0xFF, 0xFF, 0xC0, 0x03, 0xFF, 0xEF, 0xFF, 0xFF, 0xF0,
  0x00, 0xFF, 0xFB, 0xFF, 0xFF, 0xFC, 0x00, 0x1F, 0xFF, 0xFF, 0xFF, 0xFF,
  0x00, 0x03, 0xFF, 0xFF, 0xFF, 0xFF, 0xC0, 0x00, 0xFF, 0xFF, 0xFF, 0xFF,
  0xF0, 0x00, 0x1F, 0xFF, 0xFF, 0xFF, 0xFC, 0x00, 0x07, 0xFF, 0xFF, 0xFF,
  0xFF, 0x00, 0x00, 0xFF, 0xFF, 0xFF, 0xFF, 0xC0, 0x00, 0x1F, 0xFF, 0xFF,
  0xFF, 0xF0, 0x00, 0x07, 0xFF, 0xFF, 0xFF, 0xFC, 0x00, 0x00, 0xFF, 0xFF,
  0xFF, 0xFF, 0x00, 0x00, 0x3F, 0xFF, 0xFF, 0xFF, 0xC0, 0x00, 0x07, 0xFF,
  0xFF, 0xFF, 0xF0, 0x00, 0x00, 0xFF, 0xFF, 0xFF, 0xFC, 0x00, 0x00, 0x3F,
  0xFF, 0xFF, 0xFF, 0x00, 0x00, 0x07, 0xFF, 0xFF, 0xFF, 0xC0, 0x00, 0x01,
  0xFF, 0xFF, 0xFF, 0xF0, 0x00, 0x00, 0x3F, 0xFF, 0xFF, 0xFC, 0x00, 0x00,
  0x0F, 0xFF, 0xFF, 0xFF, 0x00, 0x00, 0x01, 0xFF, 0xFF, 0xFF, 0xC0, 0x00,
  0x00, 0x3F, 0xFF, 0xFF, 0xF0, 0x00, 0x00, 0x0F, 0xFF, 0xFF, 0xFC, 0x00,
  0x00, 0x01, 0xFF, 0xF0, 0x00, 0x00, 0x01, 0xFF, 0xF0, 0x00, 0x00, 0x00,
  0x00, 0x03, 0xFF, 0xFF, 0xE0, 0x00, 0x00, 0x00, 0x03, 0xFF, 0xFF, 0xFF,
  0x80, 0x00, 0x00, 0x01, 0xFF, 0xFF, 0xFF, 0xFC, 0x00, 0x00, 0x00, 0x7F,
  0xFF, 0xFF, 0xFF, 0xE0, 0x00, 0x00, 0x3F, 0xFF, 0xFF, 0xFF, 0xFE, 0x00,
  0x00, 0x0F, 0xFF, 0xFF, 0xFF, 0xFF, 0xE0, 0x00, 0x03, 0xFF, 0xFF, 0xFF,
  0xFF, 0xFE, 0x00, 0x00, 0xFF, 0xFF, 0xFF, 0xFF, 0xFF, 0xE0, 0x00, 0x3F,
  0xFF, 0xFF, 0xFF, 0xFF, 0xFE, 0x00, 0x0F, 0xFF, 0xFF, 0xFF, 0xFF, 0xFF,
  0xE0, 0x01, 0xFF, 0xFF, 0xE0, 0x1F, 0xFF, 0xFC, 0x00, 0x7F, 0xFF, 0xE0,
  0x00, 0xFF, 0xFF, 0xC0, 0x1F, 0xFF, 0xF0, 0x00, 0x07, 0xFF, 0xFC, 0x03,
  0xFF, 0xF8, 0x00, 0x00, 0x7F, 0xFF, 0x80, 0xFF, 0xFE, 0x00, 0x00, 0x03,
  0xFF, 0xF8, 0x1F, 0xFF, 0xC0, 0x00, 0x00, 0x7F, 0xFF, 0x07, 0xFF, 0xF0,
  0x00, 0x00, 0x07, 0xFF, 0xF0, 0xFF, 0xFC, 0x00, 0x00, 0x00, 0x7F, 0xFE,
  0x1F, 0xFF, 0x80, 0x00, 0x00, 0x0F, 0xFF, 0xC7, 0xFF, 0xE0, 0x00, 0x00,
  0x00, 0xFF, 0xFC, 0xFF, 0xFC, 0x00, 0x00, 0x00, 0x1F, 0xFF, 0x9F, 0xFF,
  0x00, 0x00, 0x00, 0x01, 0xFF, 0xF3, 0xFF, 0xE0, 0x00, 0x00, 0x00, 0x3F,
  0xFE, 0x7F, 0xFC, 0x00, 0x00, 0x00, 0x07, 0xFF, 0xDF, 0xFF, 0x80, 0x00,
  0x00, 0x00, 0xFF, 0xFF, 0xFF, 0xE0, 0x00, 0x00, 0x00, 0x0F, 0xFF, 0xFF,
  0xFC, 0x00, 0x00, 0x00, 0x01, 0xFF, 0xFF, 0xFF, 0x80, 0x00, 0x00, 0x00,
  0x3F, 0xFF, 0xFF, 0xF0, 0x00, 0x00, 0x00, 0x07, 0xFF, 0xFF, 0xFE, 0x00,
  0x00, 0x00, 0x00, 0xFF, 0xFF, 0xFF, 0xC0, 0x00, 0x00, 0x00, 0x1F, 0xFF,
  0xFF, 0xF8, 0x00, 0x00, 0x00, 0x03, 0xFF, 0xFF, 0xFF, 0x00, 0x00, 0x00,
  0x00, 0x7F, 0xFF, 0xFF, 0xE0, 0x00, 0x00, 0x00, 0x0F, 0xFF, 0xFF, 0xFC,
  0x00, 0x00, 0x00, 0x01, 0xFF, 0xFF, 0xFF, 0x80, 0x00, 0x00, 0x00, 0x3F,
  0xFF, 0xFF, 0xF0, 0x00, 0x00, 0x00, 0x07, 0xFF, 0xFF, 0xFE, 0x00, 0x00,
  0x00, 0x00, 0xFF, 0xFF, 0xFF, 0xE0, 0x00, 0x00, 0x00, 0x3F, 0xFF, 0x7F,
  0xFC, 0x00, 0x00, 0x00, 0x07, 0xFF, 0xCF, 0xFF, 0x80, 0x00, 0x00, 0x00,
  0xFF, 0xF9, 0xFF, 0xF0, 0x00, 0x00, 0x00, 0x1F, 0xFF, 0x3F, 0xFF, 0x00,
  0x00, 0x00, 0x07, 0xFF, 0xE7, 0xFF, 0xE0, 0x00, 0x00, 0x00, 0xFF, 0xF8,
  0x7F, 0xFE, 0x00, 0x00, 0x00, 0x3F, 0xFF, 0x0F, 0xFF, 0xC0, 0x00, 0x00,
  0x07, 0xFF, 0xE1, 0xFF, 0xFC, 0x00, 0x00, 0x01, 0xFF, 0xFC, 0x1F, 0xFF,
  0xC0, 0x00, 0x00, 0x7F, 0xFF, 0x03, 0xFF, 0xF8, 0x00, 0x00, 0x0F, 0xFF,
  0xE0, 0x3F, 0xFF, 0xC0, 0x00, 0x03, 0xFF, 0xF8, 0x07, 0xFF, 0xFC, 0x00,
  0x01, 0xFF, 0xFF, 0x00, 0x7F, 0xFF, 0xE0, 0x00, 0x7F, 0xFF, 0xC0, 0x07,
  0xFF, 0xFF, 0x00, 0x7F, 0xFF, 0xF0, 0x00, 0xFF, 0xFF, 0xFF, 0xFF, 0xFF,
  0xFE, 0x00, 0x0F, 0xFF, 0xFF, 0xFF, 0xFF, 0xFF, 0x80, 0x00, 0xFF, 0xFF,
  0xFF, 0xFF, 0xFF, 0xE0, 0x00, 0x0F, 0xFF, 0xFF, 0xFF, 0xFF, 0xF8, 0x00,
  0x00, 0xFF, 0xFF, 0xFF, 0xFF, 0xFE, 0x00, 0x00, 0x0F, 0xFF, 0xFF, 0xFF,
  0xFF, 0x80, 0x00, 0x00, 0xFF, 0xFF, 0xFF, 0xFF, 0xC0, 0x00, 0x00, 0x07,
  0xFF, 0xFF, 0xFF, 0xF0, 0x00, 0x00, 0x00, 0x3F, 0xFF, 0xFF, 0xF8, 0x00,
  0x00, 0x00, 0x00, 0xFF, 0xFF, 0xF8, 0x00, 0x00, 0x00, 0x00, 0x01, 0xFF,
  0xF0, 0x00, 0x00, 0x00, 0xFF, 0xFF, 0xFF, 0xFF, 0x00, 0x01, 0xFF, 0xFF,
  0xFF, 0xFF, 0xE0, 0x03, 0xFF, 0xFF, 0xFF, 0xFF, 0xF0, 0x07, 0xFF, 0xFF,
  0xFF, 0xFF, 0xF8, 0x0F, 0xFF, 0xFF, 0xFF, 0xFF, 0xF8, 0x1F, 0xFF, 0xFF,
  0xFF, 0xFF, 0xF8, 0x3F, 0xFF, 0xFF, 0xFF, 0xFF, 0xF8, 0x7F, 0xFF, 0xFF,
  0xFF, 0xFF, 0xF8, 0xFF, 0xFF, 0xFF, 0xFF, 0xFF, 0xF1, 0xFF, 0xFF, 0xFF,
  0xFF, 0xFF, 0xF3, 0xFF, 0xFF, 0xFF, 0xFF, 0xFF, 0xE7, 0xFF, 0xC0, 0x00,
  0x7F, 0xFF, 0xEF, 0xFF, 0x80, 0x00, 0x1F, 0xFF, 0xDF, 0xFF, 0x00, 0x00,
  0x1F, 0xFF, 0xBF, 0xFE, 0x00, 0x00, 0x1F, 0xFF, 0xFF, 0xFC, 0x00, 0x00,
  0x3F, 0xFF, 0xFF, 0xF8, 0x00, 0x00, 0x3F, 0xFF, 0xFF, 0xF0, 0x00, 0x00,
  0x7F, 0xFF, 0xFF, 0xE0, 0x00, 0x00, 0xFF, 0xFF, 0xFF, 0xC0, 0x00, 0x01,
  0xFF, 0xFF, 0xFF, 0x80, 0x00, 0x03, 0xFF, 0xFF, 0xFF, 0x00, 0x00, 0x07,
  0xFF, 0xFF, 0xFE, 0x00, 0x00, 0x0F, 0xFF, 0xFF, 0xFC, 0x00, 0x00, 0x1F,
  0xFF, 0xFF, 0xF8, 0x00, 0x00, 0x7F, 0xFF, 0xFF, 0xF0, 0x00, 0x00, 0xFF,
  0xFF, 0xFF, 0xE0, 0x00, 0x03, 0xFF, 0xF7, 0xFF, 0xC0, 0x00, 0x0F, 0xFF,
  0xEF, 0xFF, 0x80, 0x00, 0xFF, 0xFF, 0xDF, 0xFF, 0xFF, 0xFF, 0xFF, 0xFF,
  0xBF, 0xFF, 0xFF, 0xFF, 0xFF, 0xFE, 0x7F, 0xFF, 0xFF, 0xFF, 0xFF, 0xFC,
  0xFF, 0xFF, 0xFF, 0xFF, 0xFF, 0xF1, 0xFF, 0xFF, 0xFF, 0xFF, 0xFF, 0xC3,
  0xFF, 0xFF, 0xFF, 0xFF, 0xFF, 0x07, 0xFF, 0xFF, 0xFF, 0xFF, 0xFC, 0x0F,
  0xFF, 0xFF, 0xFF, 0xFF, 0xF0, 0x1F, 0xFF, 0xFF, 0xFF, 0xFF, 0x80, 0x3F,
  0xFF, 0xFF, 0xFF, 0xFC, 0x00, 0x7F, 0xFF, 0xFF, 0xFF, 0x80, 0x00, 0xFF,
  0xF8, 0x00, 0x00, 0x00, 0x01, 0xFF, 0xF0, 0x00, 0x00, 0x00, 0x03, 0xFF,
  0xE0, 0x00, 0x00, 0x00, 0x07, 0xFF, 0xC0, 0x00, 0x00, 0x00, 0x0F, 0xFF,
  0x80, 0x00, 0x00, 0x00, 0x1F, 0xFF, 0x00, 0x00, 0x00, 0x00, 0x3F, 0xFE,
  0x00, 0x00, 0x00, 0x00, 0x7F, 0xFC, 0x00, 0x00, 0x00, 0x00, 0xFF, 0xF8,
  0x00, 0x00, 0x00, 0x01, 0xFF, 0xF0, 0x00, 0x00, 0x00, 0x03, 0xFF, 0xE0,
  0x00, 0x00, 0x00, 0x07, 0xFF, 0xC0, 0x00, 0x00, 0x00, 0x0F, 0xFF, 0x80,
  0x00, 0x00, 0x00, 0x1F, 0xFF, 0x00, 0x00, 0x00, 0x00, 0x3F, 0xFE, 0x00,
  0x00, 0x00, 0x00, 0x7F, 0xFC, 0x00, 0x00, 0x00, 0x00, 0xFF, 0xF8, 0x00,
  0x00, 0x00, 0x01, 0xFF, 0xF0, 0x00, 0x00, 0x00, 0x03, 0xFF, 0xE0, 0x00,
  0x00, 0x00, 0x07, 0xFF, 0xC0, 0x00, 0x00, 0x00, 0x0F, 0xFF, 0x80, 0x00,
  0x00, 0x00, 0x1F, 0xFF, 0x00, 0x00, 0x00, 0x00, 0x00, 0x00, 0x00, 0x00,
  0xFF, 0xF0, 0x00, 0x00, 0x00, 0x00, 0x03, 0xFF, 0xFF, 0xE0, 0x00, 0x00,
  0x00, 0x01, 0xFF, 0xFF, 0xFF, 0x00, 0x00, 0x00, 0x00, 0xFF, 0xFF, 0xFF,
  0xF8, 0x00, 0x00, 0x00, 0x7F, 0xFF, 0xFF, 0xFF, 0xC0, 0x00, 0x00, 0x1F,
  0xFF, 0xFF, 0xFF, 0xFC, 0x00, 0x00, 0x0F, 0xFF, 0xFF, 0xFF, 0xFF, 0xE0,
  0x00, 0x03, 0xFF, 0xFF, 0xFF, 0xFF, 0xFE, 0x00, 0x00, 0xFF, 0xFF, 0xFF,
  0xFF, 0xFF, 0xE0, 0x00, 0x3F, 0xFF, 0xFF, 0xFF, 0xFF, 0xFE, 0x00, 0x0F,
  0xFF, 0xFF, 0xFF, 0xFF, 0xFF, 0xC0, 0x01, 0xFF, 0xFF, 0xC0, 0x1F, 0xFF,
  0xFC, 0x00, 0x7F, 0xFF, 0xE0, 0x00, 0x7F, 0xFF, 0xC0, 0x1F, 0xFF, 0xF0,
  0x00, 0x03, 0xFF, 0xFC, 0x03, 0xFF, 0xF8, 0x00, 0x00, 0x3F, 0xFF, 0x80,
  0xFF, 0xFE, 0x00, 0x00, 0x03, 0xFF, 0xF8, 0x1F, 0xFF, 0x80, 0x00, 0x00,
  0x3F, 0xFF, 0x03, 0xFF, 0xF0, 0x00, 0x00, 0x07, 0xFF, 0xF0, 0xFF, 0xFC,
  0x00, 0x00, 0x00, 0x7F, 0xFE, 0x1F, 0xFF, 0x80, 0x00, 0x00, 0x07, 0xFF,
  0xC3, 0xFF, 0xE0, 0x00, 0x00, 0x00, 0xFF, 0xFC, 0xFF, 0xFC, 0x00, 0x00,
  0x00, 0x1F, 0xFF, 0x9F, 0xFF, 0x00, 0x00, 0x00, 0x01, 0xFF, 0xF3, 0xFF,
  0xE0, 0x00, 0x00, 0x00, 0x3F, 0xFE, 0x7F, 0xFC, 0x00, 0x00, 0x00, 0x07,
  0xFF, 0xDF, 0xFF, 0x80, 0x00, 0x00, 0x00, 0xFF, 0xFF, 0xFF, 0xE0, 0x00,
  0x00, 0x00, 0x0F, 0xFF, 0xFF, 0xFC, 0x00, 0x00, 0x00, 0x01, 0xFF, 0xFF,
  0xFF, 0x80, 0x00, 0x00, 0x00, 0x3F, 0xFF, 0xFF, 0xF0, 0x00, 0x00, 0x00,
  0x07, 0xFF, 0xFF, 0xFE, 0x00, 0x00, 0x00, 0x00, 0xFF, 0xFF, 0xFF, 0xC0,
  0x00, 0x00, 0x00, 0x1F, 0xFF, 0xFF, 0xF8, 0x00, 0x00, 0x00, 0x03, 0xFF,
  0xFF, 0xFF, 0x00, 0x00, 0x00, 0x00, 0x7F, 0xFF, 0xFF, 0xE0, 0x00, 0x00,
  0x00, 0x0F, 0xFF, 0xFF, 0xFC, 0x00, 0x00, 0x00, 0x01, 0xFF, 0xFF, 0xFF,
  0x80, 0x00, 0x00, 0x00, 0x3F, 0xFF, 0xFF, 0xF0, 0x00, 0x00, 0x00, 0x07,
  0xFF, 0xFF, 0xFE, 0x00, 0x00, 0x00, 0x01, 0xFF, 0xFF, 0xFF, 0xE0, 0x00,
  0x00, 0x40, 0x3F, 0xFE, 0x7F, 0xFC, 0x00, 0x00, 0x0C, 0x07, 0xFF, 0xCF,
  0xFF, 0x80, 0x00, 0x03, 0xC0, 0xFF, 0xF9, 0xFF, 0xF0, 0x00, 0x00, 0xFC,
  0x3F, 0xFF, 0x3F, 0xFF, 0x00, 0x00, 0x3F, 0xC7, 0xFF, 0xE7, 0xFF, 0xE0,
  0x00, 0x0F, 0xFC, 0xFF, 0xF8, 0x7F, 0xFE, 0x00, 0x03, 0xFF, 0xFF, 0xFF,
  0x0F, 0xFF, 0xC0, 0x00, 0xFF, 0xFF, 0xFF, 0xE1, 0xFF, 0xFC, 0x00, 0x0F,
  0xFF, 0xFF, 0xF8, 0x1F, 0xFF, 0x80, 0x00, 0xFF, 0xFF, 0xFF, 0x03, 0xFF,
  0xF8, 0x00, 0x0F, 0xFF, 0xFF, 0xC0, 0x3F, 0xFF, 0x80, 0x00, 0xFF, 0xFF,
  0xF8, 0x07, 0xFF, 0xFC, 0x00, 0x0F, 0xFF, 0xFE, 0x00, 0x7F, 0xFF, 0xE0,
  0x00, 0xFF, 0xFF, 0x80, 0x07, 0xFF, 0xFF, 0x00, 0xFF, 0xFF, 0xF0, 0x00,
  0xFF, 0xFF, 0xFF, 0xFF, 0xFF, 0xFE, 0x00, 0x0F, 0xFF, 0xFF, 0xFF, 0xFF,
  0xFF, 0xE0, 0x00, 0xFF, 0xFF, 0xFF, 0xFF, 0xFF, 0xFE, 0x00, 0x0F, 0xFF,
  0xFF, 0xFF, 0xFF, 0xFF, 0xE0, 0x00, 0xFF, 0xFF, 0xFF, 0xFF, 0xFF, 0xFE,
  0x00, 0x0F, 0xFF, 0xFF, 0xFF, 0xFF, 0xFF, 0xE0, 0x00, 0x7F, 0xFF, 0xFF,
  0xFF, 0xFF, 0xFE, 0x00, 0x07, 0xFF, 0xFF, 0xFF, 0xE7, 0xFF, 0x80, 0x00,
  0x3F, 0xFF, 0xFF, 0xF0, 0x7F, 0xE0, 0x00, 0x00, 0xFF, 0xFF, 0xF0, 0x07,
  0xFC, 0x00, 0x00, 0x01, 0xFF, 0xE0, 0x00, 0x7F, 0x00, 0x00, 0x00, 0x00,
  0x00, 0x00, 0x07, 0xC0, 0x00, 0x00, 0x00, 0x00, 0x00, 0x00, 0x70, 0x00,
  0x00, 0x00, 0x00, 0x00, 0x00, 0x04, 0x00, 0xFF, 0xFF, 0xFF, 0xFF, 0xF8,
  0x00, 0x0F, 0xFF, 0xFF, 0xFF, 0xFF, 0xF0, 0x00, 0xFF, 0xFF, 0xFF, 0xFF,
  0xFF, 0xC0, 0x0F, 0xFF, 0xFF, 0xFF, 0xFF, 0xFF, 0x00, 0xFF, 0xFF, 0xFF,
  0xFF, 0xFF, 0xF8, 0x0F, 0xFF, 0xFF, 0xFF, 0xFF, 0xFF, 0xC0, 0xFF, 0xFF,
  0xFF, 0xFF, 0xFF, 0xFE, 0x0F, 0xFF, 0xFF, 0xFF, 0xFF, 0xFF, 0xF0, 0xFF,
  0xFF, 0xFF, 0xFF, 0xFF, 0xFF, 0x8F, 0xFF, 0xFF, 0xFF, 0xFF, 0xFF, 0xF8,
  0xFF, 0xFF, 0xFF, 0xFF, 0xFF, 0xFF, 0xCF, 0xFF, 0x80, 0x00, 0x07, 0xFF,
  0xFC, 0xFF, 0xF8, 0x00, 0x00, 0x1F, 0xFF, 0xCF, 0xFF, 0x80, 0x00, 0x00,
  0xFF, 0xFE, 0xFF, 0xF8, 0x00, 0x00, 0x07, 0xFF, 0xEF, 0xFF, 0x80, 0x00,
  0x00, 0x7F, 0xFE, 0xFF, 0xF8, 0x00, 0x00, 0x03, 0xFF, 0xEF, 0xFF, 0x80,
  0x00, 0x00, 0x3F, 0xFE, 0xFF, 0xF8, 0x00, 0x00, 0x03, 0xFF, 0xEF, 0xFF,
  0x80, 0x00, 0x00, 0x3F, 0xFE, 0xFF, 0xF8, 0x00, 0x00, 0x03, 0xFF, 0xEF,
  0xFF, 0x80, 0x00, 0x00, 0x3F, 0xFE, 0xFF, 0xF8, 0x00, 0x00, 0x07, 0xFF,
  0xCF, 0xFF, 0x80, 0x00, 0x00, 0x7F, 0xFC, 0xFF, 0xF8, 0x00, 0x00, 0x0F,
  0xFF, 0xCF, 0xFF, 0x80, 0x00, 0x01, 0xFF, 0xF8, 0xFF, 0xF8, 0x00, 0x00,
  0x7F, 0xFF, 0x8F, 0xFF, 0xFF, 0xFF, 0xFF, 0xFF, 0xF0, 0xFF, 0xFF, 0xFF,
  0xFF, 0xFF, 0xFE, 0x0F, 0xFF, 0xFF, 0xFF, 0xFF, 0xFF, 0xC0, 0xFF, 0xFF,
  0xFF, 0xFF, 0xFF, 0xF8, 0x0F, 0xFF, 0xFF, 0xFF, 0xFF, 0xFE, 0x00, 0xFF,
  0xFF, 0xFF, 0xFF, 0xFF, 0xC0, 0x0F, 0xFF, 0xFF, 0xFF, 0xFF, 0xFF, 0x00,
  0xFF, 0xFF, 0xFF, 0xFF, 0xFF, 0xF8, 0x0F, 0xFF, 0xFF, 0xFF, 0xFF, 0xFF,
  0xC0, 0xFF, 0xFF, 0xFF, 0xFF, 0xFF, 0xFE, 0x0F, 0xFF, 0xFF, 0xFF, 0xFF,
  0xFF, 0xE0, 0xFF, 0xF8, 0x00, 0x01, 0xFF, 0xFF, 0x0F, 0xFF, 0x80, 0x00,
  0x07, 0xFF, 0xF0, 0xFF, 0xF8, 0x00, 0x00, 0x3F, 0xFF, 0x0F, 0xFF, 0x80,
  0x00, 0x01, 0xFF, 0xF8, 0xFF, 0xF8, 0x00, 0x00, 0x1F, 0xFF, 0x8F, 0xFF,
  0x80, 0x00, 0x00, 0xFF, 0xF8, 0xFF, 0xF8, 0x00, 0x00, 0x0F, 0xFF, 0x8F,
  0xFF, 0x80, 0x00, 0x00, 0xFF, 0xF8, 0xFF, 0xF8, 0x00, 0x00, 0x0F, 0xFF,
  0x8F, 0xFF, 0x80, 0x00, 0x00, 0xFF, 0xF8, 0xFF, 0xF8, 0x00, 0x00, 0x0F,
  0xFF, 0x8F, 0xFF, 0x80, 0x00, 0x00, 0xFF, 0xF8, 0xFF, 0xF8, 0x00, 0x00,
  0x0F, 0xFF, 0x8F, 0xFF, 0x80, 0x00, 0x00, 0xFF, 0xF8, 0xFF, 0xF8, 0x00,
  0x00, 0x0F, 0xFF, 0x8F, 0xFF, 0x80, 0x00, 0x00, 0xFF, 0xF8, 0xFF, 0xF8,
  0x00, 0x00, 0x0F, 0xFF, 0x8F, 0xFF, 0x80, 0x00, 0x00, 0xFF, 0xF8, 0xFF,
  0xF8, 0x00, 0x00, 0x0F, 0xFF, 0x8F, 0xFF, 0x80, 0x00, 0x00, 0xFF, 0xFC,
  0xFF, 0xF8, 0x00, 0x00, 0x07, 0xFF, 0xCF, 0xFF, 0x80, 0x00, 0x00, 0x7F,
  0xFE, 0xFF, 0xF8, 0x00, 0x00, 0x07, 0xFF, 0xFF, 0xFF, 0x80, 0x00, 0x00,
  0x7F, 0xFF, 0x00, 0x00, 0x3F, 0xFE, 0x00, 0x00, 0x00, 0x00, 0x7F, 0xFF,
  0xFC, 0x00, 0x00, 0x00, 0x3F, 0xFF, 0xFF, 0xE0, 0x00, 0x00, 0x1F, 0xFF,
  0xFF, 0xFF, 0x00, 0x00, 0x0F, 0xFF, 0xFF, 0xFF, 0xF8, 0x00, 0x03, 0xFF,
  0xFF, 0xFF, 0xFF, 0x80, 0x00, 0xFF, 0xFF, 0xFF, 0xFF, 0xF8, 0x00, 0x3F,
  0xFF, 0xFF, 0xFF, 0xFF, 0x80, 0x0F, 0xFF, 0xFF, 0xFF, 0xFF, 0xF8, 0x01,
  0xFF, 0xFF, 0xFF, 0xFF, 0xFF, 0x80, 0x7F, 0xFF, 0xFF, 0xFF, 0xFF, 0xF8,
  0x0F, 0xFF, 0xF8, 0x03, 0xFF, 0xFF, 0x03, 0xFF, 0xF8, 0x00, 0x0F, 0xFF,
  0xE0, 0x7F, 0xFC, 0x00, 0x00, 0x7F, 0xFE, 0x0F, 0xFF, 0x00, 0x00, 0x07,
  0xFF, 0xC3, 0xFF, 0xE0, 0x00, 0x00, 0x7F, 0xF8, 0x7F, 0xF8, 0x00, 0x00,
  0x0F, 0xFF, 0x8F, 0xFF, 0x00, 0x00, 0x00, 0xFF, 0xF1, 0xFF, 0xE0, 0x00,
  0x00, 0x1F, 0xFE, 0x3F, 0xFC, 0x00, 0x00, 0x03, 0xFF, 0xC7, 0xFF, 0x80,
  0x00, 0x00, 0x00, 0x00, 0xFF, 0xF8, 0x00, 0x00, 0x00, 0x00, 0x1F, 0xFF,
  0x80, 0x00, 0x00, 0x00, 0x03, 0xFF, 0xFC, 0x00, 0x00, 0x00, 0x00, 0x3F,
  0xFF, 0xE0, 0x00, 0x00, 0x00, 0x07, 0xFF, 0xFF, 0xC0, 0x00, 0x00, 0x00,
  0xFF, 0xFF, 0xFF, 0x80, 0x00, 0x00, 0x0F, 0xFF, 0xFF, 0xFF, 0x00, 0x00,
  0x01, 0xFF, 0xFF, 0xFF, 0xFE, 0x00, 0x00, 0x1F, 0xFF, 0xFF, 0xFF, 0xFC,
  0x00, 0x03, 0xFF, 0xFF, 0xFF, 0xFF, 0xE0, 0x00, 0x3F, 0xFF, 0xFF, 0xFF,
  0xFF, 0x00, 0x01, 0xFF, 0xFF, 0xFF, 0xFF, 0xF8, 0x00, 0x1F, 0xFF, 0xFF,
  0xFF, 0xFF, 0x80, 0x00, 0xFF, 0xFF, 0xFF, 0xFF, 0xF8, 0x00, 0x03, 0xFF,
  0xFF, 0xFF, 0xFF, 0x80, 0x00, 0x0F, 0xFF, 0xFF, 0xFF, 0xF8, 0x00, 0x00,
  0x1F, 0xFF, 0xFF, 0xFF, 0x00, 0x00, 0x00, 0x3F, 0xFF, 0xFF, 0xF0, 0x00,
  0x00, 0x00, 0x3F, 0xFF, 0xFE, 0x00, 0x00, 0x00, 0x00, 0x7F, 0xFF, 0xC0,
  0x00, 0x00, 0x00, 0x03, 0xFF, 0xFC, 0x00, 0x00, 0x00, 0x00, 0x1F, 0xFF,
  0x80, 0x00, 0x00, 0x00, 0x01, 0xFF, 0xF0, 0x00, 0x00, 0x00, 0x00, 0x1F,
  0xFF, 0xFF, 0xE0, 0x00, 0x00, 0x03, 0xFF, 0xFF, 0xFC, 0x00, 0x00, 0x00,
  0x7F, 0xFF, 0xFF, 0xC0, 0x00, 0x00, 0x0F, 0xFF, 0xFF, 0xF8, 0x00, 0x00,
  0x01, 0xFF, 0xFF, 0xFF, 0x80, 0x00, 0x00, 0x7F, 0xFD, 0xFF, 0xF0, 0x00,
  0x00, 0x0F, 0xFF, 0x3F, 0xFF, 0x00, 0x00, 0x07, 0xFF, 0xE7, 0xFF, 0xF8,
  0x00, 0x01, 0xFF, 0xFC, 0x7F, 0xFF, 0xE0, 0x01, 0xFF, 0xFF, 0x0F, 0xFF,
  0xFF, 0xFF, 0xFF, 0xFF, 0xE0, 0xFF, 0xFF, 0xFF, 0xFF, 0xFF, 0xF8, 0x0F,
  0xFF, 0xFF, 0xFF, 0xFF, 0xFE, 0x00, 0xFF, 0xFF, 0xFF, 0xFF, 0xFF, 0x80,
  0x0F, 0xFF, 0xFF, 0xFF, 0xFF, 0xF0, 0x00, 0xFF, 0xFF, 0xFF, 0xFF, 0xF8,
  0x00, 0x0F, 0xFF, 0xFF, 0xFF, 0xFE, 0x00, 0x00, 0x7F, 0xFF, 0xFF, 0xFF,
  0x80, 0x00, 0x03, 0xFF, 0xFF, 0xFF, 0xC0, 0x00, 0x00, 0x0F, 0xFF, 0xFF,
  0xC0, 0x00, 0x00, 0x00, 0x1F, 0xFF, 0x80, 0x00, 0x00, 0xFF, 0xFF, 0xFF,
  0xFF, 0xFF, 0xFF, 0xFF, 0xFF, 0xFF, 0xFF, 0xFF, 0xFF, 0xFF, 0xFF, 0xFF,
  0xFF, 0xFF, 0xFF, 0xFF, 0xFF, 0xFF, 0xFF, 0xFF, 0xFF, 0xFF, 0xFF, 0xFF,
  0xFF, 0xFF, 0xFF, 0xFF, 0xFF, 0xFF, 0xFF, 0xFF, 0xFF, 0xFF, 0xFF, 0xFF,
  0xFF, 0xFF, 0xFF, 0xFF, 0xFF, 0xFF, 0xFF, 0xFF, 0xFF, 0xFF, 0xFF, 0xFF,
  0xFF, 0xFF, 0xFF, 0xFF, 0xFF, 0xFF, 0xFF, 0xFF, 0xFF, 0xFF, 0xFF, 0xFF,
  0xFF, 0xFF, 0xFF, 0xFF, 0xFF, 0xFF, 0xFF, 0x80, 0x00, 0x0F, 0xFF, 0x80,
  0x00, 0x00, 0x00, 0x01, 0xFF, 0xF0, 0x00, 0x00, 0x00, 0x00, 0x3F, 0xFE,
  0x00, 0x00, 0x00, 0x00, 0x07, 0xFF, 0xC0, 0x00, 0x00, 0x00, 0x00, 0xFF,
  0xF8, 0x00, 0x00, 0x00, 0x00, 0x1F, 0xFF, 0x00, 0x00, 0x00, 0x00, 0x03,
  0xFF, 0xE0, 0x00, 0x00, 0x00, 0x00, 0x7F, 0xFC, 0x00, 0x00, 0x00, 0x00,
  0x0F, 0xFF, 0x80, 0x00, 0x00, 0x00, 0x01, 0xFF, 0xF0, 0x00, 0x00, 0x00,
  0x00, 0x3F, 0xFE, 0x00, 0x00, 0x00, 0x00, 0x07, 0xFF, 0xC0, 0x00, 0x00,
  0x00, 0x00, 0xFF, 0xF8, 0x00, 0x00, 0x00, 0x00, 0x1F, 0xFF, 0x00, 0x00,
  0x00, 0x00, 0x03, 0xFF, 0xE0, 0x00, 0x00, 0x00, 0x00, 0x7F, 0xFC, 0x00,
  0x00, 0x00, 0x00, 0x0F, 0xFF, 0x80, 0x00, 0x00, 0x00, 0x01, 0xFF, 0xF0,
  0x00, 0x00, 0x00, 0x00, 0x3F, 0xFE, 0x00, 0x00, 0x00, 0x00, 0x07, 0xFF,
  0xC0, 0x00, 0x00, 0x00, 0x00, 0xFF, 0xF8, 0x00, 0x00, 0x00, 0x00, 0x1F,
  0xFF, 0x00, 0x00, 0x00, 0x00, 0x03, 0xFF, 0xE0, 0x00, 0x00, 0x00, 0x00,
  0x7F, 0xFC, 0x00, 0x00, 0x00, 0x00, 0x0F, 0xFF, 0x80, 0x00, 0x00, 0x00,
  0x01, 0xFF, 0xF0, 0x00, 0x00, 0x00, 0x00, 0x3F, 0xFE, 0x00, 0x00, 0x00,
  0x00, 0x07, 0xFF, 0xC0, 0x00, 0x00, 0x00, 0x00, 0xFF, 0xF8, 0x00, 0x00,
  0x00, 0x00, 0x1F, 0xFF, 0x00, 0x00, 0x00, 0x00, 0x03, 0xFF, 0xE0, 0x00,
  0x00, 0x00, 0x00, 0x7F, 0xFC, 0x00, 0x00, 0x00, 0x00, 0x0F, 0xFF, 0x80,
  0x00, 0x00, 0x00, 0x01, 0xFF, 0xF0, 0x00, 0x00, 0x00, 0x00, 0x3F, 0xFE,
  0x00, 0x00, 0x00, 0x00, 0x07, 0xFF, 0xC0, 0x00, 0x00, 0x00, 0x00, 0xFF,
  0xF8, 0x00, 0x00, 0x00, 0x00, 0x1F, 0xFF, 0x00, 0x00, 0x00, 0x00, 0x03,
  0xFF, 0xE0, 0x00, 0x00, 0x00, 0x00, 0x7F, 0xFC, 0x00, 0x00, 0x00, 0x00,
  0x0F, 0xFF, 0x80, 0x00, 0x00, 0x00, 0x01, 0xFF, 0xF0, 0x00, 0x00, 0x00,
  0x00, 0x3F, 0xFE, 0x00, 0x00, 0x00, 0x00, 0x07, 0xFF, 0xC0, 0x00, 0x00,
  0x00, 0x00, 0xFF, 0xF8, 0x00, 0x00, 0x00, 0x00, 0x1F, 0xFF, 0x00, 0x00,
  0x00, 0x00, 0x03, 0xFF, 0xE0, 0x00, 0x00, 0x00, 0x00, 0x7F, 0xFC, 0x00,
  0x00, 0x00, 0x00, 0x0F, 0xFF, 0x80, 0x00, 0x00, 0x00, 0x01, 0xFF, 0xF0,
  0x00, 0x00, 0x00, 0x00, 0x3F, 0xFE, 0x00, 0x00, 0x00, 0xFF, 0xF8, 0x00,
  0x00, 0x07, 0xFF, 0xFF, 0xFE, 0x00, 0x00, 0x01, 0xFF, 0xFF, 0xFF, 0x80,
  0x00, 0x00, 0x7F, 0xFF, 0xFF, 0xE0, 0x00, 0x00, 0x1F, 0xFF, 0xFF, 0xF8,
  0x00, 0x00, 0x07, 0xFF, 0xFF, 0xFE, 0x00, 0x00, 0x01, 0xFF, 0xFF, 0xFF,
  0x80, 0x00, 0x00, 0x7F, 0xFF, 0xFF, 0xE0, 0x00, 0x00, 0x1F, 0xFF, 0xFF,
  0xF8, 0x00, 0x00, 0x07, 0xFF, 0xFF, 0xFE, 0x00, 0x00, 0x01, 0xFF, 0xFF,
  0xFF, 0x80, 0x00, 0x00, 0x7F, 0xFF, 0xFF, 0xE0, 0x00, 0x00, 0x1F, 0xFF,
  0xFF, 0xF8, 0x00, 0x00, 0x07, 0xFF, 0xFF, 0xFE, 0x00, 0x00, 0x01, 0xFF,
  0xFF, 0xFF, 0x80, 0x00, 0x00, 0x7F, 0xFF, 0xFF, 0xE0, 0x00, 0x00, 0x1F,
  0xFF, 0xFF, 0xF8, 0x00, 0x00, 0x07, 0xFF, 0xFF, 0xFE, 0x00, 0x00, 0x01,
  0xFF, 0xFF, 0xFF, 0x80, 0x00, 0x00, 0x7F, 0xFF, 0xFF, 0xE0, 0x00, 0x00,
  0x1F, 0xFF, 0xFF, 0xF8, 0x00, 0x00, 0x07, 0xFF, 0xFF, 0xFE, 0x00, 0x00,
  0x01, 0xFF, 0xFF, 0xFF, 0x80, 0x00, 0x00, 0x7F, 0xFF, 0xFF, 0xE0, 0x00,
  0x00, 0x1F, 0xFF, 0xFF, 0xF8, 0x00, 0x00, 0x07, 0xFF, 0xFF, 0xFE, 0x00,
  0x00, 0x01, 0xFF, 0xFF, 0xFF, 0x80, 0x00, 0x00, 0x7F, 0xFF, 0xFF, 0xE0,
  0x00, 0x00, 0x1F, 0xFF, 0xFF, 0xF8, 0x00, 0x00, 0x07, 0xFF, 0xFF, 0xFE,
  0x00, 0x00, 0x01, 0xFF, 0xFF, 0xFF, 0x80, 0x00, 0x00, 0x7F, 0xFF, 0xFF,
  0xE0, 0x00, 0x00, 0x1F, 0xFF, 0xFF, 0xF8, 0x00, 0x00, 0x07, 0xFF, 0xFF,
  0xFE, 0x00, 0x00, 0x01, 0xFF, 0xFF, 0xFF, 0x80, 0x00, 0x00, 0x7F, 0xFF,
  0xFF, 0xE0, 0x00, 0x00, 0x1F, 0xFF, 0xFF, 0xF8, 0x00, 0x00, 0x07, 0xFF,
  0xFF, 0xFE, 0x00, 0x00, 0x01, 0xFF, 0xFF, 0xFF, 0x80, 0x00, 0x00, 0x7F,
  0xFF, 0xFF, 0xE0, 0x00, 0x00, 0x1F, 0xFF, 0xFF, 0xF8, 0x00, 0x00, 0x07,
  0xFF, 0xFF, 0xFE, 0x00, 0x00, 0x01, 0xFF, 0xFF, 0xFF, 0x80, 0x00, 0x00,
  0x7F, 0xFF, 0xFF, 0xE0, 0x00, 0x00, 0x1F, 0xFF, 0xFF, 0xFC, 0x00, 0x00,
  0x0F, 0xFF, 0xDF, 0xFF, 0x00, 0x00, 0x03, 0xFF, 0xE7, 0xFF, 0xC0, 0x00,
  0x00, 0xFF, 0xF9, 0xFF, 0xF8, 0x00, 0x00, 0x7F, 0xFE, 0x7F, 0xFF, 0x00,
  0x00, 0x3F, 0xFF, 0x8F, 0xFF, 0xE0, 0x00, 0x1F, 0xFF, 0xC3, 0xFF, 0xFC,
  0x00, 0x0F, 0xFF, 0xF0, 0xFF, 0xFF, 0xE0, 0x1F, 0xFF, 0xFC, 0x1F, 0xFF,
  0xFF, 0xFF, 0xFF, 0xFE, 0x07, 0xFF, 0xFF, 0xFF, 0xFF, 0xFF, 0x80, 0xFF,
  0xFF, 0xFF, 0xFF, 0xFF, 0xC0, 0x1F, 0xFF, 0xFF, 0xFF, 0xFF, 0xE0, 0x03,
  0xFF, 0xFF, 0xFF, 0xFF, 0xF0, 0x00, 0x7F, 0xFF, 0xFF, 0xFF, 0xF8, 0x00,
  0x0F, 0xFF, 0xFF, 0xFF, 0xFC, 0x00, 0x01, 0xFF, 0xFF, 0xFF, 0xFC, 0x00,
  0x00, 0x1F, 0xFF, 0xFF, 0xFE, 0x00, 0x00, 0x00, 0xFF, 0xFF, 0xFC, 0x00,
  0x00, 0x00, 0x03, 0xFF, 0xF0, 0x00, 0x00, 0xFF, 0xF8, 0x00, 0x00, 0x00,
  0xFF, 0xFF, 0xFF, 0xF0, 0x00, 0x00, 0x03, 0xFF, 0xE7, 0xFF, 0xC0, 0x00,
  0x00, 0x1F, 0xFF, 0x9F, 0xFF, 0x00, 0x00, 0x00, 0x7F, 0xFC, 0x7F, 0xFC,
  0x00, 0x00, 0x01, 0xFF, 0xF0, 0xFF, 0xF8, 0x00, 0x00, 0x0F, 0xFF, 0xC3,
  0xFF, 0xE0, 0x00, 0x00, 0x3F, 0xFE, 0x0F, 0xFF, 0x80, 0x00, 0x00, 0xFF,
  0xF8, 0x1F, 0xFF, 0x00, 0x00, 0x03, 0xFF, 0xE0, 0x7F, 0xFC, 0x00, 0x00,
  0x1F, 0xFF, 0x01, 0xFF, 0xF0, 0x00, 0x00, 0x7F, 0xFC, 0x03, 0xFF, 0xC0,
  0x00, 0x01, 0xFF, 0xF0, 0x0F, 0xFF, 0x80, 0x00, 0x0F, 0xFF, 0x80, 0x3F,
  0xFE, 0x00, 0x00, 0x3F, 0xFE, 0x00, 0x7F, 0xF8, 0x00, 0x00, 0xFF, 0xF8,
  0x01, 0xFF, 0xF0, 0x00, 0x03, 0xFF, 0xC0, 0x07, 0xFF, 0xC0, 0x00, 0x1F,
  0xFF, 0x00, 0x0F, 0xFF, 0x00, 0x00, 0x7F, 0xFC, 0x00, 0x3F, 0xFC, 0x00,
  0x01, 0xFF, 0xE0, 0x00, 0xFF, 0xF8, 0x00, 0x0F, 0xFF, 0x80, 0x01, 0xFF,
  0xE0, 0x00, 0x3F, 0xFE, 0x00, 0x07, 0xFF, 0x80, 0x00, 0xFF, 0xF0, 0x00,
  0x1F, 0xFF, 0x00, 0x03, 0xFF, 0xC0, 0x00, 0x3F, 0xFC, 0x00, 0x1F, 0xFF,
  0x00, 0x00, 0xFF, 0xF0, 0x00, 0x7F, 0xF8, 0x00, 0x03, 0xFF, 0xC0, 0x01,
  0xFF, 0xE0, 0x00, 0x07, 0xFF, 0x80, 0x0F, 0xFF, 0x80, 0x00, 0x1F, 0xFE,
  0x00, 0x3F, 0xFC, 0x00, 0x00, 0x7F, 0xF8, 0x00, 0xFF, 0xF0, 0x00, 0x00,
  0xFF, 0xF0, 0x03, 0xFF, 0xC0, 0x00, 0x03, 0xFF, 0xC0, 0x1F, 0xFE, 0x00,
  0x00, 0x0F, 0xFF, 0x00, 0x7F, 0xF8, 0x00, 0x00, 0x1F, 0xFC, 0x01, 0xFF,
  0xE0, 0x00, 0x00, 0x7F, 0xF8, 0x0F, 0xFF, 0x00, 0x00, 0x01, 0xFF, 0xE0,
  0x3F, 0xFC, 0x00, 0x00, 0x03, 0xFF, 0x80, 0xFF, 0xE0, 0x00, 0x00, 0x0F,
  0xFF, 0x03, 0xFF, 0x80, 0x00, 0x00, 0x3F, 0xFC, 0x1F, 0xFE, 0x00, 0x00,
  0x00, 0x7F, 0xF0, 0x7F, 0xF0, 0x00, 0x00, 0x01, 0xFF, 0xC1, 0xFF, 0xC0,
  0x00, 0x00, 0x07, 0xFF, 0x8F, 0xFF, 0x00, 0x00, 0x00, 0x0F, 0xFE, 0x3F,
  0xF8, 0x00, 0x00, 0x00, 0x3F, 0xF8, 0xFF, 0xE0, 0x00, 0x00, 0x00, 0xFF,
  0xE3, 0xFF, 0x80, 0x00, 0x00, 0x01, 0xFF, 0xDF, 0xFC, 0x00, 0x00, 0x00,
  0x07, 0xFF, 0x7F, 0xF0, 0x00, 0x00, 0x00, 0x1F, 0xFD, 0xFF, 0xC0, 0x00,
  0x00, 0x00, 0x3F, 0xFF, 0xFE, 0x00, 0x00, 0x00, 0x00, 0xFF, 0xFF, 0xF8,
  0x00, 0x00, 0x00, 0x03, 0xFF, 0xFF, 0xE0, 0x00, 0x00, 0x00, 0x07, 0xFF,
  0xFF, 0x00, 0x00, 0x00, 0x00, 0x1F, 0xFF, 0xFC, 0x00, 0x00, 0x00, 0x00,
  0x7F, 0xFF, 0xF0, 0x00, 0x00, 0x00, 0x00, 0xFF, 0xFF, 0x80, 0x00, 0x00,
  0x00, 0x03, 0xFF, 0xFE, 0x00, 0x00, 0x00, 0x00, 0x0F, 0xFF, 0xF8, 0x00,
  0x00, 0x00, 0x00, 0x1F, 0xFF, 0xC0, 0x00, 0x00, 0x00, 0x00, 0x7F, 0xFF,
  0x00, 0x00, 0x00, 0x00, 0x01, 0xFF, 0xFC, 0x00, 0x00, 0x00, 0x00, 0x03,
  0xFF, 0xE0, 0x00, 0x00, 0x00, 0x00, 0x0F, 0xFF, 0x80, 0x00, 0x00, 0x00,
  0x00, 0x3F, 0xFE, 0x00, 0x00, 0x00, 0xFF, 0xF8, 0x00, 0x01, 0xFF, 0xF8,
  0x00, 0x00, 0xFF, 0xFF, 0xFF, 0xE0, 0x00, 0x07, 0xFF, 0xF0, 0x00, 0x03,
  0xFF, 0xEF, 0xFF, 0x80, 0x00, 0x1F, 0xFF, 0xC0, 0x00, 0x0F, 0xFF, 0xBF,
  0xFF, 0x00, 0x00, 0x7F, 0xFF, 0x00, 0x00, 0x3F, 0xFE, 0x7F, 0xFC, 0x00,
  0x01, 0xFF, 0xFC, 0x00, 0x01, 0xFF, 0xF9, 0xFF, 0xF0, 0x00, 0x0F, 0xFF,
  0xF0, 0x00, 0x07, 0xFF, 0xC7, 0xFF, 0xC0, 0x00, 0x3F, 0xFF, 0xE0, 0x00,
  0x1F, 0xFF, 0x0F, 0xFF, 0x80, 0x00, 0xFF, 0xFF, 0x80, 0x00, 0x7F, 0xFC,
  0x3F, 0xFE, 0x00, 0x03, 0xFF, 0xFE, 0x00, 0x01, 0xFF, 0xF0, 0xFF, 0xF8,
  0x00, 0x0F, 0xFF, 0xF8, 0x00, 0x0F, 0xFF, 0x83, 0xFF, 0xE0, 0x00, 0x7F,
  0xFF, 0xE0, 0x00, 0x3F, 0xFE, 0x07, 0xFF, 0x80, 0x01, 0xFF, 0xFF, 0xC0,
  0x00, 0xFF, 0xF8, 0x1F, 0xFF, 0x00, 0x07, 0xFF, 0xFF, 0x00, 0x03, 0xFF,
  0xC0, 0x7F, 0xFC, 0x00, 0x1F, 0xFF, 0xFC, 0x00, 0x1F, 0xFF, 0x00, 0xFF,
  0xF0, 0x00, 0x7F, 0xDF, 0xF0, 0x00, 0x7F, 0xFC, 0x03, 0xFF, 0xC0, 0x03,
  0xFF, 0x7F, 0xE0, 0x01, 0xFF, 0xF0, 0x0F, 0xFF, 0x80, 0x0F, 0xFD, 0xFF,
  0x80, 0x07, 0xFF, 0x80, 0x3F, 0xFE, 0x00, 0x3F, 0xF7, 0xFE, 0x00, 0x1F,
  0xFE, 0x00, 0x7F, 0xF8, 0x00, 0xFF, 0xDF, 0xF8, 0x00, 0xFF, 0xF8, 0x01,
  0xFF, 0xE0, 0x03, 0xFE, 0x3F, 0xE0, 0x03, 0xFF, 0xC0, 0x07, 0xFF, 0x80,
  0x1F, 0xF8, 0xFF, 0xC0, 0x0F, 0xFF, 0x00, 0x1F, 0xFF, 0x00, 0x7F, 0xE3,
  0xFF, 0x00, 0x3F, 0xFC, 0x00, 0x3F, 0xFC, 0x01, 0xFF, 0x8F, 0xFC, 0x01,
  0xFF, 0xF0, 0x00, 0xFF, 0xF0, 0x07, 0xFE, 0x3F, 0xF0, 0x07, 0xFF, 0x80,
  0x03, 0xFF, 0xC0, 0x1F, 0xF0, 0xFF, 0xC0, 0x1F, 0xFE, 0x00, 0x07, 0xFF,
  0x80, 0xFF, 0xC1, 0xFF, 0x80, 0x7F, 0xF8, 0x00, 0x1F, 0xFE, 0x03, 0xFF,
  0x07, 0xFE, 0x03, 0xFF, 0xC0, 0x00, 0x7F, 0xF8, 0x0F, 0xFC, 0x1F, 0xF8,
  0x0F, 0xFF, 0x00, 0x01, 0xFF, 0xE0, 0x3F, 0xF0, 0x7F, 0xE0, 0x3F, 0xFC,
  0x00, 0x03, 0xFF, 0x80, 0xFF, 0x81, 0xFF, 0x80, 0xFF, 0xF0, 0x00, 0x0F,
  0xFF, 0x07, 0xFE, 0x03, 0xFF, 0x03, 0xFF, 0x80, 0x00, 0x3F, 0xFC, 0x1F,
  0xF8, 0x0F, 0xFC, 0x1F, 0xFE, 0x00, 0x00, 0x7F, 0xF0, 0x7F, 0xE0, 0x3F,
  0xF0, 0x7F, 0xF8, 0x00, 0x01, 0xFF, 0xC1, 0xFF, 0x80, 0xFF, 0xC1, 0xFF,
  0xE0, 0x00, 0x07, 0xFF, 0x87, 0xFC, 0x03, 0xFF, 0x07, 0xFF, 0x00, 0x00,
  0x1F, 0xFE, 0x3F, 0xF0, 0x07, 0xFE, 0x3F, 0xFC, 0x00, 0x00, 0x3F, 0xF8,
  0xFF, 0xC0, 0x1F, 0xF8, 0xFF, 0xF0, 0x00, 0x00, 0xFF, 0xE3, 0xFF, 0x00,
  0x7F, 0xE3, 0xFF, 0x80, 0x00, 0x03, 0xFF, 0x8F, 0xFC, 0x01, 0xFF, 0x8F,
  0xFE, 0x00, 0x00, 0x0F, 0xFE, 0x3F, 0xE0, 0x07, 0xFE, 0x3F, 0xF8, 0x00,
  0x00, 0x1F, 0xFD, 0xFF, 0x80, 0x0F, 0xFD, 0xFF, 0xE0, 0x00, 0x00, 0x7F,
  0xF7, 0xFE, 0x00, 0x3F, 0xF7, 0xFF, 0x00, 0x00, 0x01, 0xFF, 0xDF, 0xF8,
  0x00, 0xFF, 0xDF, 0xFC, 0x00, 0x00, 0x03, 0xFF, 0x7F, 0xC0, 0x03, 0xFF,
  0x7F, 0xF0, 0x00, 0x00, 0x0F, 0xFD, 0xFF, 0x00, 0x07, 0xFD, 0xFF, 0x80,
  0x00, 0x00, 0x3F, 0xFF, 0xFC, 0x00, 0x1F, 0xFF, 0xFE, 0x00, 0x00, 0x00,
  0xFF, 0xFF, 0xF0, 0x00, 0x7F, 0xFF, 0xF8, 0x00, 0x00, 0x01, 0xFF, 0xFF,
  0xC0, 0x01, 0xFF, 0xFF, 0xE0, 0x00, 0x00, 0x07, 0xFF, 0xFE, 0x00, 0x07,
  0xFF, 0xFF, 0x00, 0x00, 0x00, 0x1F, 0xFF, 0xF8, 0x00, 0x0F, 0xFF, 0xFC,
  0x00, 0x00, 0x00, 0x3F, 0xFF, 0xE0, 0x00, 0x3F, 0xFF, 0xF0, 0x00, 0x00,
  0x00, 0xFF, 0xFF, 0x80, 0x00, 0xFF, 0xFF, 0xC0, 0x00, 0x00, 0x03, 0xFF,
  0xFE, 0x00, 0x03, 0xFF, 0xFE, 0x00, 0x00, 0x00, 0x0F, 0xFF, 0xF0, 0x00,
  0x0F, 0xFF, 0xF8, 0x00, 0x00, 0x00, 0x1F, 0xFF, 0xC0, 0x00, 0x1F, 0xFF,
  0xE0, 0x00, 0x00, 0x00, 0x7F, 0xFF, 0x00, 0x00, 0x7F, 0xFF, 0x00, 0x00,
  0x00, 0x01, 0xFF, 0xFC, 0x00, 0x01, 0xFF, 0xFC, 0x00, 0x00, 0x00, 0x07,
  0xFF, 0xF0, 0x00, 0x07, 0xFF, 0xF0, 0x00, 0x00, 0x00, 0x0F, 0xFF, 0x80,
  0x00, 0x1F, 0xFF, 0xC0, 0x00, 0x00, 0x00, 0x3F, 0xFE, 0x00, 0x00, 0x3F,
  0xFE, 0x00, 0x00, 0x00, 0x00, 0xFF, 0xF8, 0x00, 0x00, 0xFF, 0xF8, 0x00,
  0x00, 0x00, 0x01, 0xFF, 0xE0, 0x00, 0x03, 0xFF, 0xE0, 0x00, 0x00, 0x7F,
  0xFF, 0x80, 0x00, 0x01, 0xFF, 0xFE, 0x3F, 0xFF, 0xC0, 0x00, 0x03, 0xFF,
  0xFC, 0x1F, 0xFF, 0xC0, 0x00, 0x03, 0xFF, 0xF8, 0x0F, 0xFF, 0xE0, 0x00,
  0x07, 0xFF, 0xF0, 0x0F, 0xFF, 0xE0, 0x00, 0x07, 0xFF, 0xF0, 0x07, 0xFF,
  0xF0, 0x00, 0x0F, 0xFF, 0xE0, 0x03, 0xFF, 0xF0, 0x00, 0x0F, 0xFF, 0xC0,
  0x03, 0xFF, 0xF8, 0x00, 0x1F, 0xFF, 0xC0, 0x01, 0xFF, 0xF8, 0x00, 0x3F,
  0xFF, 0x80, 0x01, 0xFF, 0xFC, 0x00, 0x3F, 0xFF, 0x00, 0x00, 0xFF, 0xFC,
  0x00, 0x7F, 0xFF, 0x00, 0x00, 0x7F, 0xFE, 0x00, 0x7F, 0xFE, 0x00, 0x00,
  0x7F, 0xFF, 0x00, 0xFF, 0xFE, 0x00, 0x00, 0x3F, 0xFF, 0x00, 0xFF, 0xFC,
  0x00, 0x00, 0x1F, 0xFF, 0x81, 0xFF, 0xF8, 0x00, 0x00, 0x1F, 0xFF, 0x83,
  0xFF, 0xF8, 0x00, 0x00, 0x0F, 0xFF, 0xC3, 0xFF, 0xF0, 0x00, 0x00, 0x0F,
  0xFF, 0xC7, 0xFF, 0xE0, 0x00, 0x00, 0x07, 0xFF, 0xE7, 0xFF, 0xE0, 0x00,
  0x00, 0x03, 0xFF, 0xEF, 0xFF, 0xC0, 0x00, 0x00, 0x03, 0xFF, 0xFF, 0xFF,
  0x80, 0x00, 0x00, 0x01, 0xFF, 0xFF, 0xFF, 0x80, 0x00, 0x00, 0x00, 0xFF,
  0xFF, 0xFF, 0x00, 0x00, 0x00, 0x00, 0xFF, 0xFF, 0xFF, 0x00, 0x00, 0x00,
  0x00, 0x7F, 0xFF, 0xFE, 0x00, 0x00, 0x00, 0x00, 0x7F, 0xFF, 0xFC, 0x00,
  0x00, 0x00, 0x00, 0x3F, 0xFF, 0xFC, 0x00, 0x00, 0x00, 0x00, 0x1F, 0xFF,
  0xF8, 0x00, 0x00, 0x00, 0x00, 0x1F, 0xFF, 0xF0, 0x00, 0x00, 0x00, 0x00,
  0x0F, 0xFF, 0xF0, 0x00, 0x00, 0x00, 0x00, 0x0F, 0xFF, 0xF0, 0x00, 0x00,
  0x00, 0x00, 0x0F, 0xFF, 0xF0, 0x00, 0x00, 0x00, 0x00, 0x1F, 0xFF, 0xF8,
  0x00, 0x00, 0x00, 0x00, 0x1F, 0xFF, 0xFC, 0x00, 0x00, 0x00, 0x00, 0x3F,
  0xFF, 0xFC, 0x00, 0x00, 0x00, 0x00, 0x7F, 0xFF, 0xFE, 0x00, 0x00, 0x00,
  0x00, 0x7F, 0xFF, 0xFF, 0x00, 0x00, 0x00, 0x00, 0xFF, 0xFF, 0xFF, 0x00,
  0x00, 0x00, 0x01, 0xFF, 0xFF, 0xFF, 0x80, 0x00, 0x00, 0x01, 0xFF, 0xFF,
  0xFF, 0x80, 0x00, 0x00, 0x03, 0xFF, 0xFF, 0xFF, 0xC0, 0x00, 0x00, 0x07,
  0xFF, 0xF7, 0xFF, 0xE0, 0x00, 0x00, 0x07, 0xFF, 0xE3, 0xFF, 0xE0, 0x00,
  0x00, 0x0F, 0xFF, 0xE3, 0xFF, 0xF0, 0x00, 0x00, 0x0F, 0xFF, 0xC1, 0xFF,
  0xF8, 0x00, 0x00, 0x1F, 0xFF, 0xC1, 0xFF, 0xF8, 0x00, 0x00, 0x3F, 0xFF,
  0x80, 0xFF, 0xFC, 0x00, 0x00, 0x3F, 0xFF, 0x00, 0xFF, 0xFC, 0x00, 0x00,
  0x7F, 0xFF, 0x00, 0x7F, 0xFE, 0x00, 0x00, 0xFF, 0xFE, 0x00, 0x7F, 0xFF,
  0x00, 0x00, 0xFF, 0xFE, 0x00, 0x3F, 0xFF, 0x00, 0x01, 0xFF, 0xFC, 0x00,
  0x3F, 0xFF, 0x80, 0x01, 0xFF, 0xF8, 0x00, 0x1F, 0xFF, 0xC0, 0x03, 0xFF,
  0xF8, 0x00, 0x0F, 0xFF, 0xC0, 0x07, 0xFF, 0xF0, 0x00, 0x0F, 0xFF, 0xE0,
  0x07, 0xFF, 0xF0, 0x00, 0x07, 0xFF, 0xE0, 0x0F, 0xFF, 0xE0, 0x00, 0x07,
  0xFF, 0xF0, 0x1F, 0xFF, 0xC0, 0x00, 0x03, 0xFF, 0xF8, 0x1F, 0xFF, 0xC0,
  0x00, 0x03, 0xFF, 0xF8, 0x3F, 0xFF, 0x80, 0x00, 0x01, 0xFF, 0xFC, 0x7F,
  0xFF, 0x80, 0x00, 0x01, 0xFF, 0xFE, 0xFF, 0xFF, 0x00, 0x00, 0x00, 0xFF,
  0xFF, 0xFF, 0xFC, 0x00, 0x00, 0x01, 0xFF, 0xFF, 0xFF, 0xF0, 0x00, 0x00,
  0x1F, 0xFF, 0xDF, 0xFF, 0x80, 0x00, 0x00, 0xFF, 0xFC, 0x7F, 0xFE, 0x00,
  0x00, 0x0F, 0xFF, 0xC3, 0xFF, 0xF0, 0x00, 0x00, 0x7F, 0xFE, 0x0F, 0xFF,
  0xC0, 0x00, 0x03, 0xFF, 0xE0, 0x7F, 0xFE, 0x00, 0x00, 0x3F, 0xFF, 0x01,
  0xFF, 0xF0, 0x00, 0x01, 0xFF, 0xF0, 0x0F, 0xFF, 0xC0, 0x00, 0x1F, 0xFF,
  0x80, 0x3F, 0xFE, 0x00, 0x00, 0xFF, 0xF8, 0x01, 0xFF, 0xF8, 0x00, 0x0F,
  0xFF, 0xC0, 0x07, 0xFF, 0xC0, 0x00, 0x7F, 0xFC, 0x00, 0x1F, 0xFF, 0x00,
  0x07, 0xFF, 0xE0, 0x00, 0xFF, 0xF8, 0x00, 0x3F, 0xFE, 0x00, 0x03, 0xFF,
  0xE0, 0x03, 0xFF, 0xE0, 0x00, 0x1F, 0xFF, 0x00, 0x1F, 0xFF, 0x00, 0x00,
  0x7F, 0xFC, 0x01, 0xFF, 0xF0, 0x00, 0x03, 0xFF, 0xE0, 0x0F, 0xFF, 0x80,
  0x00, 0x0F, 0xFF, 0x80, 0xFF, 0xF8, 0x00, 0x00, 0x7F, 0xFC, 0x07, 0xFF,
  0xC0, 0x00, 0x01, 0xFF, 0xE0, 0x3F, 0xFC, 0x00, 0x00, 0x0F, 0xFF, 0x83,
  0xFF, 0xE0, 0x00, 0x00, 0x3F, 0xFC, 0x1F, 0xFE, 0x00, 0x00, 0x00, 0xFF,
  0xF1, 0xFF, 0xE0, 0x00, 0x00, 0x07, 0xFF, 0x8F, 0xFF, 0x00, 0x00, 0x00,
  0x1F, 0xFE, 0xFF, 0xF0, 0x00, 0x00, 0x00, 0xFF, 0xF7, 0xFF, 0x80, 0x00,
  0x00, 0x03, 0xFF, 0xFF, 0xF8, 0x00, 0x00, 0x00, 0x1F, 0xFF, 0xFF, 0xC0,
  0x00, 0x00, 0x00, 0x7F, 0xFF, 0xFC, 0x00, 0x00, 0x00, 0x03, 0xFF, 0xFF,
  0xE0, 0x00, 0x00, 0x00, 0x0F, 0xFF, 0xFE, 0x00, 0x00, 0x00, 0x00, 0x7F,
  0xFF, 0xE0, 0x00, 0x00, 0x00, 0x01, 0xFF, 0xFF, 0x00, 0x00, 0x00, 0x00,
  0x07, 0xFF, 0xF0, 0x00, 0x00, 0x00, 0x00, 0x3F, 0xFF, 0x80, 0x00, 0x00,
  0x00, 0x00, 0xFF, 0xF8, 0x00, 0x00, 0x00, 0x00, 0x07, 0xFF, 0xC0, 0x00,
  0x00, 0x00, 0x00, 0x3F, 0xFE, 0x00, 0x00, 0x00, 0x00, 0x01, 0xFF, 0xF0,
  0x00, 0x00, 0x00, 0x00, 0x0F, 0xFF, 0x80, 0x00, 0x00, 0x00, 0x00, 0x7F,
  0xFC, 0x00, 0x00, 0x00, 0x00, 0x03, 0xFF, 0xE0, 0x00, 0x00, 0x00, 0x00,
  0x1F, 0xFF, 0x00, 0x00, 0x00, 0x00, 0x00, 0xFF, 0xF8, 0x00, 0x00, 0x00,
  0x00, 0x07, 0xFF, 0xC0, 0x00, 0x00, 0x00, 0x00, 0x3F, 0xFE, 0x00, 0x00,
  0x00, 0x00, 0x01, 0xFF, 0xF0, 0x00, 0x00, 0x00, 0x00, 0x0F, 0xFF, 0x80,
  0x00, 0x00, 0x00, 0x00, 0x7F, 0xFC, 0x00, 0x00, 0x00, 0x00, 0x03, 0xFF,
  0xE0, 0x00, 0x00, 0x00, 0x00, 0x1F, 0xFF, 0x00, 0x00, 0x00, 0x00, 0x00,
  0xFF, 0xF8, 0x00, 0x00, 0x00, 0x00, 0x07, 0xFF, 0xC0, 0x00, 0x00, 0x00,
  0x00, 0x3F, 0xFE, 0x00, 0x00, 0x00, 0x00, 0x01, 0xFF, 0xF0, 0x00, 0x00,
  0x00, 0x00, 0x0F, 0xFF, 0x80, 0x00, 0x00, 0x00, 0x00, 0x7F, 0xFC, 0x00,
  0x00, 0x00, 0x00, 0x03, 0xFF, 0xE0, 0x00, 0x00, 0x00, 0x00, 0x1F, 0xFF,
  0x00, 0x00, 0x00, 0x00, 0x00, 0xFF, 0xF8, 0x00, 0x00, 0x00, 0x00, 0x07,
  0xFF, 0xC0, 0x00, 0x00, 0x7F, 0xFF, 0xFF, 0xFF, 0xFF, 0xFF, 0x7F, 0xFF,
  0xFF, 0xFF, 0xFF, 0xFF, 0x7F, 0xFF, 0xFF, 0xFF, 0xFF, 0xFF, 0x7F, 0xFF,
  0xFF, 0xFF, 0xFF, 0xFF, 0x7F, 0xFF, 0xFF, 0xFF, 0xFF, 0xFF, 0x7F, 0xFF,
  0xFF, 0xFF, 0xFF, 0xFF, 0x7F, 0xFF, 0xFF, 0xFF, 0xFF, 0xFF, 0x7F, 0xFF,
  0xFF, 0xFF, 0xFF, 0xFF, 0x7F, 0xFF, 0xFF, 0xFF, 0xFF, 0xFF, 0x7F, 0xFF,
  0xFF, 0xFF, 0xFF, 0xFF, 0x7F, 0xFF, 0xFF, 0xFF, 0xFF, 0xFF, 0x00, 0x00,
  0x00, 0x01, 0xFF, 0xFE, 0x00, 0x00, 0x00, 0x03, 0xFF, 0xFC, 0x00, 0x00,
  0x00, 0x07, 0xFF, 0xFC, 0x00, 0x00, 0x00, 0x0F, 0xFF, 0xF8, 0x00, 0x00,
  0x00, 0x0F, 0xFF, 0xF0, 0x00, 0x00, 0x00, 0x1F, 0xFF, 0xE0, 0x00, 0x00,
  0x00, 0x3F, 0xFF, 0xC0, 0x00, 0x00, 0x00, 0x7F, 0xFF, 0xC0, 0x00, 0x00,
  0x00, 0x7F, 0xFF, 0x80, 0x00, 0x00, 0x00, 0xFF, 0xFF, 0x00, 0x00, 0x00,
  0x01, 0xFF, 0xFE, 0x00, 0x00, 0x00, 0x03, 0xFF, 0xFE, 0x00, 0x00, 0x00,
  0x07, 0xFF, 0xFC, 0x00, 0x00, 0x00, 0x07, 0xFF, 0xF8, 0x00, 0x00, 0x00,
  0x0F, 0xFF, 0xF0, 0x00, 0x00, 0x00, 0x1F, 0xFF, 0xE0, 0x00, 0x00, 0x00,
  0x3F, 0xFF, 0xE0, 0x00, 0x00, 0x00, 0x3F, 0xFF, 0xC0, 0x00, 0x00, 0x00,
  0x7F, 0xFF, 0x80, 0x00, 0x00, 0x00, 0xFF, 0xFF, 0x00, 0x00, 0x00, 0x01,
  0xFF, 0xFF, 0x00, 0x00, 0x00, 0x03, 0xFF, 0xFE, 0x00, 0x00, 0x00, 0x03,
  0xFF, 0xFC, 0x00, 0x00, 0x00, 0x07, 0xFF, 0xF8, 0x00, 0x00, 0x00, 0x0F,
  0xFF, 0xF0, 0x00, 0x00, 0x00, 0x1F, 0xFF, 0xF0, 0x00, 0x00, 0x00, 0x3F,
  0xFF, 0xE0, 0x00, 0x00, 0x00, 0x3F, 0xFF, 0xC0, 0x00, 0x00, 0x00, 0x7F,
  0xFF, 0x80, 0x00, 0x00, 0x00, 0xFF, 0xFF, 0x80, 0x00, 0x00, 0x01, 0xFF,
  0xFF, 0x00, 0x00, 0x00, 0x01, 0xFF, 0xFE, 0x00, 0x00, 0x00, 0x03, 0xFF,
  0xFC, 0x00, 0x00, 0x00, 0x07, 0xFF, 0xF8, 0x00, 0x00, 0x00, 0x0F, 0xFF,
  0xF8, 0x00, 0x00, 0x00, 0x1F, 0xFF, 0xF0, 0x00, 0x00, 0x00, 0x1F, 0xFF,
  0xE0, 0x00, 0x00, 0x00, 0x3F, 0xFF, 0xC0, 0x00, 0x00, 0x00, 0x7F, 0xFF,
  0xC0, 0x00, 0x00, 0x00, 0xFF, 0xFF, 0x80, 0x00, 0x00, 0x00, 0xFF, 0xFF,
  0xFF, 0xFF, 0xFF, 0xFF, 0xFF, 0xFF, 0xFF, 0xFF, 0xFF, 0xFF, 0xFF, 0xFF,
  0xFF, 0xFF, 0xFF, 0xFF, 0xFF, 0xFF, 0xFF, 0xFF, 0xFF, 0xFF, 0xFF, 0xFF,
  0xFF, 0xFF, 0xFF, 0xFF, 0xFF, 0xFF, 0xFF, 0xFF, 0xFF, 0xFF, 0xFF, 0xFF,
  0xFF, 0xFF, 0xFF, 0xFF, 0xFF, 0xFF, 0xFF, 0xFF, 0xFF, 0xFF, 0xFF, 0xFF,
  0xFF, 0xFF, 0xFF, 0xFF, 0xFF, 0xFF, 0xFF, 0xFF, 0xFF, 0xFF, 0xFF, 0xFF,
  0xFF, 0xFF, 0xFF, 0xFF, 0xFF, 0xFF, 0xFF, 0xFF, 0xFF, 0xFF, 0xFF, 0xFF,
  0xFF, 0xFF, 0xFF, 0xFF, 0xFF, 0xFF, 0xFF, 0xFF, 0xFF, 0xFF, 0xFF, 0xFF,
  0xFF, 0xFF, 0xFF, 0xFF, 0xFF, 0x80, 0x3F, 0xFC, 0x01, 0xFF, 0xE0, 0x0F,
  0xFF, 0x00, 0x7F, 0xF8, 0x03, 0xFF, 0xC0, 0x1F, 0xFE, 0x00, 0xFF, 0xF0,
  0x07, 0xFF, 0x80, 0x3F, 0xFC, 0x01, 0xFF, 0xE0, 0x0F, 0xFF, 0x00, 0x7F,
  0xF8, 0x03, 0xFF, 0xC0, 0x1F, 0xFE, 0x00, 0xFF, 0xF0, 0x07, 0xFF, 0x80,
  0x3F, 0xFC, 0x01, 0xFF, 0xE0, 0x0F, 0xFF, 0x00, 0x7F, 0xF8, 0x03, 0xFF,
  0xC0, 0x1F, 0xFE, 0x00, 0xFF, 0xF0, 0x07, 0xFF, 0x80, 0x3F, 0xFC, 0x01,
  0xFF, 0xE0, 0x0F, 0xFF, 0x00, 0x7F, 0xF8, 0x03, 0xFF, 0xC0, 0x1F, 0xFE,
  0x00, 0xFF, 0xF0, 0x07, 0xFF, 0x80, 0x3F, 0xFC, 0x01, 0xFF, 0xE0, 0x0F,
  0xFF, 0x00, 0x7F, 0xF8, 0x03, 0xFF, 0xC0, 0x1F, 0xFE, 0x00, 0xFF, 0xF0,
  0x07, 0xFF, 0x80, 0x3F, 0xFC, 0x01, 0xFF, 0xE0, 0x0F, 0xFF, 0x00, 0x7F,
  0xF8, 0x03, 0xFF, 0xC0, 0x1F, 0xFE, 0x00, 0xFF, 0xF0, 0x07, 0xFF, 0x80,
  0x3F, 0xFC, 0x01, 0xFF, 0xE0, 0x0F, 0xFF, 0x00, 0x7F, 0xF8, 0x03, 0xFF,
  0xC0, 0x1F, 0xFE, 0x00, 0xFF, 0xF0, 0x07, 0xFF, 0x80, 0x3F, 0xFC, 0x01,
  0xFF, 0xE0, 0x0F, 0xFF, 0x00, 0x7F, 0xF8, 0x03, 0xFF, 0xC0, 0x1F, 0xFF,
  0xFF, 0xFF, 0xFF, 0xFF, 0xFF, 0xFF, 0xFF, 0xFF, 0xFF, 0xFF, 0xFF, 0xFF,
  0xFF, 0xFF, 0xFF, 0xFF, 0xFF, 0xFF, 0xFF, 0xFF, 0xFF, 0xFF, 0xFF, 0xE0,
  0x00, 0x00, 0x07, 0xFF, 0x00, 0x00, 0x00, 0x7F, 0xF0, 0x00, 0x00, 0x03,
  0xFF, 0x80, 0x00, 0x00, 0x3F, 0xF8, 0x00, 0x00, 0x01, 0xFF, 0x80, 0x00,
  0x00, 0x1F, 0xFC, 0x00, 0x00, 0x01, 0xFF, 0xC0, 0x00, 0x00, 0x0F, 0xFC,
  0x00, 0x00, 0x00, 0xFF, 0xE0, 0x00, 0x00, 0x0F, 0xFE, 0x00, 0x00, 0x00,
  0x7F, 0xF0, 0x00, 0x00, 0x07, 0xFF, 0x00, 0x00, 0x00, 0x3F, 0xF0, 0x00,
  0x00, 0x03, 0xFF, 0x80, 0x00, 0x00, 0x3F, 0xF8, 0x00, 0x00, 0x01, 0xFF,
  0x80, 0x00, 0x00, 0x1F, 0xFC, 0x00, 0x00, 0x01, 0xFF, 0xC0, 0x00, 0x00,
  0x0F, 0xFE, 0x00, 0x00, 0x00, 0xFF, 0xE0, 0x00, 0x00, 0x07, 0xFE, 0x00,
  0x00, 0x00, 0x7F, 0xF0, 0x00, 0x00, 0x07, 0xFF, 0x00, 0x00, 0x00, 0x3F,
  0xF8, 0x00, 0x00, 0x03, 0xFF, 0x80, 0x00, 0x00, 0x1F, 0xF8, 0x00, 0x00,
  0x01, 0xFF, 0xC0, 0x00, 0x00, 0x1F, 0xFC, 0x00, 0x00, 0x00, 0xFF, 0xC0,
  0x00, 0x00, 0x0F, 0xFE, 0x00, 0x00, 0x00, 0xFF, 0xE0, 0x00, 0x00, 0x07,
  0xFF, 0x00, 0x00, 0x00, 0x7F, 0xF0, 0x00, 0x00, 0x03, 0xFF, 0x00, 0x00,
  0x00, 0x3F, 0xF8, 0x00, 0x00, 0x03, 0xFF, 0x80, 0x00, 0x00, 0x1F, 0xF8,
  0x00, 0x00, 0x01, 0xFF, 0xC0, 0x00, 0x00, 0x0F, 0xFC, 0x00, 0x00, 0x00,
  0xFF, 0xE0, 0x00, 0x00, 0x0F, 0xFE, 0x00, 0x00, 0x00, 0x7F, 0xE0, 0x00,
  0x00, 0x07, 0xFF, 0x00, 0x00, 0x00, 0x7F, 0xF0, 0x00, 0x00, 0x03, 0xFF,
  0x00, 0x00, 0x00, 0x3F, 0xF8, 0x00, 0x00, 0x01, 0xFF, 0x80, 0x00, 0x00,
  0x1F, 0xFC, 0x00, 0x00, 0x01, 0xFF, 0xC0, 0x00, 0x00, 0x0F, 0xFC, 0x00,
  0x00, 0x00, 0xFF, 0xE0, 0x00, 0x00, 0x0F, 0xFE, 0x00, 0x00, 0x00, 0x7F,
  0xF0, 0x00, 0x00, 0x07, 0xFF, 0x00, 0x00, 0x00, 0x3F, 0xF0, 0x00, 0x00,
  0x03, 0xFF, 0x80, 0x00, 0x00, 0x3F, 0xF8, 0x00, 0x00, 0x01, 0xFF, 0x80,
  0x00, 0x00, 0x1F, 0xFC, 0x00, 0x00, 0x00, 0xFF, 0xC0, 0x00, 0x00, 0x0F,
  0xFE, 0x00, 0x00, 0x00, 0xFF, 0xE0, 0x00, 0x00, 0x07, 0xFF, 0xFF, 0xFF,
  0xFF, 0xFF, 0xFF, 0xFF, 0xFF, 0xFF, 0xFF, 0xFF, 0xFF, 0xFF, 0xFF, 0xFF,
  0xFF, 0xFF, 0xFF, 0xFF, 0xFF, 0xFF, 0xFF, 0xFF, 0xFF, 0xF8, 0x03, 0xFF,
  0xC0, 0x1F, 0xFE, 0x00, 0xFF, 0xF0, 0x07, 0xFF, 0x80, 0x3F, 0xFC, 0x01,
  0xFF, 0xE0, 0x0F, 0xFF, 0x00, 0x7F, 0xF8, 0x03, 0xFF, 0xC0, 0x1F, 0xFE,
  0x00, 0xFF, 0xF0, 0x07, 0xFF, 0x80, 0x3F, 0xFC, 0x01, 0xFF, 0xE0, 0x0F,
  0xFF, 0x00, 0x7F, 0xF8, 0x03, 0xFF, 0xC0, 0x1F, 0xFE, 0x00, 0xFF, 0xF0,
  0x07, 0xFF, 0x80, 0x3F, 0xFC, 0x01, 0xFF, 0xE0, 0x0F, 0xFF, 0x00, 0x7F,
  0xF8, 0x03, 0xFF, 0xC0, 0x1F, 0xFE, 0x00, 0xFF, 0xF0, 0x07, 0xFF, 0x80,
  0x3F, 0xFC, 0x01, 0xFF, 0xE0, 0x0F, 0xFF, 0x00, 0x7F, 0xF8, 0x03, 0xFF,
  0xC0, 0x1F, 0xFE, 0x00, 0xFF, 0xF0, 0x07, 0xFF, 0x80, 0x3F, 0xFC, 0x01,
  0xFF, 0xE0, 0x0F, 0xFF, 0x00, 0x7F, 0xF8, 0x03, 0xFF, 0xC0, 0x1F, 0xFE,
  0x00, 0xFF, 0xF0, 0x07, 0xFF, 0x80, 0x3F, 0xFC, 0x01, 0xFF, 0xE0, 0x0F,
  0xFF, 0x00, 0x7F, 0xF8, 0x03, 0xFF, 0xC0, 0x1F, 0xFE, 0x00, 0xFF, 0xF0,
  0x07, 0xFF, 0x80, 0x3F, 0xFC, 0x01, 0xFF, 0xE0, 0x0F, 0xFF, 0x00, 0x7F,
  0xF8, 0x03, 0xFF, 0xC0, 0x1F, 0xFE, 0x00, 0xFF, 0xF0, 0x07, 0xFF, 0x80,
  0x3F, 0xFC, 0x01, 0xFF, 0xFF, 0xFF, 0xFF, 0xFF, 0xFF, 0xFF, 0xFF, 0xFF,
  0xFF, 0xFF, 0xFF, 0xFF, 0xFF, 0xFF, 0xFF, 0xFF, 0xFF, 0xFF, 0xFF, 0xFF,
  0xFF, 0xFF, 0xFF, 0xFF, 0x00, 0x00, 0xFF, 0x80, 0x00, 0x00, 0x00, 0xFF,
  0xE0, 0x00, 0x00, 0x00, 0x7F, 0xF0, 0x00, 0x00, 0x00, 0x7F, 0xFC, 0x00,
  0x00, 0x00, 0x3F, 0xFE, 0x00, 0x00, 0x00, 0x3F, 0xFF, 0x00, 0x00, 0x00,
  0x1F, 0xFF, 0xC0, 0x00, 0x00, 0x0F, 0xFF, 0xE0, 0x00, 0x00, 0x0F, 0xFF,
  0xF8, 0x00, 0x00, 0x07, 0xFF, 0xFC, 0x00, 0x00, 0x07, 0xFF, 0xFF, 0x00,
  0x00, 0x03, 0xFF, 0xFF, 0x80, 0x00, 0x01, 0xFF, 0xFF, 0xC0, 0x00, 0x01,
  0xFF, 0xFF, 0xF0, 0x00, 0x00, 0xFF, 0xFF, 0xF8, 0x00, 0x00, 0xFF, 0xEF,
  0xFE, 0x00, 0x00, 0x7F, 0xF7, 0xFF, 0x00, 0x00, 0x3F, 0xF1, 0xFF, 0x80,
  0x00, 0x3F, 0xF8, 0xFF, 0xE0, 0x00, 0x1F, 0xFC, 0x7F, 0xF0, 0x00, 0x1F,
  0xFC, 0x1F, 0xFC, 0x00, 0x0F, 0xFE, 0x0F, 0xFE, 0x00, 0x0F, 0xFE, 0x03,
  0xFF, 0x00, 0x07, 0xFF, 0x01, 0xFF, 0xC0, 0x03, 0xFF, 0x00, 0x7F, 0xE0,
  0x03, 0xFF, 0x80, 0x3F, 0xF8, 0x01, 0xFF, 0xC0, 0x1F, 0xFC, 0x01, 0xFF,
  0xC0, 0x07, 0xFF, 0x00, 0xFF, 0xE0, 0x03, 0xFF, 0x80, 0x7F, 0xE0, 0x00,
  0xFF, 0xC0, 0x7F, 0xF0, 0x00, 0x7F, 0xF0, 0x3F, 0xF8, 0x00, 0x3F, 0xF8,
  0x3F, 0xF8, 0x00, 0x0F, 0xFE, 0x1F, 0xFC, 0x00, 0x07, 0xFF, 0x0F, 0xFC,
  0x00, 0x01, 0xFF, 0x8F, 0xFE, 0x00, 0x00, 0xFF, 0xEF, 0xFF, 0x00, 0x00,
  0x3F, 0xF8, 0xFF, 0xFF, 0xFF, 0xFF, 0xFF, 0xFF, 0xFF, 0xFF, 0xFF, 0xFF,
  0xFF, 0xFF, 0xFF, 0xFF, 0xFF, 0xFF, 0xFF, 0xFF, 0xFF, 0xFF, 0xFF, 0xFF,
  0xFF, 0xFF, 0xFF, 0xF8, 0x03, 0xFF, 0xE0, 0x0F, 0xFF, 0x80, 0x3F, 0xFC,
  0x00, 0xFF, 0xF0, 0x03, 0xFF, 0x80, 0x0F, 0xFE, 0x00, 0x3F, 0xF8, 0x00,
  0xFF, 0xC0, 0x03, 0xFF, 0x00, 0x0F, 0xF8, 0x00, 0x3F, 0xE0, 0x00, 0xFF,
  0x80, 0x00, 0x00, 0x00, 0x00, 0x00, 0x00, 0x00, 0x00, 0x00, 0x00, 0x00,
  0x00, 0x00, 0x00, 0x01, 0xFF, 0xC0, 0x00, 0x00, 0x07, 0xFF, 0xFF, 0x00,
  0x00, 0x07, 0xFF, 0xFF, 0xF8, 0x00, 0x07, 0xFF, 0xFF, 0xFF, 0x00, 0x03,
  0xFF, 0xFF, 0xFF, 0xF0, 0x01, 0xFF, 0xFF, 0xFF, 0xFE, 0x00, 0xFF, 0xFF,
  0xFF, 0xFF, 0xC0, 0x7F, 0xFF, 0xFF, 0xFF, 0xF0, 0x1F, 0xFF, 0xFF, 0xFF,
  0xFE, 0x0F, 0xFF, 0xFF, 0xFF, 0xFF, 0x83, 0xFF, 0xF8, 0x07, 0xFF, 0xE0,
  0xFF, 0xF8, 0x00, 0x7F, 0xFC, 0x7F, 0xFC, 0x00, 0x1F, 0xFF, 0x1F, 0xFF,
  0x00, 0x03, 0xFF, 0xC7, 0xFF, 0x80, 0x00, 0xFF, 0xF1, 0xFF, 0xE0, 0x00,
  0x3F, 0xFC, 0x00, 0x00, 0x00, 0x0F, 0xFF, 0x00, 0x00, 0x00, 0x07, 0xFF,
  0xC0, 0x00, 0x00, 0x07, 0xFF, 0xF0, 0x00, 0x00, 0x7F, 0xFF, 0xFC, 0x00,
  0x0F, 0xFF, 0xFF, 0xFF, 0x00, 0x1F, 0xFF, 0xFF, 0xFF, 0xC0, 0x1F, 0xFF,
  0xFF, 0xFF, 0xF0, 0x1F, 0xFF, 0xFF, 0xFF, 0xFC, 0x0F, 0xFF, 0xFF, 0xEF,
  0xFF, 0x07, 0xFF, 0xFF, 0xE3, 0xFF, 0xC3, 0xFF, 0xFE, 0x00, 0xFF, 0xF0,
  0xFF, 0xFC, 0x00, 0x3F, 0xFC, 0x7F, 0xFC, 0x00, 0x0F, 0xFF, 0x1F, 0xFE,
  0x00, 0x03, 0xFF, 0xCF, 0xFF, 0x00, 0x00, 0xFF, 0xF3, 0xFF, 0xC0, 0x00,
  0x3F, 0xFC, 0xFF, 0xF0, 0x00, 0x1F, 0xFF, 0x3F, 0xFC, 0x00, 0x07, 0xFF,
  0xCF, 0xFF, 0x00, 0x03, 0xFF, 0xF3, 0xFF, 0xE0, 0x01, 0xFF, 0xFC, 0xFF,
  0xF8, 0x00, 0xFF, 0xFF, 0x3F, 0xFF, 0x81, 0xFF, 0xFF, 0xCF, 0xFF, 0xFF,
  0xFF, 0xFF, 0xF1, 0xFF, 0xFF, 0xFF, 0xFF, 0xFC, 0x7F, 0xFF, 0xFF, 0xFF,
  0xFF, 0x0F, 0xFF, 0xFF, 0xFB, 0xFF, 0xC3, 0xFF, 0xFF, 0xFC, 0xFF, 0xF0,
  0x7F, 0xFF, 0xFE, 0x3F, 0xFC, 0x0F, 0xFF, 0xFF, 0x0F, 0xFF, 0x81, 0xFF,
  0xFF, 0x01, 0xFF, 0xF0, 0x1F, 0xFF, 0x80, 0x7F, 0xFC, 0x00, 0xFF, 0x00,
  0x00, 0x00, 0xFF, 0xF0, 0x00, 0x00, 0x00, 0x0F, 0xFF, 0x00, 0x00, 0x00,
  0x00, 0xFF, 0xF0, 0x00, 0x00, 0x00, 0x0F, 0xFF, 0x00, 0x00, 0x00, 0x00,
  0xFF, 0xF0, 0x00, 0x00, 0x00, 0x0F, 0xFF, 0x00, 0x00, 0x00, 0x00, 0xFF,
  0xF0, 0x00, 0x00, 0x00, 0x0F, 0xFF, 0x00, 0x00, 0x00, 0x00, 0xFF, 0xF0,
  0x00, 0x00, 0x00, 0x0F, 0xFF, 0x00, 0x00, 0x00, 0x00, 0xFF, 0xF0, 0x00,
  0x00, 0x00, 0x0F, 0xFF, 0x00, 0x00, 0x00, 0x00, 0xFF, 0xF0, 0x00, 0x00,
  0x00, 0x0F, 0xFF, 0x00, 0x00, 0x00, 0x00, 0xFF, 0xF0, 0x00, 0x00, 0x00,
  0x0F, 0xFF, 0x00, 0x7F, 0xC0, 0x00, 0xFF, 0xF0, 0x3F, 0xFF, 0x80, 0x0F,
  0xFF, 0x0F, 0xFF, 0xFE, 0x00, 0xFF, 0xF1, 0xFF, 0xFF, 0xF0, 0x0F, 0xFF,
  0x3F, 0xFF, 0xFF, 0x80, 0xFF, 0xF7, 0xFF, 0xFF, 0xFC, 0x0F, 0xFF, 0xFF,
  0xFF, 0xFF, 0xE0, 0xFF, 0xFF, 0xFF, 0xFF, 0xFF, 0x0F, 0xFF, 0xFF, 0xFF,
  0xFF, 0xF0, 0xFF, 0xFF, 0xFF, 0xFF, 0xFF, 0x8F, 0xFF, 0xFC, 0x07, 0xFF,
  0xF8, 0xFF, 0xFF, 0x00, 0x1F, 0xFF, 0xCF, 0xFF, 0xE0, 0x00, 0xFF, 0xFC,
  0xFF, 0xFE, 0x00, 0x0F, 0xFF, 0xEF, 0xFF, 0xC0, 0x00, 0x7F, 0xFE, 0xFF,
  0xF8, 0x00, 0x03, 0xFF, 0xEF, 0xFF, 0x80, 0x00, 0x3F, 0xFE, 0xFF, 0xF8,
  0x00, 0x03, 0xFF, 0xFF, 0xFF, 0x00, 0x00, 0x3F, 0xFF, 0xFF, 0xF0, 0x00,
  0x01, 0xFF, 0xFF, 0xFF, 0x00, 0x00, 0x1F, 0xFF, 0xFF, 0xF0, 0x00, 0x01,
  0xFF, 0xFF, 0xFF, 0x00, 0x00, 0x1F, 0xFF, 0xFF, 0xF0, 0x00, 0x01, 0xFF,
  0xFF, 0xFF, 0x00, 0x00, 0x1F, 0xFF, 0xFF, 0xF0, 0x00, 0x01, 0xFF, 0xFF,
  0xFF, 0x00, 0x00, 0x1F, 0xFF, 0xFF, 0xF0, 0x00, 0x01, 0xFF, 0xFF, 0xFF,
  0x00, 0x00, 0x1F, 0xFF, 0xFF, 0xF8, 0x00, 0x03, 0xFF, 0xFF, 0xFF, 0x80,
  0x00, 0x3F, 0xFE, 0xFF, 0xF8, 0x00, 0x03, 0xFF, 0xEF, 0xFF, 0xC0, 0x00,
  0x7F, 0xFE, 0xFF, 0xFC, 0x00, 0x07, 0xFF, 0xEF, 0xFF, 0xE0, 0x00, 0xFF,
  0xFC, 0xFF, 0xFF, 0x00, 0x0F, 0xFF, 0xCF, 0xFF, 0xF8, 0x01, 0xFF, 0xFC,
  0xFF, 0xFF, 0xE0, 0x7F, 0xFF, 0x8F, 0xFF, 0xFF, 0xFF, 0xFF, 0xF8, 0xFF,
  0xFF, 0xFF, 0xFF, 0xFF, 0x0F, 0xFF, 0xFF, 0xFF, 0xFF, 0xE0, 0xFF, 0xFF,
  0xFF, 0xFF, 0xFE, 0x0F, 0xFF, 0x7F, 0xFF, 0xFF, 0xC0, 0xFF, 0xF3, 0xFF,
  0xFF, 0xF8, 0x0F, 0xFF, 0x1F, 0xFF, 0xFF, 0x00, 0xFF, 0xF0, 0xFF, 0xFF,
  0xE0, 0x0F, 0xFF, 0x03, 0xFF, 0xF8, 0x00, 0x00, 0x00, 0x0F, 0xFC, 0x00,
  0x00, 0x00, 0x00, 0xFF, 0xE0, 0x00, 0x00, 0x01, 0xFF, 0xFF, 0x80, 0x00,
  0x01, 0xFF, 0xFF, 0xF8, 0x00, 0x01, 0xFF, 0xFF, 0xFF, 0x80, 0x00, 0xFF,
  0xFF, 0xFF, 0xF8, 0x00, 0x7F, 0xFF, 0xFF, 0xFF, 0x00, 0x3F, 0xFF, 0xFF,
  0xFF, 0xC0, 0x1F, 0xFF, 0xFF, 0xFF, 0xF8, 0x0F, 0xFF, 0xFF, 0xFF, 0xFF,
  0x07, 0xFF, 0xFF, 0xFF, 0xFF, 0xC1, 0xFF, 0xFE, 0x07, 0xFF, 0xF8, 0xFF,
  0xFC, 0x00, 0x7F, 0xFE, 0x3F, 0xFE, 0x00, 0x0F, 0xFF, 0x8F, 0xFF, 0x00,
  0x01, 0xFF, 0xE7, 0xFF, 0xC0, 0x00, 0x7F, 0xFD, 0xFF, 0xE0, 0x00, 0x0F,
  0xFF, 0x7F, 0xF8, 0x00, 0x03, 0xFF, 0xDF, 0xFE, 0x00, 0x00, 0x00, 0x0F,
  0xFF, 0x00, 0x00, 0x00, 0x03, 0xFF, 0xC0, 0x00, 0x00, 0x00, 0xFF, 0xF0,
  0x00, 0x00, 0x00, 0x3F, 0xFC, 0x00, 0x00, 0x00, 0x0F, 0xFF, 0x00, 0x00,
  0x00, 0x03, 0xFF, 0xC0, 0x00, 0x00, 0x00, 0xFF, 0xF0, 0x00, 0x00, 0x00,
  0x3F, 0xFC, 0x00, 0x00, 0x00, 0x0F, 0xFF, 0x00, 0x00, 0x00, 0x03, 0xFF,
  0xC0, 0x00, 0x00, 0x00, 0xFF, 0xF0, 0x00, 0x00, 0x00, 0x3F, 0xFC, 0x00,
  0x00, 0x00, 0x0F, 0xFF, 0x80, 0x00, 0x3F, 0xFD, 0xFF, 0xE0, 0x00, 0x0F,
  0xFF, 0x7F, 0xF8, 0x00, 0x07, 0xFF, 0xDF, 0xFF, 0x00, 0x01, 0xFF, 0xE7,
  0xFF, 0xC0, 0x00, 0x7F, 0xF8, 0xFF, 0xF8, 0x00, 0x3F, 0xFE, 0x3F, 0xFF,
  0x00, 0x1F, 0xFF, 0x07, 0xFF, 0xF0, 0x1F, 0xFF, 0xC1, 0xFF, 0xFF, 0xFF,
  0xFF, 0xE0, 0x3F, 0xFF, 0xFF, 0xFF, 0xF8, 0x0F, 0xFF, 0xFF, 0xFF, 0xFC,
  0x01, 0xFF, 0xFF, 0xFF, 0xFE, 0x00, 0x3F, 0xFF, 0xFF, 0xFF, 0x00, 0x07,
  0xFF, 0xFF, 0xFF, 0x80, 0x00, 0xFF, 0xFF, 0xFF, 0xC0, 0x00, 0x0F, 0xFF,
  0xFF, 0xC0, 0x00, 0x00, 0xFF, 0xFF, 0xC0, 0x00, 0x00, 0x03, 0xFF, 0x80,
  0x00, 0x00, 0x00, 0x00, 0x00, 0xFF, 0xF0, 0x00, 0x00, 0x00, 0x0F, 0xFF,
  0x00, 0x00, 0x00, 0x00, 0xFF, 0xF0, 0x00, 0x00, 0x00, 0x0F, 0xFF, 0x00,
  0x00, 0x00, 0x00, 0xFF, 0xF0, 0x00, 0x00, 0x00, 0x0F, 0xFF, 0x00, 0x00,
  0x00, 0x00, 0xFF, 0xF0, 0x00, 0x00, 0x00, 0x0F, 0xFF, 0x00, 0x00, 0x00,
  0x00, 0xFF, 0xF0, 0x00, 0x00, 0x00, 0x0F, 0xFF, 0x00, 0x00, 0x00, 0x00,
  0xFF, 0xF0, 0x00, 0x00, 0x00, 0x0F, 0xFF, 0x00, 0x00, 0x00, 0x00, 0xFF,
  0xF0, 0x00, 0x00, 0x00, 0x0F, 0xFF, 0x00, 0x00, 0x00, 0x00, 0xFF, 0xF0,
  0x00, 0x1F, 0xF0, 0x0F, 0xFF, 0x00, 0x0F, 0xFF, 0xC0, 0xFF, 0xF0, 0x03,
  0xFF, 0xFF, 0x0F, 0xFF, 0x00, 0x7F, 0xFF, 0xF8, 0xFF, 0xF0, 0x1F, 0xFF,
  0xFF, 0xCF, 0xFF, 0x03, 0xFF, 0xFF, 0xFE, 0xFF, 0xF0, 0x7F, 0xFF, 0xFF,
  0xFF, 0xFF, 0x07, 0xFF, 0xFF, 0xFF, 0xFF, 0xF0, 0xFF, 0xFF, 0xFF, 0xFF,
  0xFF, 0x1F, 0xFF, 0xFF, 0xFF, 0xFF, 0xF1, 0xFF, 0xFE, 0x07, 0xFF, 0xFF,
  0x3F, 0xFF, 0x80, 0x1F, 0xFF, 0xF3, 0xFF, 0xF0, 0x00, 0xFF, 0xFF, 0x3F,
  0xFE, 0x00, 0x07, 0xFF, 0xF7, 0xFF, 0xC0, 0x00, 0x3F, 0xFF, 0x7F, 0xFC,
  0x00, 0x03, 0xFF, 0xF7, 0xFF, 0x80, 0x00, 0x1F, 0xFF, 0x7F, 0xF8, 0x00,
  0x01, 0xFF, 0xFF, 0xFF, 0x80, 0x00, 0x1F, 0xFF, 0xFF, 0xF0, 0x00, 0x00,
  0xFF, 0xFF, 0xFF, 0x00, 0x00, 0x0F, 0xFF, 0xFF, 0xF0, 0x00, 0x00, 0xFF,
  0xFF, 0xFF, 0x00, 0x00, 0x0F, 0xFF, 0xFF, 0xF0, 0x00, 0x00, 0xFF, 0xFF,
  0xFF, 0x00, 0x00, 0x0F, 0xFF, 0xFF, 0xF0, 0x00, 0x00, 0xFF, 0xFF, 0xFF,
  0x00, 0x00, 0x0F, 0xFF, 0xFF, 0xF0, 0x00, 0x00, 0xFF, 0xFF, 0xFF, 0x00,
  0x00, 0x0F, 0xFF, 0xFF, 0xF8, 0x00, 0x01, 0xFF, 0xFF, 0xFF, 0x80, 0x00,
  0x1F, 0xFF, 0x7F, 0xF8, 0x00, 0x01, 0xFF, 0xF7, 0xFF, 0xC0, 0x00, 0x3F,
  0xFF, 0x7F, 0xFC, 0x00, 0x03, 0xFF, 0xF7, 0xFF, 0xE0, 0x00, 0x7F, 0xFF,
  0x3F, 0xFE, 0x00, 0x0F, 0xFF, 0xF3, 0xFF, 0xF8, 0x01, 0xFF, 0xFF, 0x1F,
  0xFF, 0xE0, 0x7F, 0xFF, 0xF1, 0xFF, 0xFF, 0xFF, 0xFF, 0xFF, 0x0F, 0xFF,
  0xFF, 0xFF, 0xFF, 0xF0, 0xFF, 0xFF, 0xFF, 0xFF, 0xFF, 0x07, 0xFF, 0xFF,
  0xFE, 0xFF, 0xF0, 0x3F, 0xFF, 0xFF, 0xCF, 0xFF, 0x01, 0xFF, 0xFF, 0xFC,
  0xFF, 0xF0, 0x0F, 0xFF, 0xFF, 0x8F, 0xFF, 0x00, 0x3F, 0xFF, 0xE0, 0xFF,
  0xF0, 0x01, 0xFF, 0xFC, 0x0F, 0xFF, 0x00, 0x03, 0xFE, 0x00, 0x00, 0x00,
  0x00, 0x00, 0x7F, 0xE0, 0x00, 0x00, 0x00, 0x7F, 0xFF, 0xE0, 0x00, 0x00,
  0x1F, 0xFF, 0xFF, 0x80, 0x00, 0x07, 0xFF, 0xFF, 0xFE, 0x00, 0x00, 0xFF,
  0xFF, 0xFF, 0xF0, 0x00, 0x1F, 0xFF, 0xFF, 0xFF, 0x80, 0x03, 0xFF, 0xFF,
  0xFF, 0xFC, 0x00, 0x7F, 0xFF, 0xFF, 0xFF, 0xE0, 0x0F, 0xFF, 0xFF, 0xFF,
  0xFF, 0x00, 0xFF, 0xFF, 0xFF, 0xFF, 0xF0, 0x1F, 0xFF, 0xC0, 0x7F, 0xFF,
  0x83, 0xFF, 0xF0, 0x00, 0xFF, 0xFC, 0x3F, 0xFE, 0x00, 0x07, 0xFF, 0xC3,
  0xFF, 0xC0, 0x00, 0x3F, 0xFC, 0x7F, 0xF8, 0x00, 0x01, 0xFF, 0xE7, 0xFF,
  0x80, 0x00, 0x1F, 0xFE, 0x7F, 0xF8, 0x00, 0x00, 0xFF, 0xE7, 0xFF, 0x00,
  0x00, 0x0F, 0xFE, 0xFF, 0xF0, 0x00, 0x00, 0xFF, 0xFF, 0xFF, 0xFF, 0xFF,
  0xFF, 0xFF, 0xFF, 0xFF, 0xFF, 0xFF, 0xFF, 0xFF, 0xFF, 0xFF, 0xFF, 0xFF,
  0xFF, 0xFF, 0xFF, 0xFF, 0xFF, 0xFF, 0xFF, 0xFF, 0xFF, 0xFF, 0xFF, 0xFF,
  0xFF, 0xFF, 0xFF, 0xFF, 0xFF, 0xFF, 0xFF, 0xFF, 0xFF, 0xFF, 0xFF, 0xFF,
  0xFF, 0xFF, 0xFF, 0xFF, 0xFF, 0xFF, 0x00, 0x00, 0x00, 0x00, 0xFF, 0xF0,
  0x00, 0x00, 0x00, 0x0F, 0xFF, 0x00, 0x00, 0x00, 0x00, 0xFF, 0xF0, 0x00,
  0x00, 0x00, 0x07, 0xFF, 0x80, 0x00, 0x00, 0x00, 0x7F, 0xF8, 0x00, 0x00,
  0x00, 0x07, 0xFF, 0xC0, 0x00, 0x1F, 0xFE, 0x7F, 0xFC, 0x00, 0x01, 0xFF,
  0xE3, 0xFF, 0xE0, 0x00, 0x3F, 0xFC, 0x3F, 0xFF, 0x80, 0x07, 0xFF, 0xC1,
  0xFF, 0xFE, 0x03, 0xFF, 0xF8, 0x1F, 0xFF, 0xFF, 0xFF, 0xFF, 0x80, 0xFF,
  0xFF, 0xFF, 0xFF, 0xF0, 0x07, 0xFF, 0xFF, 0xFF, 0xFE, 0x00, 0x3F, 0xFF,
  0xFF, 0xFF, 0xE0, 0x01, 0xFF, 0xFF, 0xFF, 0xFC, 0x00, 0x0F, 0xFF, 0xFF,
  0xFF, 0x80, 0x00, 0x3F, 0xFF, 0xFF, 0xE0, 0x00, 0x01, 0xFF, 0xFF, 0xF8,
  0x00, 0x00, 0x03, 0xFF, 0xFE, 0x00, 0x00, 0x00, 0x07, 0xFF, 0x00, 0x00,
  0x00, 0x01, 0xFF, 0xC0, 0x03, 0xFF, 0xF0, 0x03, 0xFF, 0xFC, 0x01, 0xFF,
  0xFF, 0x00, 0xFF, 0xFF, 0xC0, 0x7F, 0xFF, 0xF0, 0x1F, 0xFF, 0xFC, 0x07,
  0xFF, 0xFF, 0x03, 0xFF, 0xFF, 0xC0, 0xFF, 0xFF, 0xF0, 0x3F, 0xFE, 0x00,
  0x0F, 0xFF, 0x00, 0x03, 0xFF, 0xC0, 0x00, 0xFF, 0xF0, 0x00, 0x3F, 0xFC,
  0x00, 0x0F, 0xFF, 0x00, 0xFF, 0xFF, 0xFF, 0xFF, 0xFF, 0xFF, 0xFF, 0xFF,
  0xFF, 0xFF, 0xFF, 0xFF, 0xFF, 0xFF, 0xFF, 0xFF, 0xFF, 0xFF, 0xFF, 0xFF,
  0xFF, 0xFF, 0xFF, 0xFF, 0xFF, 0xFF, 0x03, 0xFF, 0xC0, 0x00, 0xFF, 0xF0,
  0x00, 0x3F, 0xFC, 0x00, 0x0F, 0xFF, 0x00, 0x03, 0xFF, 0xC0, 0x00, 0xFF,
  0xF0, 0x00, 0x3F, 0xFC, 0x00, 0x0F, 0xFF, 0x00, 0x03, 0xFF, 0xC0, 0x00,
  0xFF, 0xF0, 0x00, 0x3F, 0xFC, 0x00, 0x0F, 0xFF, 0x00, 0x03, 0xFF, 0xC0,
  0x00, 0xFF, 0xF0, 0x00, 0x3F, 0xFC, 0x00, 0x0F, 0xFF, 0x00, 0x03, 0xFF,
  0xC0, 0x00, 0xFF, 0xF0, 0x00, 0x3F, 0xFC, 0x00, 0x0F, 0xFF, 0x00, 0x03,
  0xFF, 0xC0, 0x00, 0xFF, 0xF0, 0x00, 0x3F, 0xFC, 0x00, 0x0F, 0xFF, 0x00,
  0x03, 0xFF, 0xC0, 0x00, 0xFF, 0xF0, 0x00, 0x3F, 0xFC, 0x00, 0x0F, 0xFF,
  0x00, 0x03, 0xFF, 0xC0, 0x00, 0xFF, 0xF0, 0x00, 0x3F, 0xFC, 0x00, 0x0F,
  0xFF, 0x00, 0x03, 0xFF, 0xC0, 0x00, 0xFF, 0xF0, 0x00, 0x3F, 0xFC, 0x00,
  0x0F, 0xFF, 0x00, 0x03, 0xFF, 0xC0, 0x00, 0xFF, 0xF0, 0x00, 0x00, 0x01,
  0xFF, 0x00, 0x00, 0x00, 0x00, 0xFF, 0xFC, 0x0F, 0xFF, 0x00, 0x3F, 0xFF,
  0xF0, 0xFF, 0xF0, 0x0F, 0xFF, 0xFF, 0x8F, 0xFF, 0x01, 0xFF, 0xFF, 0xFC,
  0xFF, 0xF0, 0x3F, 0xFF, 0xFF, 0xEF, 0xFF, 0x07, 0xFF, 0xFF, 0xFE, 0xFF,
  0xF0, 0x7F, 0xFF, 0xFF, 0xFF, 0xFF, 0x0F, 0xFF, 0xFF, 0xFF, 0xFF, 0xF1,
  0xFF, 0xFF, 0xFF, 0xFF, 0xFF, 0x1F, 0xFF, 0xE0, 0x7F, 0xFF, 0xF3, 0xFF,
  0xF8, 0x01, 0xFF, 0xFF, 0x3F, 0xFE, 0x00, 0x0F, 0xFF, 0xF3, 0xFF, 0xE0,
  0x00, 0x7F, 0xFF, 0x7F, 0xFC, 0x00, 0x03, 0xFF, 0xF7, 0xFF, 0x80, 0x00,
  0x3F, 0xFF, 0x7F, 0xF8, 0x00, 0x01, 0xFF, 0xF7, 0xFF, 0x80, 0x00, 0x1F,
  0xFF, 0xFF, 0xF8, 0x00, 0x01, 0xFF, 0xFF, 0xFF, 0x00, 0x00, 0x0F, 0xFF,
  0xFF, 0xF0, 0x00, 0x00, 0xFF, 0xFF, 0xFF, 0x00, 0x00, 0x0F, 0xFF, 0xFF,
  0xF0, 0x00, 0x00, 0xFF, 0xFF, 0xFF, 0x00, 0x00, 0x0F, 0xFF, 0xFF, 0xF0,
  0x00, 0x00, 0xFF, 0xFF, 0xFF, 0x00, 0x00, 0x0F, 0xFF, 0xFF, 0xF0, 0x00,
  0x00, 0xFF, 0xFF, 0xFF, 0x00, 0x00, 0x0F, 0xFF, 0xFF, 0xF8, 0x00, 0x00,
  0xFF, 0xFF, 0xFF, 0x80, 0x00, 0x1F, 0xFF, 0x7F, 0xF8, 0x00, 0x01, 0xFF,
  0xF7, 0xFF, 0xC0, 0x00, 0x1F, 0xFF, 0x7F, 0xFC, 0x00, 0x03, 0xFF, 0xF7,
  0xFF, 0xE0, 0x00, 0x7F, 0xFF, 0x3F, 0xFF, 0x00, 0x0F, 0xFF, 0xF3, 0xFF,
  0xF8, 0x01, 0xFF, 0xFF, 0x3F, 0xFF, 0xE0, 0x7F, 0xFF, 0xF1, 0xFF, 0xFF,
  0xFF, 0xFF, 0xFF, 0x0F, 0xFF, 0xFF, 0xFF, 0xFF, 0xF0, 0xFF, 0xFF, 0xFF,
  0xFF, 0xFF, 0x07, 0xFF, 0xFF, 0xFF, 0xFF, 0xF0, 0x3F, 0xFF, 0xFF, 0xEF,
  0xFF, 0x01, 0xFF, 0xFF, 0xFC, 0xFF, 0xF0, 0x0F, 0xFF, 0xFF, 0x8F, 0xFF,
  0x00, 0x7F, 0xFF, 0xF0, 0xFF, 0xF0, 0x01, 0xFF, 0xFC, 0x0F, 0xFF, 0x00,
  0x03, 0xFF, 0x00, 0xFF, 0xF0, 0x00, 0x00, 0x00, 0x0F, 0xFF, 0x00, 0x00,
  0x00, 0x01, 0xFF, 0xF0, 0x00, 0x00, 0x00, 0x1F, 0xFF, 0x7F, 0xFC, 0x00,
  0x01, 0xFF, 0xE7, 0xFF, 0xC0, 0x00, 0x3F, 0xFE, 0x7F, 0xFE, 0x00, 0x03,
  0xFF, 0xE3, 0xFF, 0xF0, 0x00, 0xFF, 0xFE, 0x3F, 0xFF, 0xC0, 0x3F, 0xFF,
  0xC3, 0xFF, 0xFF, 0xFF, 0xFF, 0xFC, 0x1F, 0xFF, 0xFF, 0xFF, 0xFF, 0xC1,
  0xFF, 0xFF, 0xFF, 0xFF, 0xF8, 0x0F, 0xFF, 0xFF, 0xFF, 0xFF, 0x00, 0x7F,
  0xFF, 0xFF, 0xFF, 0xE0, 0x03, 0xFF, 0xFF, 0xFF, 0xFC, 0x00, 0x1F, 0xFF,
  0xFF, 0xFF, 0x80, 0x00, 0x7F, 0xFF, 0xFF, 0xE0, 0x00, 0x00, 0xFF, 0xFF,
  0xF8, 0x00, 0x00, 0x01, 0xFF, 0xF0, 0x00, 0x00, 0xFF, 0xF0, 0x00, 0x00,
  0x00, 0x7F, 0xF8, 0x00, 0x00, 0x00, 0x3F, 0xFC, 0x00, 0x00, 0x00, 0x1F,
  0xFE, 0x00, 0x00, 0x00, 0x0F, 0xFF, 0x00, 0x00, 0x00, 0x07, 0xFF, 0x80,
  0x00, 0x00, 0x03, 0xFF, 0xC0, 0x00, 0x00, 0x01, 0xFF, 0xE0, 0x00, 0x00,
  0x00, 0xFF, 0xF0, 0x00, 0x00, 0x00, 0x7F, 0xF8, 0x00, 0x00, 0x00, 0x3F,
  0xFC, 0x00, 0x00, 0x00, 0x1F, 0xFE, 0x00, 0x00, 0x00, 0x0F, 0xFF, 0x00,
  0x00, 0x00, 0x07, 0xFF, 0x80, 0x00, 0x00, 0x03, 0xFF, 0xC0, 0x00, 0x00,
  0x01, 0xFF, 0xE0, 0x0F, 0xF8, 0x00, 0xFF, 0xF0, 0x3F, 0xFF, 0x80, 0x7F,
  0xF8, 0x7F, 0xFF, 0xF0, 0x3F, 0xFC, 0x7F, 0xFF, 0xFC, 0x1F, 0xFE, 0x7F,
  0xFF, 0xFF, 0x0F, 0xFF, 0x7F, 0xFF, 0xFF, 0xC7, 0xFF, 0xFF, 0xFF, 0xFF,
  0xF3, 0xFF, 0xFF, 0xFF, 0xFF, 0xF9, 0xFF, 0xFF, 0xFF, 0xFF, 0xFE, 0xFF,
  0xFF, 0xFF, 0xFF, 0xFF, 0x7F, 0xFF, 0xE0, 0x3F, 0xFF, 0xBF, 0xFF, 0xC0,
  0x0F, 0xFF, 0xFF, 0xFF, 0xC0, 0x03, 0xFF, 0xFF, 0xFF, 0xC0, 0x00, 0xFF,
  0xFF, 0xFF, 0xE0, 0x00, 0x7F, 0xFF, 0xFF, 0xE0, 0x00, 0x1F, 0xFF, 0xFF,
  0xF0, 0x00, 0x0F, 0xFF, 0xFF, 0xF0, 0x00, 0x07, 0xFF, 0xFF, 0xF8, 0x00,
  0x03, 0xFF, 0xFF, 0xFC, 0x00, 0x01, 0xFF, 0xFF, 0xFE, 0x00, 0x00, 0xFF,
  0xFF, 0xFF, 0x00, 0x00, 0x7F, 0xFF, 0xFF, 0x80, 0x00, 0x3F, 0xFF, 0xFF,
  0xC0, 0x00, 0x1F, 0xFF, 0xFF, 0xE0, 0x00, 0x0F, 0xFF, 0xFF, 0xF0, 0x00,
  0x07, 0xFF, 0xFF, 0xF8, 0x00, 0x03, 0xFF, 0xFF, 0xFC, 0x00, 0x01, 0xFF,
  0xFF, 0xFE, 0x00, 0x00, 0xFF, 0xFF, 0xFF, 0x00, 0x00, 0x7F, 0xFF, 0xFF,
  0x80, 0x00, 0x3F, 0xFF, 0xFF, 0xC0, 0x00, 0x1F, 0xFF, 0xFF, 0xE0, 0x00,
  0x0F, 0xFF, 0xFF, 0xF0, 0x00, 0x07, 0xFF, 0xFF, 0xF8, 0x00, 0x03, 0xFF,
  0xFF, 0xFC, 0x00, 0x01, 0xFF, 0xFF, 0xFE, 0x00, 0x00, 0xFF, 0xFF, 0xFF,
  0x00, 0x00, 0x7F, 0xFF, 0xFF, 0x80, 0x00, 0x3F, 0xFF, 0xFF, 0xC0, 0x00,
  0x1F, 0xFF, 0xFF, 0xE0, 0x00, 0x0F, 0xFF, 0xFF, 0xF0, 0x00, 0x07, 0xFF,
  0xFF, 0xF8, 0x00, 0x03, 0xFF, 0xFF, 0xFC, 0x00, 0x01, 0xFF, 0xFF, 0xFE,
  0x00, 0x00, 0xFF, 0xFF, 0xFF, 0x00, 0x00, 0x7F, 0xFF, 0xFF, 0x80, 0x00,
  0x3F, 0xFC, 0xFF, 0xFF, 0xFF, 0xFF, 0xFF, 0xFF, 0xFF, 0xFF, 0xFF, 0xFF,
  0xFF, 0xFF, 0xFF, 0xFF, 0xFF, 0xFF, 0xF0, 0x00, 0x00, 0x00, 0x00, 0x00,
  0x00, 0x00, 0xFF, 0xFF, 0xFF, 0xFF, 0xFF, 0xFF, 0xFF, 0xFF, 0xFF, 0xFF,
  0xFF, 0xFF, 0xFF, 0xFF, 0xFF, 0xFF, 0xFF, 0xFF, 0xFF, 0xFF, 0xFF, 0xFF,
  0xFF, 0xFF, 0xFF, 0xFF, 0xFF, 0xFF, 0xFF, 0xFF, 0xFF, 0xFF, 0xFF, 0xFF,
  0xFF, 0xFF, 0xFF, 0xFF, 0xFF, 0xFF, 0xFF, 0xFF, 0xFF, 0xFF, 0xFF, 0xFF,
  0xFF, 0xFF, 0xFF, 0xFF, 0xFF, 0xFF, 0xFF, 0xFF, 0xFF, 0xFF, 0xFF, 0xFF,
  0xFF, 0xFF, 0xFF, 0xFF, 0xFF, 0xFF, 0xFF, 0xFF, 0xFF, 0xFF, 0xFF, 0x03,
  0xFF, 0xC0, 0xFF, 0xF0, 0x3F, 0xFC, 0x0F, 0xFF, 0x03, 0xFF, 0xC0, 0xFF,
  0xF0, 0x3F, 0xFC, 0x0F, 0xFF, 0x03, 0xFF, 0xC0, 0xFF, 0xF0, 0x3F, 0xFC,
  0x00, 0x00, 0x00, 0x00, 0x00, 0x00, 0x00, 0x00, 0x00, 0x00, 0x00, 0x03,
  0xFF, 0xC0, 0xFF, 0xF0, 0x3F, 0xFC, 0x0F, 0xFF, 0x03, 0xFF, 0xC0, 0xFF,
  0xF0, 0x3F, 0xFC, 0x0F, 0xFF, 0x03, 0xFF, 0xC0, 0xFF, 0xF0, 0x3F, 0xFC,
  0x0F, 0xFF, 0x03, 0xFF, 0xC0, 0xFF, 0xF0, 0x3F, 0xFC, 0x0F, 0xFF, 0x03,
  0xFF, 0xC0, 0xFF, 0xF0, 0x3F, 0xFC, 0x0F, 0xFF, 0x03, 0xFF, 0xC0, 0xFF,
  0xF0, 0x3F, 0xFC, 0x0F, 0xFF, 0x03, 0xFF, 0xC0, 0xFF, 0xF0, 0x3F, 0xFC,
  0x0F, 0xFF, 0x03, 0xFF, 0xC0, 0xFF, 0xF0, 0x3F, 0xFC, 0x0F, 0xFF, 0x03,
  0xFF, 0xC0, 0xFF, 0xF0, 0x3F, 0xFC, 0x0F, 0xFF, 0x03, 0xFF, 0xC0, 0xFF,
  0xF0, 0x3F, 0xFC, 0x0F, 0xFF, 0x03, 0xFF, 0xC0, 0xFF, 0xF0, 0x3F, 0xFC,
  0x0F, 0xFF, 0x03, 0xFF, 0xC0, 0xFF, 0xF0, 0x3F, 0xFC, 0x0F, 0xFF, 0x03,
  0xFF, 0xC0, 0xFF, 0xF0, 0x3F, 0xFC, 0x0F, 0xFF, 0x03, 0xFF, 0xC1, 0xFF,
  0xF9, 0xFF, 0xFF, 0xFF, 0xFF, 0xFF, 0xFF, 0xBF, 0xFF, 0xEF, 0xFF, 0xFB,
  0xFF, 0xFC, 0xFF, 0xFE, 0x3F, 0xFF, 0x0F, 0xFF, 0x83, 0xFF, 0x00, 0xFF,
  0xF0, 0x00, 0x00, 0x00, 0x7F, 0xF8, 0x00, 0x00, 0x00, 0x3F, 0xFC, 0x00,
  0x00, 0x00, 0x1F, 0xFE, 0x00, 0x00, 0x00, 0x0F, 0xFF, 0x00, 0x00, 0x00,
  0x07, 0xFF, 0x80, 0x00, 0x00, 0x03, 0xFF, 0xC0, 0x00, 0x00, 0x01, 0xFF,
  0xE0, 0x00, 0x00, 0x00, 0xFF, 0xF0, 0x00, 0x00, 0x00, 0x7F, 0xF8, 0x00,
  0x00, 0x00, 0x3F, 0xFC, 0x00, 0x00, 0x00, 0x1F, 0xFE, 0x00, 0x00, 0x00,
  0x0F, 0xFF, 0x00, 0x00, 0x00, 0x07, 0xFF, 0x80, 0x00, 0x00, 0x03, 0xFF,
  0xC0, 0x00, 0x00, 0x01, 0xFF, 0xE0, 0x00, 0x00, 0x00, 0xFF, 0xF0, 0x00,
  0x7F, 0xFF, 0x7F, 0xF8, 0x00, 0x3F, 0xFF, 0x3F, 0xFC, 0x00, 0x3F, 0xFF,
  0x1F, 0xFE, 0x00, 0x3F, 0xFF, 0x0F, 0xFF, 0x00, 0x3F, 0xFF, 0x07, 0xFF,
  0x80, 0x3F, 0xFF, 0x03, 0xFF, 0xC0, 0x1F, 0xFF, 0x81, 0xFF, 0xE0, 0x1F,
  0xFF, 0x80, 0xFF, 0xF0, 0x1F, 0xFF, 0x80, 0x7F, 0xF8, 0x1F, 0xFF, 0x80,
  0x3F, 0xFC, 0x1F, 0xFF, 0x80, 0x1F, 0xFE, 0x1F, 0xFF, 0x80, 0x0F, 0xFF,
  0x0F, 0xFF, 0x80, 0x07, 0xFF, 0x8F, 0xFF, 0x80, 0x03, 0xFF, 0xCF, 0xFF,
  0x80, 0x01, 0xFF, 0xEF, 0xFF, 0x80, 0x00, 0xFF, 0xFF, 0xFF, 0xC0, 0x00,
  0x7F, 0xFF, 0xFF, 0xC0, 0x00, 0x3F, 0xFF, 0xFF, 0xF0, 0x00, 0x1F, 0xFF,
  0xFF, 0xF8, 0x00, 0x0F, 0xFF, 0xFF, 0xFE, 0x00, 0x07, 0xFF, 0xFF, 0xFF,
  0x00, 0x03, 0xFF, 0xFF, 0xFF, 0xC0, 0x01, 0xFF, 0xFF, 0xFF, 0xE0, 0x00,
  0xFF, 0xFF, 0xFF, 0xF8, 0x00, 0x7F, 0xFF, 0xFF, 0xFE, 0x00, 0x3F, 0xFF,
  0xDF, 0xFF, 0x00, 0x1F, 0xFF, 0xEF, 0xFF, 0xC0, 0x0F, 0xFF, 0xE3, 0xFF,
  0xE0, 0x07, 0xFF, 0xE0, 0xFF, 0xF8, 0x03, 0xFF, 0xE0, 0x7F, 0xFC, 0x01,
  0xFF, 0xE0, 0x1F, 0xFF, 0x00, 0xFF, 0xF0, 0x0F, 0xFF, 0x80, 0x7F, 0xF8,
  0x03, 0xFF, 0xE0, 0x3F, 0xFC, 0x01, 0xFF, 0xF8, 0x1F, 0xFE, 0x00, 0x7F,
  0xFC, 0x0F, 0xFF, 0x00, 0x3F, 0xFF, 0x07, 0xFF, 0x80, 0x0F, 0xFF, 0x83,
  0xFF, 0xC0, 0x07, 0xFF, 0xE1, 0xFF, 0xE0, 0x01, 0xFF, 0xF0, 0xFF, 0xF0,
  0x00, 0xFF, 0xFC, 0x7F, 0xF8, 0x00, 0x3F, 0xFE, 0x3F, 0xFC, 0x00, 0x1F,
  0xFF, 0x9F, 0xFE, 0x00, 0x07, 0xFF, 0xEF, 0xFF, 0x00, 0x03, 0xFF, 0xF7,
  0xFF, 0x80, 0x00, 0xFF, 0xFC, 0xFF, 0xFF, 0xFF, 0xFF, 0xFF, 0xFF, 0xFF,
  0xFF, 0xFF, 0xFF, 0xFF, 0xFF, 0xFF, 0xFF, 0xFF, 0xFF, 0xFF, 0xFF, 0xFF,
  0xFF, 0xFF, 0xFF, 0xFF, 0xFF, 0xFF, 0xFF, 0xFF, 0xFF, 0xFF, 0xFF, 0xFF,
  0xFF, 0xFF, 0xFF, 0xFF, 0xFF, 0xFF, 0xFF, 0xFF, 0xFF, 0xFF, 0xFF, 0xFF,
  0xFF, 0xFF, 0xFF, 0xFF, 0xFF, 0xFF, 0xFF, 0xFF, 0xFF, 0xFF, 0xFF, 0xFF,
  0xFF, 0xFF, 0xFF, 0xFF, 0xFF, 0xFF, 0xFF, 0xFF, 0xFF, 0xFF, 0xFF, 0xFF,
  0xFF, 0xFF, 0xFF, 0xFF, 0xFF, 0xFF, 0xFF, 0xFF, 0xFF, 0xFF, 0xFF, 0xFF,
  0xFF, 0xFF, 0xFF, 0xFF, 0xFF, 0xFF, 0xFF, 0xFF, 0xFF, 0xFF, 0xFF, 0xFF,
  0xFF, 0xFF, 0x00, 0x00, 0x0F, 0xF8, 0x00, 0x01, 0xFF, 0x00, 0x3F, 0xF8,
  0x1F, 0xFF, 0xC0, 0x03, 0xFF, 0xF0, 0x0F, 0xFE, 0x0F, 0xFF, 0xFC, 0x03,
  0xFF, 0xFF, 0x03, 0xFF, 0x8F, 0xFF, 0xFF, 0x81, 0xFF, 0xFF, 0xE0, 0xFF,
  0xE7, 0xFF, 0xFF, 0xF0, 0xFF, 0xFF, 0xFC, 0x3F, 0xF9, 0xFF, 0xFF, 0xFC,
  0x7F, 0xFF, 0xFF, 0x8F, 0xFE, 0xFF, 0xFF, 0xFF, 0xBF, 0xFF, 0xFF, 0xF3,
  0xFF, 0xFF, 0xFF, 0xFF, 0xEF, 0xFF, 0xFF, 0xFC, 0xFF, 0xFF, 0xFF, 0xFF,
  0xFF, 0xFF, 0xFF, 0xFF, 0xBF, 0xFF, 0xFF, 0xFF, 0xFF, 0xFF, 0xFF, 0xFF,
  0xEF, 0xFF, 0xF0, 0x1F, 0xFF, 0xFF, 0x03, 0xFF, 0xFB, 0xFF, 0xF8, 0x01,
  0xFF, 0xFF, 0x00, 0x3F, 0xFF, 0xFF, 0xFC, 0x00, 0x3F, 0xFF, 0x80, 0x07,
  0xFF, 0xFF, 0xFE, 0x00, 0x0F, 0xFF, 0xC0, 0x01, 0xFF, 0xFF, 0xFF, 0x80,
  0x03, 0xFF, 0xF0, 0x00, 0x3F, 0xFF, 0xFF, 0xC0, 0x00, 0x7F, 0xF8, 0x00,
  0x0F, 0xFF, 0xFF, 0xF0, 0x00, 0x1F, 0xFE, 0x00, 0x03, 0xFF, 0xFF, 0xFC,
  0x00, 0x07, 0xFF, 0x80, 0x00, 0xFF, 0xFF, 0xFF, 0x00, 0x01, 0xFF, 0xE0,
  0x00, 0x3F, 0xFF, 0xFF, 0xC0, 0x00, 0x7F, 0xF8, 0x00, 0x0F, 0xFF, 0xFF,
  0xF0, 0x00, 0x1F, 0xFE, 0x00, 0x03, 0xFF, 0xFF, 0xFC, 0x00, 0x07, 0xFF,
  0x80, 0x00, 0xFF, 0xFF, 0xFF, 0x00, 0x01, 0xFF, 0xE0, 0x00, 0x3F, 0xFF,
  0xFF, 0xC0, 0x00, 0x7F, 0xF8, 0x00, 0x0F, 0xFF, 0xFF, 0xF0, 0x00, 0x1F,
  0xFE, 0x00, 0x03, 0xFF, 0xFF, 0xFC, 0x00, 0x07, 0xFF, 0x80, 0x00, 0xFF,
  0xFF, 0xFF, 0x00, 0x01, 0xFF, 0xE0, 0x00, 0x3F, 0xFF, 0xFF, 0xC0, 0x00,
  0x7F, 0xF8, 0x00, 0x0F, 0xFF, 0xFF, 0xF0, 0x00, 0x1F, 0xFE, 0x00, 0x03,
  0xFF, 0xFF, 0xFC, 0x00, 0x07, 0xFF, 0x80, 0x00, 0xFF, 0xFF, 0xFF, 0x00,
  0x01, 0xFF, 0xE0, 0x00, 0x3F, 0xFF, 0xFF, 0xC0, 0x00, 0x7F, 0xF8, 0x00,
  0x0F, 0xFF, 0xFF, 0xF0, 0x00, 0x1F, 0xFE, 0x00, 0x03, 0xFF, 0xFF, 0xFC,
  0x00, 0x07, 0xFF, 0x80, 0x00, 0xFF, 0xFF, 0xFF, 0x00, 0x01, 0xFF, 0xE0,
  0x00, 0x3F, 0xFF, 0xFF, 0xC0, 0x00, 0x7F, 0xF8, 0x00, 0x0F, 0xFF, 0xFF,
  0xF0, 0x00, 0x1F, 0xFE, 0x00, 0x03, 0xFF, 0xFF, 0xFC, 0x00, 0x07, 0xFF,
  0x80, 0x00, 0xFF, 0xFF, 0xFF, 0x00, 0x01, 0xFF, 0xE0, 0x00, 0x3F, 0xFF,
  0xFF, 0xC0, 0x00, 0x7F, 0xF8, 0x00, 0x0F, 0xFF, 0xFF, 0xF0, 0x00, 0x1F,
  0xFE, 0x00, 0x03, 0xFF, 0xFF, 0xFC, 0x00, 0x07, 0xFF, 0x80, 0x00, 0xFF,
  0xFF, 0xFF, 0x00, 0x01, 0xFF, 0xE0, 0x00, 0x3F, 0xFF, 0xFF, 0xC0, 0x00,
  0x7F, 0xF8, 0x00, 0x0F, 0xFF, 0xFF, 0xF0, 0x00, 0x1F, 0xFE, 0x00, 0x03,
  0xFF, 0xFF, 0xFC, 0x00, 0x07, 0xFF, 0x80, 0x00, 0xFF, 0xFF, 0xFF, 0x00,
  0x01, 0xFF, 0xE0, 0x00, 0x3F, 0xFC, 0x00, 0x00, 0x07, 0xFC, 0x00, 0x7F,
  0xF8, 0x1F, 0xFF, 0xC0, 0x3F, 0xFC, 0x1F, 0xFF, 0xF8, 0x1F, 0xFE, 0x3F,
  0xFF, 0xFE, 0x0F, 0xFF, 0x3F, 0xFF, 0xFF, 0x87, 0xFF, 0x9F, 0xFF, 0xFF,
  0xE3, 0xFF, 0xDF, 0xFF, 0xFF, 0xF9, 0xFF, 0xFF, 0xFF, 0xFF, 0xFC, 0xFF,
  0xFF, 0xFF, 0xFF, 0xFF, 0x7F, 0xFF, 0xFF, 0xFF, 0xFF, 0xBF, 0xFF, 0xF0,
  0x1F, 0xFF, 0xDF, 0xFF, 0xE0, 0x07, 0xFF, 0xFF, 0xFF, 0xE0, 0x01, 0xFF,
  0xFF, 0xFF, 0xE0, 0x00, 0x7F, 0xFF, 0xFF, 0xE0, 0x00, 0x3F, 0xFF, 0xFF,
  0xF0, 0x00, 0x0F, 0xFF, 0xFF, 0xF8, 0x00, 0x07, 0xFF, 0xFF, 0xF8, 0x00,
  0x03, 0xFF, 0xFF, 0xFC, 0x00, 0x01, 0xFF, 0xFF, 0xFE, 0x00, 0x00, 0xFF,
  0xFF, 0xFF, 0x00, 0x00, 0x7F, 0xFF, 0xFF, 0x80, 0x00, 0x3F, 0xFF, 0xFF,
  0xC0, 0x00, 0x1F, 0xFF, 0xFF, 0xE0, 0x00, 0x0F, 0xFF, 0xFF, 0xF0, 0x00,
  0x07, 0xFF, 0xFF, 0xF8, 0x00, 0x03, 0xFF, 0xFF, 0xFC, 0x00, 0x01, 0xFF,
  0xFF, 0xFE, 0x00, 0x00, 0xFF, 0xFF, 0xFF, 0x00, 0x00, 0x7F, 0xFF, 0xFF,
  0x80, 0x00, 0x3F, 0xFF, 0xFF, 0xC0, 0x00, 0x1F, 0xFF, 0xFF, 0xE0, 0x00,
  0x0F, 0xFF, 0xFF, 0xF0, 0x00, 0x07, 0xFF, 0xFF, 0xF8, 0x00, 0x03, 0xFF,
  0xFF, 0xFC, 0x00, 0x01, 0xFF, 0xFF, 0xFE, 0x00, 0x00, 0xFF, 0xFF, 0xFF,
  0x00, 0x00, 0x7F, 0xFF, 0xFF, 0x80, 0x00, 0x3F, 0xFF, 0xFF, 0xC0, 0x00,
  0x1F, 0xFF, 0xFF, 0xE0, 0x00, 0x0F, 0xFF, 0xFF, 0xF0, 0x00, 0x07, 0xFF,
  0xFF, 0xF8, 0x00, 0x03, 0xFF, 0xFF, 0xFC, 0x00, 0x01, 0xFF, 0xFF, 0xFE,
  0x00, 0x00, 0xFF, 0xFF, 0xFF, 0x00, 0x00, 0x7F, 0xFF, 0xFF, 0x80, 0x00,
  0x3F, 0xFF, 0xFF, 0xC0, 0x00, 0x1F, 0xFE, 0x00, 0x00, 0x3F, 0xF8, 0x00,
  0x00, 0x00, 0x07, 0xFF, 0xFF, 0x00, 0x00, 0x00, 0x3F, 0xFF, 0xFF, 0x80,
  0x00, 0x01, 0xFF, 0xFF, 0xFF, 0xC0, 0x00, 0x0F, 0xFF, 0xFF, 0xFF, 0xE0,
  0x00, 0x3F, 0xFF, 0xFF, 0xFF, 0xE0, 0x00, 0xFF, 0xFF, 0xFF, 0xFF, 0xE0,
  0x01, 0xFF, 0xFF, 0xFF, 0xFF, 0xC0, 0x07, 0xFF, 0xFF, 0xFF, 0xFF, 0xC0,
  0x1F, 0xFF, 0xFF, 0xFF, 0xFF, 0xC0, 0x7F, 0xFF, 0xC0, 0x7F, 0xFF, 0x80,
  0xFF, 0xFE, 0x00, 0x1F, 0xFF, 0x83, 0xFF, 0xF0, 0x00, 0x1F, 0xFF, 0x87,
  0xFF, 0xC0, 0x00, 0x1F, 0xFF, 0x0F, 0xFF, 0x00, 0x00, 0x1F, 0xFE, 0x3F,
  0xFE, 0x00, 0x00, 0x3F, 0xFE, 0x7F, 0xF8, 0x00, 0x00, 0x3F, 0xFC, 0xFF,
  0xF0, 0x00, 0x00, 0x7F, 0xFB, 0xFF, 0xE0, 0x00, 0x00, 0xFF, 0xF7, 0xFF,
  0x80, 0x00, 0x00, 0xFF, 0xFF, 0xFF, 0x00, 0x00, 0x01, 0xFF, 0xFF, 0xFE,
  0x00, 0x00, 0x03, 0xFF, 0xFF, 0xFC, 0x00, 0x00, 0x07, 0xFF, 0xFF, 0xF8,
  0x00, 0x00, 0x0F, 0xFF, 0xFF, 0xF0, 0x00, 0x00, 0x1F, 0xFF, 0xFF, 0xE0,
  0x00, 0x00, 0x3F, 0xFF, 0xFF, 0xC0, 0x00, 0x00, 0x7F, 0xFF, 0xFF, 0x80,
  0x00, 0x00, 0xFF, 0xFF, 0xFF, 0x00, 0x00, 0x01, 0xFF, 0xFF, 0xFF, 0x00,
  0x00, 0x07, 0xFF, 0x9F, 0xFE, 0x00, 0x00, 0x0F, 0xFF, 0x3F, 0xFC, 0x00,
  0x00, 0x1F, 0xFE, 0x7F, 0xFC, 0x00, 0x00, 0x7F, 0xFC, 0x7F, 0xF8, 0x00,
  0x00, 0xFF, 0xF0, 0xFF, 0xF8, 0x00, 0x03, 0xFF, 0xE1, 0xFF, 0xF8, 0x00,
  0x0F, 0xFF, 0xC1, 0xFF, 0xF8, 0x00, 0x3F, 0xFF, 0x03, 0xFF, 0xFE, 0x03,
  0xFF, 0xFE, 0x03, 0xFF, 0xFF, 0xFF, 0xFF, 0xF8, 0x03, 0xFF, 0xFF, 0xFF,
  0xFF, 0xE0, 0x07, 0xFF, 0xFF, 0xFF, 0xFF, 0xC0, 0x07, 0xFF, 0xFF, 0xFF,
  0xFF, 0x00, 0x07, 0xFF, 0xFF, 0xFF, 0xFC, 0x00, 0x07, 0xFF, 0xFF, 0xFF,
  0xF0, 0x00, 0x03, 0xFF, 0xFF, 0xFF, 0x80, 0x00, 0x03, 0xFF, 0xFF, 0xFC,
  0x00, 0x00, 0x00, 0xFF, 0xFF, 0xE0, 0x00, 0x00, 0x00, 0x1F, 0xFE, 0x00,
  0x00, 0x00, 0x00, 0x07, 0xFC, 0x00, 0x0F, 0xFF, 0x03, 0xFF, 0xF8, 0x00,
  0xFF, 0xF0, 0x7F, 0xFF, 0xE0, 0x0F, 0xFF, 0x1F, 0xFF, 0xFF, 0x00, 0xFF,
  0xF3, 0xFF, 0xFF, 0xF8, 0x0F, 0xFF, 0x7F, 0xFF, 0xFF, 0xC0, 0xFF, 0xF7,
  0xFF, 0xFF, 0xFE, 0x0F, 0xFF, 0xFF, 0xFF, 0xFF, 0xF0, 0xFF, 0xFF, 0xFF,
  0xFF, 0xFF, 0x8F, 0xFF, 0xFF, 0xFF, 0xFF, 0xF8, 0xFF, 0xFF, 0xE0, 0x7F,
  0xFF, 0xCF, 0xFF, 0xF8, 0x01, 0xFF, 0xFC, 0xFF, 0xFF, 0x00, 0x0F, 0xFF,
  0xCF, 0xFF, 0xE0, 0x00, 0x7F, 0xFE, 0xFF, 0xFC, 0x00, 0x03, 0xFF, 0xEF,
  0xFF, 0xC0, 0x00, 0x3F, 0xFE, 0xFF, 0xF8, 0x00, 0x01, 0xFF, 0xEF, 0xFF,
  0x80, 0x00, 0x1F, 0xFF, 0xFF, 0xF8, 0x00, 0x01, 0xFF, 0xFF, 0xFF, 0x00,
  0x00, 0x0F, 0xFF, 0xFF, 0xF0, 0x00, 0x00, 0xFF, 0xFF, 0xFF, 0x00, 0x00,
  0x0F, 0xFF, 0xFF, 0xF0, 0x00, 0x00, 0xFF, 0xFF, 0xFF, 0x00, 0x00, 0x0F,
  0xFF, 0xFF, 0xF0, 0x00, 0x00, 0xFF, 0xFF, 0xFF, 0x00, 0x00, 0x0F, 0xFF,
  0xFF, 0xF0, 0x00, 0x00, 0xFF, 0xFF, 0xFF, 0x00, 0x00, 0x0F, 0xFF, 0xFF,
  0xF0, 0x00, 0x00, 0xFF, 0xFF, 0xFF, 0x00, 0x00, 0x1F, 0xFF, 0xFF, 0xF8,
  0x00, 0x01, 0xFF, 0xEF, 0xFF, 0x80, 0x00, 0x1F, 0xFE, 0xFF, 0xF8, 0x00,
  0x03, 0xFF, 0xEF, 0xFF, 0xC0, 0x00, 0x3F, 0xFE, 0xFF, 0xFC, 0x00, 0x07,
  0xFF, 0xCF, 0xFF, 0xE0, 0x00, 0xFF, 0xFC, 0xFF, 0xFF, 0x00, 0x1F, 0xFF,
  0xCF, 0xFF, 0xFE, 0x07, 0xFF, 0xF8, 0xFF, 0xFF, 0xFF, 0xFF, 0xFF, 0x8F,
  0xFF, 0xFF, 0xFF, 0xFF, 0xF0, 0xFF, 0xFF, 0xFF, 0xFF, 0xFE, 0x0F, 0xFF,
  0xFF, 0xFF, 0xFF, 0xE0, 0xFF, 0xF7, 0xFF, 0xFF, 0xFC, 0x0F, 0xFF, 0x3F,
  0xFF, 0xFF, 0x80, 0xFF, 0xF1, 0xFF, 0xFF, 0xF0, 0x0F, 0xFF, 0x0F, 0xFF,
  0xFC, 0x00, 0xFF, 0xF0, 0x3F, 0xFF, 0x00, 0x0F, 0xFF, 0x00, 0xFF, 0x80,
  0x00, 0xFF, 0xF0, 0x00, 0x00, 0x00, 0x0F, 0xFF, 0x00, 0x00, 0x00, 0x00,
  0xFF, 0xF0, 0x00, 0x00, 0x00, 0x0F, 0xFF, 0x00, 0x00, 0x00, 0x00, 0xFF,
  0xF0, 0x00, 0x00, 0x00, 0x0F, 0xFF, 0x00, 0x00, 0x00, 0x00, 0xFF, 0xF0,
  0x00, 0x00, 0x00, 0x0F, 0xFF, 0x00, 0x00, 0x00, 0x00, 0xFF, 0xF0, 0x00,
  0x00, 0x00, 0x0F, 0xFF, 0x00, 0x00, 0x00, 0x00, 0xFF, 0xF0, 0x00, 0x00,
  0x00, 0x0F, 0xFF, 0x00, 0x00, 0x00, 0x00, 0xFF, 0xF0, 0x00, 0x00, 0x00,
  0x0F, 0xFF, 0x00, 0x00, 0x00, 0x00, 0xFF, 0xF0, 0x00, 0x00, 0x00, 0x0F,
  0xFF, 0x00, 0x00, 0x00, 0x00, 0xFF, 0xF0, 0x00, 0x00, 0x00, 0x00, 0x00,
  0x01, 0xFE, 0x00, 0x00, 0x00, 0x00, 0xFF, 0xFC, 0x0F, 0xFF, 0x00, 0x3F,
  0xFF, 0xF0, 0xFF, 0xF0, 0x07, 0xFF, 0xFF, 0x8F, 0xFF, 0x00, 0xFF, 0xFF,
  0xFC, 0xFF, 0xF0, 0x1F, 0xFF, 0xFF, 0xEF, 0xFF, 0x03, 0xFF, 0xFF, 0xFE,
  0xFF, 0xF0, 0x7F, 0xFF, 0xFF, 0xFF, 0xFF, 0x0F, 0xFF, 0xFF, 0xFF, 0xFF,
  0xF0, 0xFF, 0xFF, 0xFF, 0xFF, 0xFF, 0x1F, 0xFF, 0xE0, 0x7F, 0xFF, 0xF1,
  0xFF, 0xF8, 0x01, 0xFF, 0xFF, 0x3F, 0xFF, 0x00, 0x0F, 0xFF, 0xF3, 0xFF,
  0xE0, 0x00, 0x7F, 0xFF, 0x7F, 0xFC, 0x00, 0x03, 0xFF, 0xF7, 0xFF, 0xC0,
  0x00, 0x3F, 0xFF, 0x7F, 0xF8, 0x00, 0x01, 0xFF, 0xF7, 0xFF, 0x80, 0x00,
  0x1F, 0xFF, 0xFF, 0xF8, 0x00, 0x01, 0xFF, 0xFF, 0xFF, 0x00, 0x00, 0x0F,
  0xFF, 0xFF, 0xF0, 0x00, 0x00, 0xFF, 0xFF, 0xFF, 0x00, 0x00, 0x0F, 0xFF,
  0xFF, 0xF0, 0x00, 0x00, 0xFF, 0xFF, 0xFF, 0x00, 0x00, 0x0F, 0xFF, 0xFF,
  0xF0, 0x00, 0x00, 0xFF, 0xFF, 0xFF, 0x00, 0x00, 0x0F, 0xFF, 0xFF, 0xF0,
  0x00, 0x00, 0xFF, 0xFF, 0xFF, 0x00, 0x00, 0x0F, 0xFF, 0xFF, 0xF0, 0x00,
  0x00, 0xFF, 0xFF, 0xFF, 0x00, 0x00, 0x1F, 0xFF, 0xFF, 0xF8, 0x00, 0x01,
  0xFF, 0xF7, 0xFF, 0x80, 0x00, 0x1F, 0xFF, 0x7F, 0xF8, 0x00, 0x03, 0xFF,
  0xF7, 0xFF, 0xC0, 0x00, 0x3F, 0xFF, 0x7F, 0xFC, 0x00, 0x07, 0xFF, 0xF3,
  0xFF, 0xE0, 0x00, 0xFF, 0xFF, 0x3F, 0xFF, 0x00, 0x1F, 0xFF, 0xF1, 0xFF,
  0xFE, 0x07, 0xFF, 0xFF, 0x1F, 0xFF, 0xFF, 0xFF, 0xFF, 0xF0, 0xFF, 0xFF,
  0xFF, 0xFF, 0xFF, 0x0F, 0xFF, 0xFF, 0xFF, 0xFF, 0xF0, 0x7F, 0xFF, 0xFF,
  0xFF, 0xFF, 0x03, 0xFF, 0xFF, 0xFE, 0xFF, 0xF0, 0x1F, 0xFF, 0xFF, 0xCF,
  0xFF, 0x00, 0xFF, 0xFF, 0xF8, 0xFF, 0xF0, 0x03, 0xFF, 0xFF, 0x0F, 0xFF,
  0x00, 0x0F, 0xFF, 0xC0, 0xFF, 0xF0, 0x00, 0x3F, 0xF0, 0x0F, 0xFF, 0x00,
  0x00, 0x00, 0x00, 0xFF, 0xF0, 0x00, 0x00, 0x00, 0x0F, 0xFF, 0x00, 0x00,
  0x00, 0x00, 0xFF, 0xF0, 0x00, 0x00, 0x00, 0x0F, 0xFF, 0x00, 0x00, 0x00,
  0x00, 0xFF, 0xF0, 0x00, 0x00, 0x00, 0x0F, 0xFF, 0x00, 0x00, 0x00, 0x00,
  0xFF, 0xF0, 0x00, 0x00, 0x00, 0x0F, 0xFF, 0x00, 0x00, 0x00, 0x00, 0xFF,
  0xF0, 0x00, 0x00, 0x00, 0x0F, 0xFF, 0x00, 0x00, 0x00, 0x00, 0xFF, 0xF0,
  0x00, 0x00, 0x00, 0x0F, 0xFF, 0x00, 0x00, 0x00, 0x00, 0xFF, 0xF0, 0x00,
  0x00, 0x00, 0x0F, 0xFF, 0x00, 0x00, 0x00, 0x00, 0xFF, 0xF0, 0x00, 0x00,
  0x00, 0x0F, 0xFF, 0x00, 0x00, 0x00, 0x00, 0xFF, 0xF0, 0x00, 0x00, 0x07,
  0xFF, 0xFC, 0x07, 0xFF, 0xFF, 0x83, 0xFF, 0xFF, 0xF0, 0xFF, 0xFF, 0xFE,
  0x3F, 0xFF, 0xFF, 0xCF, 0xFF, 0xFF, 0xF9, 0xFF, 0xFF, 0xFF, 0x7F, 0xFF,
  0xFF, 0xFF, 0xFF, 0xFF, 0xFF, 0xFF, 0xFF, 0xFF, 0xFF, 0xFF, 0xFF, 0xFF,
  0xFF, 0xFF, 0xFF, 0xFE, 0x01, 0xFF, 0xFF, 0x00, 0x3F, 0xFF, 0x80, 0x07,
  0xFF, 0xE0, 0x00, 0xFF, 0xFC, 0x00, 0x1F, 0xFF, 0x00, 0x03, 0xFF, 0xE0,
  0x00, 0x7F, 0xF8, 0x00, 0x0F, 0xFF, 0x00, 0x01, 0xFF, 0xE0, 0x00, 0x3F,
  0xFC, 0x00, 0x07, 0xFF, 0x80, 0x00, 0xFF, 0xF0, 0x00, 0x1F, 0xFE, 0x00,
  0x03, 0xFF, 0xC0, 0x00, 0x7F, 0xF8, 0x00, 0x0F, 0xFF, 0x00, 0x01, 0xFF,
  0xE0, 0x00, 0x3F, 0xFC, 0x00, 0x07, 0xFF, 0x80, 0x00, 0xFF, 0xF0, 0x00,
  0x1F, 0xFE, 0x00, 0x03, 0xFF, 0xC0, 0x00, 0x7F, 0xF8, 0x00, 0x0F, 0xFF,
  0x00, 0x01, 0xFF, 0xE0, 0x00, 0x3F, 0xFC, 0x00, 0x07, 0xFF, 0x80, 0x00,
  0xFF, 0xF0, 0x00, 0x1F, 0xFE, 0x00, 0x03, 0xFF, 0xC0, 0x00, 0x7F, 0xF8,
  0x00, 0x0F, 0xFF, 0x00, 0x01, 0xFF, 0xE0, 0x00, 0x3F, 0xFC, 0x00, 0x00,
  0x00, 0x01, 0xFF, 0xE0, 0x00, 0x00, 0x07, 0xFF, 0xFF, 0x00, 0x00, 0x07,
  0xFF, 0xFF, 0xF8, 0x00, 0x07, 0xFF, 0xFF, 0xFF, 0x80, 0x03, 0xFF, 0xFF,
  0xFF, 0xF0, 0x01, 0xFF, 0xFF, 0xFF, 0xFE, 0x00, 0xFF, 0xFF, 0xFF, 0xFF,
  0xC0, 0x7F, 0xFF, 0xFF, 0xFF, 0xF0, 0x1F, 0xFF, 0xFF, 0xFF, 0xFE, 0x0F,
  0xFF, 0xFF, 0xFF, 0xFF, 0x83, 0xFF, 0xF0, 0x0F, 0xFF, 0xF1, 0xFF, 0xF0,
  0x00, 0x7F, 0xFC, 0x7F, 0xF8, 0x00, 0x0F, 0xFF, 0x1F, 0xFE, 0x00, 0x03,
  0xFF, 0xE7, 0xFF, 0x80, 0x00, 0x7F, 0xF9, 0xFF, 0xE0, 0x00, 0x1F, 0xFE,
  0x7F, 0xFC, 0x00, 0x00, 0x00, 0x1F, 0xFF, 0xE0, 0x00, 0x00, 0x07, 0xFF,
  0xFF, 0xC0, 0x00, 0x00, 0xFF, 0xFF, 0xFF, 0x80, 0x00, 0x3F, 0xFF, 0xFF,
  0xFE, 0x00, 0x07, 0xFF, 0xFF, 0xFF, 0xF0, 0x00, 0xFF, 0xFF, 0xFF, 0xFF,
  0x00, 0x1F, 0xFF, 0xFF, 0xFF, 0xE0, 0x03, 0xFF, 0xFF, 0xFF, 0xFE, 0x00,
  0x3F, 0xFF, 0xFF, 0xFF, 0x80, 0x01, 0xFF, 0xFF, 0xFF, 0xF0, 0x00, 0x07,
  0xFF, 0xFF, 0xFE, 0x00, 0x00, 0x0F, 0xFF, 0xFF, 0x80, 0x00, 0x00, 0x3F,
  0xFF, 0xF0, 0x00, 0x00, 0x00, 0xFF, 0xFF, 0xFF, 0xC0, 0x00, 0x1F, 0xFF,
  0xFF, 0xF0, 0x00, 0x03, 0xFF, 0xFF, 0xFE, 0x00, 0x00, 0xFF, 0xFF, 0xFF,
  0x80, 0x00, 0x3F, 0xFF, 0xFF, 0xF0, 0x00, 0x0F, 0xFF, 0x7F, 0xFE, 0x00,
  0x07, 0xFF, 0xDF, 0xFF, 0xE0, 0x0F, 0xFF, 0xE3, 0xFF, 0xFF, 0xFF, 0xFF,
  0xF8, 0xFF, 0xFF, 0xFF, 0xFF, 0xFC, 0x1F, 0xFF, 0xFF, 0xFF, 0xFF, 0x07,
  0xFF, 0xFF, 0xFF, 0xFF, 0x80, 0xFF, 0xFF, 0xFF, 0xFF, 0xC0, 0x1F, 0xFF,
  0xFF, 0xFF, 0xE0, 0x01, 0xFF, 0xFF, 0xFF, 0xF0, 0x00, 0x3F, 0xFF, 0xFF,
  0xF0, 0x00, 0x01, 0xFF, 0xFF, 0xF0, 0x00, 0x00, 0x07, 0xFF, 0xC0, 0x00,
  0x03, 0xFF, 0xC0, 0x01, 0xFF, 0xE0, 0x00, 0xFF, 0xF0, 0x00, 0x7F, 0xF8,
  0x00, 0x3F, 0xFC, 0x00, 0x1F, 0xFE, 0x00, 0x0F, 0xFF, 0x00, 0x07, 0xFF,
  0x80, 0x03, 0xFF, 0xC0, 0x01, 0xFF, 0xE0, 0x00, 0xFF, 0xF0, 0x00, 0x7F,
  0xF8, 0x00, 0x3F, 0xFC, 0x07, 0xFF, 0xFF, 0xFF, 0xFF, 0xFF, 0xFF, 0xFF,
  0xFF, 0xFF, 0xFF, 0xFF, 0xFF, 0xFF, 0xFF, 0xFF, 0xFF, 0xFF, 0xFF, 0xFF,
  0xFF, 0xFF, 0xFF, 0xFF, 0xFF, 0xF8, 0x1F, 0xFE, 0x00, 0x0F, 0xFF, 0x00,
  0x07, 0xFF, 0x80, 0x03, 0xFF, 0xC0, 0x01, 0xFF, 0xE0, 0x00, 0xFF, 0xF0,
  0x00, 0x7F, 0xF8, 0x00, 0x3F, 0xFC, 0x00, 0x1F, 0xFE, 0x00, 0x0F, 0xFF,
  0x00, 0x07, 0xFF, 0x80, 0x03, 0xFF, 0xC0, 0x01, 0xFF, 0xE0, 0x00, 0xFF,
  0xF0, 0x00, 0x7F, 0xF8, 0x00, 0x3F, 0xFC, 0x00, 0x1F, 0xFE, 0x00, 0x0F,
  0xFF, 0x00, 0x07, 0xFF, 0x80, 0x03, 0xFF, 0xC0, 0x01, 0xFF, 0xE0, 0x00,
  0xFF, 0xF0, 0x00, 0x7F, 0xF8, 0x00, 0x3F, 0xFC, 0x00, 0x1F, 0xFE, 0x00,
  0x0F, 0xFF, 0x00, 0x07, 0xFF, 0x80, 0x03, 0xFF, 0xC0, 0x01, 0xFF, 0xF0,
  0x00, 0xFF, 0xFF, 0xE0, 0x7F, 0xFF, 0xF0, 0x3F, 0xFF, 0xF8, 0x1F, 0xFF,
  0xFC, 0x07, 0xFF, 0xFE, 0x03, 0xFF, 0xFF, 0x00, 0xFF, 0xFF, 0x80, 0x3F,
  0xFF, 0xC0, 0x0F, 0xFF, 0xE0, 0x00, 0xFF, 0xF0, 0x00, 0x00, 0x00, 0x00,
  0x00, 0x7F, 0xF8, 0x00, 0x03, 0xFF, 0xFF, 0xFC, 0x00, 0x01, 0xFF, 0xFF,
  0xFE, 0x00, 0x00, 0xFF, 0xFF, 0xFF, 0x00, 0x00, 0x7F, 0xFF, 0xFF, 0x80,
  0x00, 0x3F, 0xFF, 0xFF, 0xC0, 0x00, 0x1F, 0xFF, 0xFF, 0xE0, 0x00, 0x0F,
  0xFF, 0xFF, 0xF0, 0x00, 0x07, 0xFF, 0xFF, 0xF8, 0x00, 0x03, 0xFF, 0xFF,
  0xFC, 0x00, 0x01, 0xFF, 0xFF, 0xFE, 0x00, 0x00, 0xFF, 0xFF, 0xFF, 0x00,
  0x00, 0x7F, 0xFF, 0xFF, 0x80, 0x00, 0x3F, 0xFF, 0xFF, 0xC0, 0x00, 0x1F,
  0xFF, 0xFF, 0xE0, 0x00, 0x0F, 0xFF, 0xFF, 0xF0, 0x00, 0x07, 0xFF, 0xFF,
  0xF8, 0x00, 0x03, 0xFF, 0xFF, 0xFC, 0x00, 0x01, 0xFF, 0xFF, 0xFE, 0x00,
  0x00, 0xFF, 0xFF, 0xFF, 0x00, 0x00, 0x7F, 0xFF, 0xFF, 0x80, 0x00, 0x3F,
  0xFF, 0xFF, 0xC0, 0x00, 0x1F, 0xFF, 0xFF, 0xE0, 0x00, 0x0F, 0xFF, 0xFF,
  0xF0, 0x00, 0x07, 0xFF, 0xFF, 0xF8, 0x00, 0x03, 0xFF, 0xFF, 0xFC, 0x00,
  0x01, 0xFF, 0xFF, 0xFE, 0x00, 0x00, 0xFF, 0xFF, 0xFF, 0x00, 0x00, 0x7F,
  0xFF, 0xFF, 0x80, 0x00, 0x3F, 0xFF, 0xFF, 0xC0, 0x00, 0x1F, 0xFF, 0xFF,
  0xE0, 0x00, 0x1F, 0xFF, 0xFF, 0xF0, 0x00, 0x0F, 0xFF, 0xFF, 0xFC, 0x00,
  0x07, 0xFF, 0xFF, 0xFE, 0x00, 0x07, 0xFF, 0xFF, 0xFF, 0x80, 0x07, 0xFF,
  0xF7, 0xFF, 0xC0, 0x07, 0xFF, 0xFB, 0xFF, 0xF8, 0x0F, 0xFF, 0xFD, 0xFF,
  0xFF, 0xFF, 0xFF, 0xFE, 0x7F, 0xFF, 0xFF, 0xFF, 0xFF, 0x3F, 0xFF, 0xFF,
  0xFF, 0xFF, 0x9F, 0xFF, 0xFF, 0xFD, 0xFF, 0xC7, 0xFF, 0xFF, 0xFE, 0xFF,
  0xE1, 0xFF, 0xFF, 0xFE, 0x7F, 0xF0, 0x7F, 0xFF, 0xFC, 0x3F, 0xF8, 0x1F,
  0xFF, 0xFC, 0x1F, 0xFC, 0x03, 0xFF, 0xF8, 0x0F, 0xFE, 0x00, 0x3F, 0xF0,
  0x00, 0x00, 0xFF, 0xF8, 0x00, 0x00, 0xFF, 0xFB, 0xFF, 0xC0, 0x00, 0x07,
  0xFF, 0x9F, 0xFF, 0x00, 0x00, 0x3F, 0xFC, 0x7F, 0xF8, 0x00, 0x03, 0xFF,
  0xE3, 0xFF, 0xC0, 0x00, 0x1F, 0xFE, 0x1F, 0xFF, 0x00, 0x00, 0xFF, 0xF0,
  0x7F, 0xF8, 0x00, 0x07, 0xFF, 0x83, 0xFF, 0xC0, 0x00, 0x7F, 0xF8, 0x0F,
  0xFE, 0x00, 0x03, 0xFF, 0xC0, 0x7F, 0xF8, 0x00, 0x1F, 0xFC, 0x03, 0xFF,
  0xC0, 0x01, 0xFF, 0xE0, 0x0F, 0xFE, 0x00, 0x0F, 0xFF, 0x00, 0x7F, 0xF0,
  0x00, 0x7F, 0xF0, 0x03, 0xFF, 0xC0, 0x07, 0xFF, 0x80, 0x0F, 0xFE, 0x00,
  0x3F, 0xFC, 0x00, 0x7F, 0xF0, 0x01, 0xFF, 0xC0, 0x03, 0xFF, 0xC0, 0x0F,
  0xFE, 0x00, 0x0F, 0xFE, 0x00, 0xFF, 0xF0, 0x00, 0x7F, 0xF0, 0x07, 0xFF,
  0x00, 0x03, 0xFF, 0x80, 0x3F, 0xF8, 0x00, 0x0F, 0xFE, 0x03, 0xFF, 0x80,
  0x00, 0x7F, 0xF0, 0x1F, 0xFC, 0x00, 0x01, 0xFF, 0x80, 0xFF, 0xE0, 0x00,
  0x0F, 0xFE, 0x07, 0xFE, 0x00, 0x00, 0x7F, 0xF0, 0x7F, 0xF0, 0x00, 0x01,
  0xFF, 0x83, 0xFF, 0x80, 0x00, 0x0F, 0xFC, 0x1F, 0xF8, 0x00, 0x00, 0x7F,
  0xF1, 0xFF, 0xC0, 0x00, 0x01, 0xFF, 0x8F, 0xFE, 0x00, 0x00, 0x0F, 0xFC,
  0x7F, 0xE0, 0x00, 0x00, 0x7F, 0xF7, 0xFF, 0x00, 0x00, 0x01, 0xFF, 0xBF,
  0xF0, 0x00, 0x00, 0x0F, 0xFD, 0xFF, 0x80, 0x00, 0x00, 0x7F, 0xEF, 0xFC,
  0x00, 0x00, 0x01, 0xFF, 0xFF, 0xC0, 0x00, 0x00, 0x0F, 0xFF, 0xFE, 0x00,
  0x00, 0x00, 0x3F, 0xFF, 0xF0, 0x00, 0x00, 0x01, 0xFF, 0xFF, 0x00, 0x00,
  0x00, 0x0F, 0xFF, 0xF8, 0x00, 0x00, 0x00, 0x3F, 0xFF, 0xC0, 0x00, 0x00,
  0x01, 0xFF, 0xFC, 0x00, 0x00, 0x00, 0x0F, 0xFF, 0xE0, 0x00, 0x00, 0x00,
  0x3F, 0xFE, 0x00, 0x00, 0x00, 0x01, 0xFF, 0xF0, 0x00, 0x00, 0x00, 0x0F,
  0xFF, 0x80, 0x00, 0x00, 0x00, 0x3F, 0xF8, 0x00, 0x00, 0xFF, 0xF8, 0x00,
  0x3F, 0xFC, 0x00, 0x0F, 0xFF, 0xFF, 0xFC, 0x00, 0x1F, 0xFF, 0x00, 0x07,
  0xFF, 0xBF, 0xFE, 0x00, 0x0F, 0xFF, 0x80, 0x03, 0xFF, 0xCF, 0xFF, 0x00,
  0x0F, 0xFF, 0xC0, 0x01, 0xFF, 0xE7, 0xFF, 0x80, 0x07, 0xFF, 0xE0, 0x01,
  0xFF, 0xF3, 0xFF, 0xE0, 0x03, 0xFF, 0xF0, 0x00, 0xFF, 0xF1, 0xFF, 0xF0,
  0x01, 0xFF, 0xFC, 0x00, 0x7F, 0xF8, 0x7F, 0xF8, 0x00, 0xFF, 0xFE, 0x00,
  0x3F, 0xFC, 0x3F, 0xFC, 0x00, 0xFF, 0xFF, 0x00, 0x1F, 0xFC, 0x1F, 0xFE,
  0x00, 0x7F, 0xFF, 0x80, 0x1F, 0xFE, 0x07, 0xFF, 0x80, 0x3F, 0xFF, 0xE0,
  0x0F, 0xFF, 0x03, 0xFF, 0xC0, 0x1F, 0xFF, 0xF0, 0x07, 0xFF, 0x81, 0xFF,
  0xE0, 0x0F, 0xFF, 0xF8, 0x03, 0xFF, 0x80, 0xFF, 0xF0, 0x0F, 0xFF, 0xFC,
  0x03, 0xFF, 0xC0, 0x3F, 0xFC, 0x07, 0xFD, 0xFE, 0x01, 0xFF, 0xE0, 0x1F,
  0xFE, 0x03, 0xFC, 0xFF, 0x80, 0xFF, 0xE0, 0x0F, 0xFF, 0x01, 0xFE, 0x7F,
  0xC0, 0x7F, 0xF0, 0x07, 0xFF, 0x80, 0xFF, 0x3F, 0xE0, 0x3F, 0xF8, 0x01,
  0xFF, 0xC0, 0xFF, 0x9F, 0xF0, 0x3F, 0xFC, 0x00, 0xFF, 0xF0, 0x7F, 0xC7,
  0xF8, 0x1F, 0xFC, 0x00, 0x7F, 0xF8, 0x3F, 0xC3, 0xFE, 0x0F, 0xFE, 0x00,
  0x1F, 0xFC, 0x1F, 0xE1, 0xFF, 0x07, 0xFF, 0x00, 0x0F, 0xFE, 0x0F, 0xF0,
  0xFF, 0x83, 0xFF, 0x00, 0x07, 0xFF, 0x8F, 0xF8, 0x7F, 0xC3, 0xFF, 0x80,
  0x03, 0xFF, 0xC7, 0xFC, 0x1F, 0xE1, 0xFF, 0xC0, 0x00, 0xFF, 0xE3, 0xFC,
  0x0F, 0xF8, 0xFF, 0xE0, 0x00, 0x7F, 0xF1, 0xFE, 0x07, 0xFC, 0x7F, 0xE0,
  0x00, 0x3F, 0xF8, 0xFF, 0x03, 0xFE, 0x7F, 0xF0, 0x00, 0x0F, 0xFE, 0xFF,
  0x80, 0xFF, 0x3F, 0xF8, 0x00, 0x07, 0xFF, 0x7F, 0x80, 0x7F, 0xDF, 0xF8,
  0x00, 0x03, 0xFF, 0xBF, 0xC0, 0x3F, 0xEF, 0xFC, 0x00, 0x01, 0xFF, 0xDF,
  0xE0, 0x1F, 0xF7, 0xFE, 0x00, 0x00, 0x7F, 0xEF, 0xF0, 0x0F, 0xFF, 0xFF,
  0x00, 0x00, 0x3F, 0xFF, 0xF8, 0x03, 0xFF, 0xFF, 0x00, 0x00, 0x1F, 0xFF,
  0xF8, 0x01, 0xFF, 0xFF, 0x80, 0x00, 0x07, 0xFF, 0xFC, 0x00, 0xFF, 0xFF,
  0xC0, 0x00, 0x03, 0xFF, 0xFE, 0x00, 0x7F, 0xFF, 0xC0, 0x00, 0x01, 0xFF,
  0xFF, 0x00, 0x3F, 0xFF, 0xE0, 0x00, 0x00, 0xFF, 0xFF, 0x80, 0x0F, 0xFF,
  0xF0, 0x00, 0x00, 0x3F, 0xFF, 0x80, 0x07, 0xFF, 0xF8, 0x00, 0x00, 0x1F,
  0xFF, 0xC0, 0x03, 0xFF, 0xF8, 0x00, 0x00, 0x0F, 0xFF, 0xE0, 0x01, 0xFF,
  0xFC, 0x00, 0x00, 0x07, 0xFF, 0xF0, 0x00, 0x7F, 0xFE, 0x00, 0x00, 0x01,
  0xFF, 0xF0, 0x00, 0x3F, 0xFE, 0x00, 0x00, 0x00, 0xFF, 0xF8, 0x00, 0x1F,
  0xFF, 0x00, 0x00, 0x00, 0x7F, 0xFC, 0x00, 0x0F, 0xFF, 0x80, 0x00, 0x7F,
  0xFF, 0x00, 0x03, 0xFF, 0xF8, 0xFF, 0xFC, 0x00, 0x1F, 0xFF, 0xC1, 0xFF,
  0xF8, 0x00, 0x7F, 0xFE, 0x03, 0xFF, 0xF0, 0x03, 0xFF, 0xF0, 0x0F, 0xFF,
  0xC0, 0x0F, 0xFF, 0xC0, 0x1F, 0xFF, 0x80, 0x7F, 0xFE, 0x00, 0x3F, 0xFE,
  0x01, 0xFF, 0xF0, 0x00, 0xFF, 0xFC, 0x0F, 0xFF, 0xC0, 0x01, 0xFF, 0xF0,
  0x3F, 0xFE, 0x00, 0x03, 0xFF, 0xE1, 0xFF, 0xF0, 0x00, 0x0F, 0xFF, 0x87,
  0xFF, 0xC0, 0x00, 0x1F, 0xFF, 0x3F, 0xFE, 0x00, 0x00, 0x3F, 0xFE, 0xFF,
  0xF0, 0x00, 0x00, 0xFF, 0xFF, 0xFF, 0xC0, 0x00, 0x01, 0xFF, 0xFF, 0xFE,
  0x00, 0x00, 0x07, 0xFF, 0xFF, 0xF0, 0x00, 0x00, 0x0F, 0xFF, 0xFF, 0xC0,
  0x00, 0x00, 0x1F, 0xFF, 0xFE, 0x00, 0x00, 0x00, 0x7F, 0xFF, 0xF0, 0x00,
  0x00, 0x00, 0xFF, 0xFF, 0xC0, 0x00, 0x00, 0x01, 0xFF, 0xFE, 0x00, 0x00,
  0x00, 0x07, 0xFF, 0xF0, 0x00, 0x00, 0x00, 0x0F, 0xFF, 0xC0, 0x00, 0x00,
  0x00, 0x3F, 0xFF, 0x80, 0x00, 0x00, 0x01, 0xFF, 0xFE, 0x00, 0x00, 0x00,
  0x0F, 0xFF, 0xFC, 0x00, 0x00, 0x00, 0x3F, 0xFF, 0xF8, 0x00, 0x00, 0x01,
  0xFF, 0xFF, 0xE0, 0x00, 0x00, 0x0F, 0xFF, 0xFF, 0xC0, 0x00, 0x00, 0x3F,
  0xFF, 0xFF, 0x80, 0x00, 0x01, 0xFF, 0xFF, 0xFE, 0x00, 0x00, 0x0F, 0xFF,
  0xFF, 0xFC, 0x00, 0x00, 0x3F, 0xFF, 0xFF, 0xF8, 0x00, 0x01, 0xFF, 0xF3,
  0xFF, 0xE0, 0x00, 0x0F, 0xFF, 0x87, 0xFF, 0xC0, 0x00, 0x3F, 0xFE, 0x1F,
  0xFF, 0x80, 0x01, 0xFF, 0xF0, 0x3F, 0xFE, 0x00, 0x0F, 0xFF, 0xC0, 0xFF,
  0xFC, 0x00, 0x7F, 0xFE, 0x01, 0xFF, 0xF8, 0x01, 0xFF, 0xF8, 0x07, 0xFF,
  0xE0, 0x0F, 0xFF, 0xC0, 0x0F, 0xFF, 0xC0, 0x7F, 0xFE, 0x00, 0x1F, 0xFF,
  0x81, 0xFF, 0xF8, 0x00, 0x7F, 0xFE, 0x0F, 0xFF, 0xC0, 0x00, 0xFF, 0xFC,
  0x7F, 0xFF, 0x00, 0x03, 0xFF, 0xFB, 0xFF, 0xF8, 0x00, 0x07, 0xFF, 0xF0,
  0x00, 0x00, 0x00, 0x00, 0x00, 0x07, 0xFF, 0xC0, 0x00, 0x07, 0xFF, 0xDF,
  0xFE, 0x00, 0x00, 0x3F, 0xFC, 0xFF, 0xF0, 0x00, 0x01, 0xFF, 0xE7, 0xFF,
  0xC0, 0x00, 0x1F, 0xFF, 0x1F, 0xFE, 0x00, 0x00, 0xFF, 0xF0, 0xFF, 0xF0,
  0x00, 0x07, 0xFF, 0x87, 0xFF, 0xC0, 0x00, 0x7F, 0xF8, 0x1F, 0xFE, 0x00,
  0x03, 0xFF, 0xC0, 0xFF, 0xF0, 0x00, 0x1F, 0xFE, 0x07, 0xFF, 0x80, 0x00,
  0xFF, 0xE0, 0x1F, 0xFE, 0x00, 0x0F, 0xFF, 0x00, 0xFF, 0xF0, 0x00, 0x7F,
  0xF8, 0x07, 0xFF, 0x80, 0x03, 0xFF, 0x80, 0x1F, 0xFE, 0x00, 0x3F, 0xFC,
  0x00, 0xFF, 0xF0, 0x01, 0xFF, 0xE0, 0x03, 0xFF, 0x80, 0x0F, 0xFE, 0x00,
  0x1F, 0xFC, 0x00, 0x7F, 0xF0, 0x00, 0xFF, 0xF0, 0x07, 0xFF, 0x80, 0x03,
  0xFF, 0x80, 0x3F, 0xF8, 0x00, 0x1F, 0xFC, 0x01, 0xFF, 0xC0, 0x00, 0xFF,
  0xF0, 0x1F, 0xFC, 0x00, 0x03, 0xFF, 0x80, 0xFF, 0xE0, 0x00, 0x1F, 0xFC,
  0x07, 0xFF, 0x00, 0x00, 0xFF, 0xE0, 0x7F, 0xF0, 0x00, 0x03, 0xFF, 0x83,
  0xFF, 0x80, 0x00, 0x1F, 0xFC, 0x1F, 0xFC, 0x00, 0x00, 0xFF, 0xE0, 0xFF,
  0xC0, 0x00, 0x03, 0xFF, 0x8F, 0xFE, 0x00, 0x00, 0x1F, 0xFC, 0x7F, 0xF0,
  0x00, 0x00, 0xFF, 0xE3, 0xFF, 0x00, 0x00, 0x03, 0xFF, 0xBF, 0xF8, 0x00,
  0x00, 0x1F, 0xFD, 0xFF, 0xC0, 0x00, 0x00, 0xFF, 0xEF, 0xFC, 0x00, 0x00,
  0x03, 0xFF, 0x7F, 0xE0, 0x00, 0x00, 0x1F, 0xFF, 0xFE, 0x00, 0x00, 0x00,
  0xFF, 0xFF, 0xF0, 0x00, 0x00, 0x03, 0xFF, 0xFF, 0x80, 0x00, 0x00, 0x1F,
  0xFF, 0xF8, 0x00, 0x00, 0x00, 0xFF, 0xFF, 0xC0, 0x00, 0x00, 0x03, 0xFF,
  0xFE, 0x00, 0x00, 0x00, 0x1F, 0xFF, 0xE0, 0x00, 0x00, 0x00, 0x7F, 0xFF,
  0x00, 0x00, 0x00, 0x03, 0xFF, 0xF8, 0x00, 0x00, 0x00, 0x1F, 0xFF, 0x80,
  0x00, 0x00, 0x00, 0x7F, 0xFC, 0x00, 0x00, 0x00, 0x03, 0xFF, 0xC0, 0x00,
  0x00, 0x00, 0x1F, 0xFE, 0x00, 0x00, 0x00, 0x00, 0x7F, 0xF0, 0x00, 0x00,
  0x00, 0x03, 0xFF, 0x00, 0x00, 0x00, 0x00, 0x1F, 0xF8, 0x00, 0x00, 0x00,
  0x01, 0xFF, 0xC0, 0x00, 0x00, 0x00, 0x0F, 0xFC, 0x00, 0x00, 0x00, 0x00,
  0xFF, 0xE0, 0x00, 0x00, 0x00, 0x1F, 0xFF, 0x00, 0x00, 0x00, 0x7F, 0xFF,
  0xF0, 0x00, 0x00, 0x03, 0xFF, 0xFF, 0x80, 0x00, 0x00, 0x1F, 0xFF, 0xF8,
  0x00, 0x00, 0x00, 0xFF, 0xFF, 0xC0, 0x00, 0x00, 0x07, 0xFF, 0xFC, 0x00,
  0x00, 0x00, 0x3F, 0xFF, 0xE0, 0x00, 0x00, 0x01, 0xFF, 0xFE, 0x00, 0x00,
  0x00, 0x0F, 0xFF, 0xE0, 0x00, 0x00, 0x00, 0x7F, 0xFE, 0x00, 0x00, 0x00,
  0x03, 0xFF, 0x80, 0x00, 0x00, 0x00, 0x00, 0x00, 0x00, 0x00, 0x00, 0x3F,
  0xFF, 0xFF, 0xFF, 0xFE, 0x3F, 0xFF, 0xFF, 0xFF, 0xFE, 0x3F, 0xFF, 0xFF,
  0xFF, 0xFE, 0x3F, 0xFF, 0xFF, 0xFF, 0xFE, 0x3F, 0xFF, 0xFF, 0xFF, 0xFE,
  0x3F, 0xFF, 0xFF, 0xFF, 0xFE, 0x3F, 0xFF, 0xFF, 0xFF, 0xFE, 0x3F, 0xFF,
  0xFF, 0xFF, 0xFE, 0x3F, 0xFF, 0xFF, 0xFF, 0xFE, 0x3F, 0xFF, 0xFF, 0xFF,
  0xFE, 0x00, 0x00, 0x01, 0xFF, 0xFE, 0x00, 0x00, 0x03, 0xFF, 0xFC, 0x00,
  0x00, 0x07, 0xFF, 0xF8, 0x00, 0x00, 0x0F, 0xFF, 0xF0, 0x00, 0x00, 0x1F,
  0xFF, 0xE0, 0x00, 0x00, 0x1F, 0xFF, 0xC0, 0x00, 0x00, 0x3F, 0xFF, 0x80,
  0x00, 0x00, 0x7F, 0xFF, 0x80, 0x00, 0x00, 0xFF, 0xFF, 0x00, 0x00, 0x01,
  0xFF, 0xFE, 0x00, 0x00, 0x03, 0xFF, 0xFC, 0x00, 0x00, 0x07, 0xFF, 0xF8,
  0x00, 0x00, 0x0F, 0xFF, 0xF0, 0x00, 0x00, 0x0F, 0xFF, 0xE0, 0x00, 0x00,
  0x1F, 0xFF, 0xE0, 0x00, 0x00, 0x3F, 0xFF, 0xC0, 0x00, 0x00, 0x7F, 0xFF,
  0x80, 0x00, 0x00, 0xFF, 0xFF, 0x00, 0x00, 0x01, 0xFF, 0xFE, 0x00, 0x00,
  0x03, 0xFF, 0xFC, 0x00, 0x00, 0x03, 0xFF, 0xF8, 0x00, 0x00, 0x07, 0xFF,
  0xF0, 0x00, 0x00, 0x0F, 0xFF, 0xF0, 0x00, 0x00, 0x1F, 0xFF, 0xE0, 0x00,
  0x00, 0x3F, 0xFF, 0xC0, 0x00, 0x00, 0x7F, 0xFF, 0x80, 0x00, 0x00, 0xFF,
  0xFF, 0xFF, 0xFF, 0xFF, 0xFF, 0xFF, 0xFF, 0xFF, 0xFF, 0xFF, 0xFF, 0xFF,
  0xFF, 0xFF, 0xFF, 0xFF, 0xFF, 0xFF, 0xFF, 0xFF, 0xFF, 0xFF, 0xFF, 0xFF,
  0xFF, 0xFF, 0xFF, 0xFF, 0xFF, 0xFF, 0xFF, 0xFF, 0xFF, 0xFF, 0xFF, 0xFF,
  0xFF, 0xFF, 0xFF, 0xFF, 0xFF, 0xFF, 0xFF, 0xFF, 0xFF, 0xFF, 0xFF, 0xFF,
  0xFF, 0x00, 0x00, 0x1F, 0xC0, 0x00, 0x3F, 0xF0, 0x00, 0x3F, 0xFC, 0x00,
  0x1F, 0xFF, 0x00, 0x0F, 0xFF, 0xC0, 0x07, 0xFF, 0xF0, 0x03, 0xFF, 0xFC,
  0x00, 0xFF, 0xFC, 0x00, 0x7F, 0xFC, 0x00, 0x1F, 0xFE, 0x00, 0x07, 0xFF,
  0x00, 0x03, 0xFF, 0xC0, 0x00, 0xFF, 0xE0, 0x00, 0x3F, 0xF8, 0x00, 0x0F,
  0xFE, 0x00, 0x03, 0xFF, 0x80, 0x00, 0xFF, 0xE0, 0x00, 0x3F, 0xF8, 0x00,
  0x0F, 0xFE, 0x00, 0x03, 0xFF, 0x80, 0x00, 0xFF, 0xE0, 0x00, 0x3F, 0xF8,
  0x00, 0x0F, 0xFE, 0x00, 0x03, 0xFF, 0x80, 0x00, 0xFF, 0xE0, 0x00, 0x3F,
  0xF8, 0x00, 0x0F, 0xFE, 0x00, 0x03, 0xFF, 0x80, 0x00, 0xFF, 0xE0, 0x00,
  0x3F, 0xF8, 0x00, 0x1F, 0xFC, 0x00, 0x07, 0xFF, 0x00, 0x01, 0xFF, 0xC0,
  0x00, 0xFF, 0xE0, 0x00, 0x7F, 0xF8, 0x00, 0x3F, 0xFC, 0x00, 0x3F, 0xFE,
  0x00, 0x3F, 0xFF, 0x00, 0x0F, 0xFF, 0x00, 0x03, 0xFF, 0x80, 0x00, 0xFF,
  0xE0, 0x00, 0x3F, 0xFE, 0x00, 0x0F, 0xFF, 0xC0, 0x00, 0x7F, 0xF8, 0x00,
  0x0F, 0xFF, 0x00, 0x01, 0xFF, 0xE0, 0x00, 0x3F, 0xFC, 0x00, 0x07, 0xFF,
  0x00, 0x01, 0xFF, 0xC0, 0x00, 0x7F, 0xF8, 0x00, 0x0F, 0xFE, 0x00, 0x03,
  0xFF, 0x80, 0x00, 0xFF, 0xE0, 0x00, 0x3F, 0xF8, 0x00, 0x0F, 0xFE, 0x00,
  0x03, 0xFF, 0x80, 0x00, 0xFF, 0xE0, 0x00, 0x3F, 0xF8, 0x00, 0x0F, 0xFE,
  0x00, 0x03, 0xFF, 0x80, 0x00, 0xFF, 0xE0, 0x00, 0x3F, 0xF8, 0x00, 0x0F,
  0xFE, 0x00, 0x03, 0xFF, 0x80, 0x00, 0xFF, 0xE0, 0x00, 0x3F, 0xF8, 0x00,
  0x0F, 0xFE, 0x00, 0x03, 0xFF, 0x80, 0x00, 0xFF, 0xF0, 0x00, 0x3F, 0xFC,
  0x00, 0x0F, 0xFF, 0x80, 0x01, 0xFF, 0xF0, 0x00, 0x7F, 0xFF, 0x00, 0x0F,
  0xFF, 0xF0, 0x01, 0xFF, 0xFC, 0x00, 0x7F, 0xFF, 0x00, 0x07, 0xFF, 0xC0,
  0x00, 0xFF, 0xF0, 0x00, 0x0F, 0xFC, 0x00, 0x00, 0x7F, 0xFF, 0xFF, 0xFF,
  0xFF, 0xFF, 0xFF, 0xFF, 0xFF, 0xFF, 0xFF, 0xFF, 0xFF, 0xFF, 0xFF, 0xFF,
  0xFF, 0xFF, 0xFF, 0xFF, 0xFF, 0xFF, 0xFF, 0xFF, 0xFF, 0xFF, 0xFF, 0xFF,
  0xFF, 0xFF, 0xFF, 0xFF, 0xFF, 0xFF, 0xFF, 0xFF, 0xFF, 0xFF, 0xFF, 0xFF,
  0xFF, 0xFF, 0xFF, 0xFF, 0xFF, 0xFF, 0xFF, 0xFF, 0xFF, 0xFF, 0xFF, 0xFF,
  0xFF, 0xFF, 0xFF, 0xFF, 0xFF, 0xFF, 0xFF, 0xFF, 0xFF, 0xFF, 0xFF, 0xFF,
  0xFF, 0xFF, 0xFF, 0xFF, 0xFF, 0xFF, 0xFF, 0xFF, 0xFF, 0xFF, 0xFF, 0xFF,
  0xFF, 0xFF, 0xFF, 0xFF, 0xFF, 0xFF, 0xFF, 0xFF, 0xFF, 0xFF, 0xC0, 0xFC,
  0x00, 0x00, 0x3F, 0xF0, 0x00, 0x0F, 0xFF, 0x00, 0x03, 0xFF, 0xE0, 0x00,
  0xFF, 0xFC, 0x00, 0x3F, 0xFF, 0x80, 0x0F, 0xFF, 0xF0, 0x00, 0xFF, 0xFC,
  0x00, 0x0F, 0xFF, 0x80, 0x01, 0xFF, 0xE0, 0x00, 0x3F, 0xF8, 0x00, 0x0F,
  0xFF, 0x00, 0x01, 0xFF, 0xC0, 0x00, 0x7F, 0xF0, 0x00, 0x1F, 0xFC, 0x00,
  0x07, 0xFF, 0x00, 0x01, 0xFF, 0xC0, 0x00, 0x7F, 0xF0, 0x00, 0x1F, 0xFC,
  0x00, 0x07, 0xFF, 0x00, 0x01, 0xFF, 0xC0, 0x00, 0x7F, 0xF0, 0x00, 0x1F,
  0xFC, 0x00, 0x07, 0xFF, 0x00, 0x01, 0xFF, 0xC0, 0x00, 0x7F, 0xF0, 0x00,
  0x1F, 0xFC, 0x00, 0x07, 0xFF, 0x00, 0x01, 0xFF, 0xC0, 0x00, 0x7F, 0xF0,
  0x00, 0x0F, 0xFE, 0x00, 0x03, 0xFF, 0x80, 0x00, 0xFF, 0xE0, 0x00, 0x1F,
  0xFC, 0x00, 0x07, 0xFF, 0x80, 0x00, 0xFF, 0xF0, 0x00, 0x1F, 0xFF, 0x00,
  0x03, 0xFF, 0xF0, 0x00, 0x3F, 0xFC, 0x00, 0x07, 0xFF, 0x00, 0x01, 0xFF,
  0xC0, 0x01, 0xFF, 0xF0, 0x00, 0xFF, 0xFC, 0x00, 0x7F, 0xF8, 0x00, 0x3F,
  0xFC, 0x00, 0x1F, 0xFE, 0x00, 0x0F, 0xFF, 0x00, 0x03, 0xFF, 0x80, 0x00,
  0xFF, 0xE0, 0x00, 0x7F, 0xF0, 0x00, 0x1F, 0xFC, 0x00, 0x07, 0xFF, 0x00,
  0x01, 0xFF, 0xC0, 0x00, 0x7F, 0xF0, 0x00, 0x1F, 0xFC, 0x00, 0x07, 0xFF,
  0x00, 0x01, 0xFF, 0xC0, 0x00, 0x7F, 0xF0, 0x00, 0x1F, 0xFC, 0x00, 0x07,
  0xFF, 0x00, 0x01, 0xFF, 0xC0, 0x00, 0x7F, 0xF0, 0x00, 0x1F, 0xFC, 0x00,
  0x07, 0xFF, 0x00, 0x01, 0xFF, 0xC0, 0x00, 0x7F, 0xF0, 0x00, 0x1F, 0xFC,
  0x00, 0x07, 0xFF, 0x00, 0x03, 0xFF, 0xC0, 0x00, 0xFF, 0xF0, 0x00, 0x7F,
  0xF8, 0x00, 0x3F, 0xFE, 0x00, 0x3F, 0xFF, 0x80, 0x3F, 0xFF, 0xC0, 0x0F,
  0xFF, 0xE0, 0x03, 0xFF, 0xF8, 0x00, 0xFF, 0xF8, 0x00, 0x3F, 0xFC, 0x00,
  0x0F, 0xFC, 0x00, 0x03, 0xF8, 0x00, 0x00, 0x00, 0x00, 0x00, 0x00, 0x00,
  0x1F, 0xE0, 0x03, 0xF8, 0x00, 0x00, 0x03, 0xFC, 0x01, 0xFF, 0xE0, 0x00,
  0x00, 0xFF, 0x80, 0xFF, 0xFF, 0x80, 0x00, 0x1F, 0xE0, 0x3F, 0xFF, 0xFC,
  0x00, 0x07, 0xFC, 0x0F, 0xFF, 0xFF, 0xE0, 0x00, 0xFF, 0x81, 0xFF, 0xFF,
  0xFF, 0x80, 0x3F, 0xE0, 0x7F, 0xFF, 0xFF, 0xFC, 0x0F, 0xFC, 0x1F, 0xFF,
  0xFF, 0xFF, 0xFF, 0xFF, 0x83, 0xFF, 0xFF, 0xFF, 0xFF, 0xFF, 0xE0, 0xFF,
  0xFF, 0xFF, 0xFF, 0xFF, 0xFC, 0x1F, 0xFF, 0xFF, 0xFF, 0xFF, 0xFF, 0x03,
  0xFF, 0x07, 0xFF, 0xFF, 0xFF, 0xE0, 0xFF, 0xC0, 0x1F, 0xFF, 0xFF, 0xF8,
  0x1F, 0xF0, 0x00, 0x7F, 0xFF, 0xFE, 0x03, 0xFC, 0x00, 0x03, 0xFF, 0xFF,
  0xC0, 0x7F, 0x80, 0x00, 0x1F, 0xFF, 0xF0, 0x1F, 0xF0, 0x00, 0x00, 0x7F,
  0xF8, 0x03, 0xFC, 0x00, 0x00, 0x01, 0xFC, 0x00, 0x7F, 0x80, 0x00, 0x00,
  0x00, 0x00, 0x00 };

const GFXglyph Helvetica_Bold44pt7bGlyphs[] PROGMEM = {
  {     0,   1,   1,  24,    0,    0 },   // 0x20 ' '
  {     1,  13,  62,  29,   10,  -61 },   // 0x21 '!'
  {   102,  27,  26,  41,    7,  -61 },   // 0x22 '"'
  {   190,  48,  60,  48,    0,  -59 },   // 0x23 '#'
  {   550,  43,  76,  48,    2,  -66 },   // 0x24 '$'
  {   959,  72,  63,  76,    2,  -61 },   // 0x25 '%'
  {  1526,  56,  63,  63,    5,  -61 },   // 0x26 '&'
  {  1967,   9,  26,  18,    5,  -61 },   // 0x27 '''
  {  1997,  23,  80,  29,    4,  -62 },   // 0x28 '('
  {  2227,  23,  80,  28,    1,  -62 },   // 0x29 ')'
  {  2457,  29,  29,  33,    2,  -62 },   // 0x2A '*'
  {  2563,  45,  46,  50,    3,  -45 },   // 0x2B '+'
  {  2822,  13,  28,  24,    5,  -12 },   // 0x2C ','
  {  2868,  24,  11,  28,    2,  -28 },   // 0x2D '-'
  {  2901,  13,  13,  24,    5,  -12 },   // 0x2E '.'
  {  2923,  35,  64,  24,   -5,  -63 },   // 0x2F '/'
  {  3203,  42,  62,  48,    3,  -60 },   // 0x30 '0'
  {  3529,  26,  60,  48,    6,  -59 },   // 0x31 '1'
  {  3724,  42,  61,  48,    3,  -60 },   // 0x32 '2'
  {  4045,  42,  62,  48,    2,  -60 },   // 0x33 '3'
  {  4371,  43,  60,  48,    2,  -59 },   // 0x34 '4'
  {  4694,  42,  61,  48,    2,  -59 },   // 0x35 '5'
  {  5015,  42,  62,  48,    3,  -60 },   // 0x36 '6'
  {  5341,  42,  60,  48,    2,  -59 },   // 0x37 '7'
  {  5656,  42,  62,  48,    2,  -60 },   // 0x38 '8'
  {  5982,  42,  62,  48,    3,  -60 },   // 0x39 '9'
  {  6308,  13,  44,  29,   10,  -43 },   // 0x3A ':'
  {  6380,  13,  59,  29,   10,  -43 },   // 0x3B ';'
  {  6476,  49,  49,  49,    0,  -46 },   // 0x3C '<'
  {  6777,  45,  31,  50,    3,  -37 },   // 0x3D '='
  {  6952,  49,  49,  49,    0,  -46 },   // 0x3E '>'
  {  7253,  43,  62,  53,    5,  -61 },   // 0x3F '?'
  {  7587,  68,  67,  83,    8,  -65 },   // 0x40 '@'
  {  8157,  58,  62,  62,    2,  -61 },   // 0x41 'A'
  {  8607,  51,  62,  62,    7,  -61 },   // 0x42 'B'
  {  9003,  55,  65,  62,    4,  -63 },   // 0x43 'C'
  {  9450,  52,  62,  62,    7,  -61 },   // 0x44 'D'
  {  9853,  47,  62,  57,    7,  -61 },   // 0x45 'E'
  { 10218,  44,  62,  53,    6,  -61 },   // 0x46 'F'
  { 10559,  58,  65,  67,    4,  -63 },   // 0x47 'G'
  { 11031,  50,  62,  62,    6,  -61 },   // 0x48 'H'
  { 11419,  13,  62,  24,    6,  -61 },   // 0x49 'I'
  { 11520,  40,  63,  47,    1,  -61 },   // 0x4A 'J'
  { 11835,  55,  62,  63,    7,  -61 },   // 0x4B 'K'
  { 12262,  44,  62,  53,    6,  -61 },   // 0x4C 'L'
  { 12603,  60,  62,  72,    6,  -61 },   // 0x4D 'M'
  { 13068,  50,  62,  62,    6,  -61 },   // 0x4E 'N'
  { 13456,  59,  65,  67,    5,  -63 },   // 0x4F 'O'
  { 13936,  47,  62,  57,    7,  -61 },   // 0x50 'P'
  { 14301,  59,  68,  67,    5,  -63 },   // 0x51 'Q'
  { 14803,  52,  62,  61,    7,  -61 },   // 0x52 'R'
  { 15206,  51,  65,  58,    4,  -63 },   // 0x53 'S'
  { 15621,  51,  62,  54,    2,  -61 },   // 0x54 'T'
  { 16017,  50,  63,  62,    6,  -61 },   // 0x55 'U'
  { 16411,  54,  62,  58,    3,  -61 },   // 0x56 'V'
  { 16830,  78,  62,  80,    1,  -61 },   // 0x57 'W'
  { 17435,  56,  62,  59,    2,  -61 },   // 0x58 'X'
  { 17869,  53,  62,  58,    3,  -61 },   // 0x59 'Y'
  { 18280,  48,  62,  52,    1,  -61 },   // 0x5A 'Z'
  { 18652,  21,  80,  29,    6,  -62 },   // 0x5B '['
  { 18862,  36,  64,  24,   -6,  -63 },   // 0x5C '\'
  { 19150,  21,  80,  28,    2,  -62 },   // 0x5D ']'
  { 19360,  41,  37,  50,    5,  -61 },   // 0x5E '^'
  { 19550,  48,   4,  48,    0,    8 },   // 0x5F '_'
  { 19574,  21,  18,  29,    0,  -64 },   // 0x60 '`'
  { 19622,  42,  48,  48,    3,  -46 },   // 0x61 'a'
  { 19874,  44,  63,  53,    6,  -61 },   // 0x62 'b'
  { 20221,  42,  48,  48,    3,  -46 },   // 0x63 'c'
  { 20473,  44,  63,  52,    3,  -61 },   // 0x64 'd'
  { 20820,  44,  48,  48,    2,  -46 },   // 0x65 'e'
  { 21084,  26,  62,  29,    2,  -61 },   // 0x66 'f'
  { 21286,  44,  65,  52,    3,  -46 },   // 0x67 'g'
  { 21644,  41,  62,  52,    6,  -61 },   // 0x68 'h'
  { 21962,  12,  62,  23,    6,  -61 },   // 0x69 'i'
  { 22055,  18,  80,  24,    0,  -61 },   // 0x6A 'j'
  { 22235,  41,  62,  48,    6,  -61 },   // 0x6B 'k'
  { 22553,  12,  62,  23,    6,  -61 },   // 0x6C 'l'
  { 22646,  66,  47,  77,    6,  -46 },   // 0x6D 'm'
  { 23034,  41,  47,  52,    6,  -46 },   // 0x6E 'n'
  { 23275,  47,  48,  53,    3,  -46 },   // 0x6F 'o'
  { 23557,  44,  65,  53,    6,  -46 },   // 0x70 'p'
  { 23915,  44,  65,  52,    3,  -46 },   // 0x71 'q'
  { 24273,  27,  47,  34,    6,  -46 },   // 0x72 'r'
  { 24432,  42,  48,  48,    3,  -46 },   // 0x73 's'
  { 24684,  25,  60,  27,    1,  -58 },   // 0x74 't'
  { 24872,  41,  48,  52,    6,  -46 },   // 0x75 'u'
  { 25118,  45,  46,  48,    2,  -45 },   // 0x76 'v'
  { 25377,  65,  46,  67,    1,  -45 },   // 0x77 'w'
  { 25751,  46,  46,  48,    1,  -45 },   // 0x78 'x'
  { 26016,  45,  65,  49,    2,  -46 },   // 0x79 'y'
  { 26382,  40,  47,  43,    2,  -46 },   // 0x7A 'z'
  { 26617,  26,  80,  33,    2,  -62 },   // 0x7B '{'
  { 26877,  11,  62,  21,    4,  -61 },   // 0x7C '|'
  { 26963,  26,  80,  30,    2,  -62 },   // 0x7D '}'
  { 27223,  51,  20,  51,    0,  -32 } }; // 0x7E '~'

const GFXfont Helvetica_Bold44pt7b PROGMEM = {
  (uint8_t  *)Helvetica_Bold44pt7bBitmaps,
  (GFXglyph *)Helvetica_Bold44pt7bGlyphs,
  0x20, 0x7E, 86 };

// Approx. 28023 bytes
