const uint8_t Helvetica44pt7bBitmaps[] PROGMEM = {
  0x00, 0xFF, 0xFF, 0xFF, 0xFF, 0xFF, 0xFF, 0xFF, 0xFF, 0xFF, 0xFF, 0xFF,
  0xFF, 0xFF, 0xFF, 0xFF, 0xFF, 0xFF, 0xFF, 0xFF, 0xFF, 0xFF, 0xFF, 0xFF,
  0xFF, 0xFF, 0xFF, 0xFF, 0x7F, 0x7F, 0x7F, 0x7F, 0x7F, 0x7F, 0x7E, 0x7E,
  0x7E, 0x7E, 0x7E, 0x7E, 0x3E, 0x3E, 0x3E, 0x3E, 0x3E, 0x3E, 0x3E, 0x3C,
  0x00, 0x00, 0x00, 0x00, 0x00, 0x00, 0xFF, 0xFF, 0xFF, 0xFF, 0xFF, 0xFF,
  0xFF, 0xFF, 0xFF, 0xFF, 0x01, 0xFD, 0xFC, 0x07, 0xF7, 0xF0, 0x1F, 0xDF,
  0xC0, 0x7F, 0x7F, 0x01, 0xFD, 0xFC, 0x07, 0xF7, 0xF0, 0x1F, 0xDF, 0xC0,
  0x7F, 0x7F, 0x01, 0xFD, 0xFC, 0x07, 0xF7, 0xF0, 0x1F, 0xDF, 0xC0, 0x7F,
  0x7E, 0x01, 0xFD, 0xF8, 0x03, 0xF7, 0xE0, 0x0F, 0xDF, 0x80, 0x3F, 0x7E,
  0x00, 0xFD, 0xF8, 0x03, 0xF7, 0xE0, 0x0F, 0xDF, 0x80, 0x3E, 0x3E, 0x00,
  0xF8, 0xF8, 0x03, 0xE3, 0xE0, 0x0F, 0x8F, 0x80, 0x3E, 0x3E, 0x00, 0xF8,
  0x00, 0x00, 0x07, 0xF0, 0x07, 0xE0, 0x00, 0x00, 0x07, 0xE0, 0x0F, 0xE0,
  0x00, 0x00, 0x07, 0xE0, 0x0F, 0xC0, 0x00, 0x00, 0x0F, 0xE0, 0x0F, 0xC0,
  0x00, 0x00, 0x0F, 0xC0, 0x0F, 0xC0, 0x00, 0x00, 0x0F, 0xC0, 0x1F, 0xC0,
  0x00, 0x00, 0x0F, 0xC0, 0x1F, 0x80, 0x00, 0x00, 0x1F, 0xC0, 0x1F, 0x80,
  0x00, 0x00, 0x1F, 0x80, 0x1F, 0x80, 0x00, 0x00, 0x1F, 0x80, 0x3F, 0x80,
  0x00, 0x00, 0x1F, 0x80, 0x3F, 0x00, 0x00, 0x00, 0x3F, 0x00, 0x3F, 0x00,
  0x00, 0x00, 0x3F, 0x00, 0x7F, 0x00, 0x00, 0x00, 0x3F, 0x00, 0x7E, 0x00,
  0x00, 0x00, 0x7F, 0x00, 0x7E, 0x00, 0x00, 0x00, 0x7E, 0x00, 0x7E, 0x00,
  0x00, 0x00, 0x7E, 0x00, 0xFE, 0x00, 0x00, 0x00, 0x7E, 0x00, 0xFC, 0x00,
  0x00, 0x00, 0xFE, 0x00, 0xFC, 0x00, 0x03, 0xFF, 0xFF, 0xFF, 0xFF, 0xFF,
  0x03, 0xFF, 0xFF, 0xFF, 0xFF, 0xFE, 0x03, 0xFF, 0xFF, 0xFF, 0xFF, 0xFE,
  0x03, 0xFF, 0xFF, 0xFF, 0xFF, 0xFE, 0x07, 0xFF, 0xFF, 0xFF, 0xFF, 0xFE,
  0x00, 0x01, 0xF8, 0x03, 0xF8, 0x00, 0x00, 0x01, 0xF8, 0x03, 0xF0, 0x00,
  0x00, 0x03, 0xF0, 0x03, 0xF0, 0x00, 0x00, 0x03, 0xF0, 0x07, 0xF0, 0x00,
  0x00, 0x03, 0xF0, 0x07, 0xE0, 0x00, 0x00, 0x07, 0xF0, 0x07, 0xE0, 0x00,
  0x00, 0x07, 0xE0, 0x07, 0xE0, 0x00, 0x00, 0x07, 0xE0, 0x0F, 0xE0, 0x00,
  0x00, 0x07, 0xE0, 0x0F, 0xC0, 0x00, 0x00, 0x0F, 0xE0, 0x0F, 0xC0, 0x00,
  0x00, 0x0F, 0xC0, 0x1F, 0xC0, 0x00, 0x00, 0x0F, 0xC0, 0x1F, 0x80, 0x00,
  0x00, 0x1F, 0xC0, 0x1F, 0x80, 0x00, 0x00, 0x1F, 0x80, 0x1F, 0x80, 0x00,
  0x7F, 0xFF, 0xFF, 0xFF, 0xFF, 0xE0, 0x7F, 0xFF, 0xFF, 0xFF, 0xFF, 0xC0,
  0x7F, 0xFF, 0xFF, 0xFF, 0xFF, 0xC0, 0xFF, 0xFF, 0xFF, 0xFF, 0xFF, 0xC0,
  0xFF, 0xFF, 0xFF, 0xFF, 0xFF, 0x80, 0x00, 0x3F, 0x00, 0x7E, 0x00, 0x00,
  0x00, 0x7F, 0x00, 0x7E, 0x00, 0x00, 0x00, 0x7E, 0x00, 0x7E, 0x00, 0x00,
  0x00, 0x7E, 0x00, 0xFE, 0x00, 0x00, 0x00, 0xFE, 0x00, 0xFC, 0x00, 0x00,
  0x00, 0xFC, 0x00, 0xFC, 0x00, 0x00, 0x00, 0xFC, 0x01, 0xFC, 0x00, 0x00,
  0x00, 0xFC, 0x01, 0xF8, 0x00, 0x00, 0x01, 0xFC, 0x01, 0xF8, 0x00, 0x00,
  0x01, 0xF8, 0x01, 0xF8, 0x00, 0x00, 0x01, 0xF8, 0x03, 0xF8, 0x00, 0x00,
  0x01, 0xF8, 0x03, 0xF0, 0x00, 0x00, 0x03, 0xF8, 0x03, 0xF0, 0x00, 0x00,
  0x03, 0xF0, 0x03, 0xF0, 0x00, 0x00, 0x03, 0xF0, 0x07, 0xF0, 0x00, 0x00,
  0x07, 0xF0, 0x07, 0xE0, 0x00, 0x00, 0x07, 0xE0, 0x07, 0xE0, 0x00, 0x00,
  0x07, 0xE0, 0x0F, 0xE0, 0x00, 0x00, 0x00, 0x00, 0x1E, 0x00, 0x00, 0x00,
  0x00, 0x07, 0x80, 0x00, 0x00, 0x00, 0x01, 0xE0, 0x00, 0x00, 0x00, 0x00,
  0x78, 0x00, 0x00, 0x00, 0x00, 0x1E, 0x00, 0x00, 0x00, 0x00, 0xFF, 0xFC,
  0x00, 0x00, 0x01, 0xFF, 0xFF, 0xE0, 0x00, 0x01, 0xFF, 0xFF, 0xFE, 0x00,
  0x01, 0xFF, 0xFF, 0xFF, 0xC0, 0x00, 0xFF, 0xFF, 0xFF, 0xF8, 0x00, 0x7F,
  0xFF, 0xFF, 0xFF, 0x00, 0x3F, 0xFF, 0xFF, 0xFF, 0xE0, 0x0F, 0xF8, 0x1E,
  0x1F, 0xFC, 0x07, 0xFC, 0x07, 0x81, 0xFF, 0x01, 0xFE, 0x01, 0xE0, 0x3F,
  0xE0, 0xFF, 0x00, 0x78, 0x07, 0xF8, 0x3F, 0xC0, 0x1E, 0x01, 0xFE, 0x1F,
  0xE0, 0x07, 0x80, 0x3F, 0xC7, 0xF8, 0x01, 0xE0, 0x0F, 0xF1, 0xFE, 0x00,
  0x78, 0x03, 0xFC, 0x7F, 0x00, 0x1E, 0x00, 0x7F, 0x1F, 0xC0, 0x07, 0x80,
  0x1F, 0xC7, 0xF0, 0x01, 0xE0, 0x00, 0x01, 0xFE, 0x00, 0x78, 0x00, 0x00,
  0x7F, 0x80, 0x1E, 0x00, 0x00, 0x1F, 0xE0, 0x07, 0x80, 0x00, 0x07, 0xFC,
  0x01, 0xE0, 0x00, 0x00, 0xFF, 0x80, 0x78, 0x00, 0x00, 0x3F, 0xF0, 0x1E,
  0x00, 0x00, 0x0F, 0xFE, 0x07, 0x80, 0x00, 0x01, 0xFF, 0xF1, 0xE0, 0x00,
  0x00, 0x3F, 0xFF, 0xF8, 0x00, 0x00, 0x07, 0xFF, 0xFF, 0x00, 0x00, 0x00,
  0xFF, 0xFF, 0xF8, 0x00, 0x00, 0x1F, 0xFF, 0xFF, 0xC0, 0x00, 0x03, 0xFF,
  0xFF, 0xFE, 0x00, 0x00, 0x1F, 0xFF, 0xFF, 0xE0, 0x00, 0x01, 0xFF, 0xFF,
  0xFC, 0x00, 0x00, 0x07, 0xFF, 0xFF, 0x80, 0x00, 0x00, 0x7F, 0xFF, 0xF0,
  0x00, 0x00, 0x1E, 0x7F, 0xFE, 0x00, 0x00, 0x07, 0x87, 0xFF, 0xC0, 0x00,
  0x01, 0xE0, 0x7F, 0xF0, 0x00, 0x00, 0x78, 0x07, 0xFE, 0x00, 0x00, 0x1E,
  0x00, 0xFF, 0x80, 0x00, 0x07, 0x80, 0x1F, 0xE0, 0x00, 0x01, 0xE0, 0x07,
  0xF8, 0x00, 0x00, 0x78, 0x01, 0xFE, 0xFE, 0x00, 0x1E, 0x00, 0x3F, 0xFF,
  0x80, 0x07, 0x80, 0x0F, 0xFF, 0xE0, 0x01, 0xE0, 0x03, 0xFB, 0xF8, 0x00,
  0x78, 0x00, 0xFE, 0xFF, 0x00, 0x1E, 0x00, 0x3F, 0xBF, 0xC0, 0x07, 0x80,
  0x0F, 0xEF, 0xF0, 0x01, 0xE0, 0x03, 0xFB, 0xFC, 0x00, 0x78, 0x01, 0xFE,
  0x7F, 0x80, 0x1E, 0x00, 0x7F, 0x9F, 0xF0, 0x07, 0x80, 0x3F, 0xC7, 0xFC,
  0x01, 0xE0, 0x0F, 0xF0, 0xFF, 0x80, 0x78, 0x07, 0xF8, 0x3F, 0xF8, 0x1E,
  0x07, 0xFE, 0x07, 0xFF, 0xC7, 0x87, 0xFF, 0x00, 0xFF, 0xFF, 0xFF, 0xFF,
  0x80, 0x1F, 0xFF, 0xFF, 0xFF, 0xC0, 0x03, 0xFF, 0xFF, 0xFF, 0xE0, 0x00,
  0x7F, 0xFF, 0xFF, 0xE0, 0x00, 0x03, 0xFF, 0xFF, 0xE0, 0x00, 0x00, 0x1F,
  0xFF, 0xC0, 0x00, 0x00, 0x00, 0x1E, 0x00, 0x00, 0x00, 0x00, 0x07, 0x80,
  0x00, 0x00, 0x00, 0x01, 0xE0, 0x00, 0x00, 0x00, 0x00, 0x78, 0x00, 0x00,
  0x00, 0x00, 0x1E, 0x00, 0x00, 0x00, 0x00, 0x07, 0x80, 0x00, 0x00, 0x00,
  0x01, 0xE0, 0x00, 0x00, 0x00, 0x00, 0x78, 0x00, 0x00, 0x00, 0x00, 0x00,
  0x00, 0x00, 0x00, 0x3C, 0x00, 0x00, 0x00, 0x1C, 0x00, 0x00, 0x00, 0x01,
  0xF0, 0x00, 0x00, 0x07, 0xFF, 0x00, 0x00, 0x00, 0x0F, 0x80, 0x00, 0x00,
  0x7F, 0xFF, 0x00, 0x00, 0x00, 0x3E, 0x00, 0x00, 0x03, 0xFF, 0xFE, 0x00,
  0x00, 0x01, 0xF0, 0x00, 0x00, 0x3F, 0xFF, 0xFC, 0x00, 0x00, 0x07, 0x80,
  0x00, 0x01, 0xFF, 0xFF, 0xF8, 0x00, 0x00, 0x3E, 0x00, 0x00, 0x07, 0xFF,
  0xFF, 0xF0, 0x00, 0x00, 0xF0, 0x00, 0x00, 0x3F, 0xE0, 0x7F, 0xE0, 0x00,
  0x07, 0xC0, 0x00, 0x01, 0xFF, 0x00, 0x7F, 0x80, 0x00, 0x1E, 0x00, 0x00,
  0x07, 0xF0, 0x00, 0x7F, 0x00, 0x00, 0xF8, 0x00, 0x00, 0x1F, 0x80, 0x01,
  0xFC, 0x00, 0x07, 0xC0, 0x00, 0x00, 0xFE, 0x00, 0x03, 0xF8, 0x00, 0x1F,
  0x00, 0x00, 0x03, 0xF0, 0x00, 0x07, 0xE0, 0x00, 0xF8, 0x00, 0x00, 0x0F,
  0xC0, 0x00, 0x1F, 0x80, 0x03, 0xC0, 0x00, 0x00, 0x3F, 0x00, 0x00, 0x7E,
  0x00, 0x1F, 0x00, 0x00, 0x00, 0xFC, 0x00, 0x01, 0xF8, 0x00, 0x78, 0x00,
  0x00, 0x03, 0xF0, 0x00, 0x07, 0xE0, 0x03, 0xE0, 0x00, 0x00, 0x0F, 0xC0,
  0x00, 0x1F, 0x80, 0x0F, 0x00, 0x00, 0x00, 0x3F, 0x00, 0x00, 0x7E, 0x00,
  0x7C, 0x00, 0x00, 0x00, 0xFE, 0x00, 0x03, 0xF8, 0x03, 0xE0, 0x00, 0x00,
  0x01, 0xF8, 0x00, 0x1F, 0xC0, 0x0F, 0x80, 0x00, 0x00, 0x07, 0xF0, 0x00,
  0x7F, 0x00, 0x7C, 0x00, 0x00, 0x00, 0x1F, 0xE0, 0x07, 0xF8, 0x01, 0xF0,
  0x00, 0x00, 0x00, 0x3F, 0xE0, 0x7F, 0xE0, 0x0F, 0x80, 0x00, 0x00, 0x00,
  0x7F, 0xFF, 0xFF, 0x00, 0x3C, 0x00, 0x00, 0x00, 0x01, 0xFF, 0xFF, 0xF8,
  0x01, 0xF0, 0x00, 0x00, 0x00, 0x03, 0xFF, 0xFF, 0xC0, 0x07, 0x80, 0x00,
  0x00, 0x00, 0x07, 0xFF, 0xFE, 0x00, 0x3E, 0x00, 0x00, 0x00, 0x00, 0x07,
  0xFF, 0xF0, 0x00, 0xF0, 0x00, 0x00, 0x00, 0x00, 0x07, 0xFF, 0x00, 0x07,
  0xC0, 0x00, 0x18, 0x00, 0x00, 0x01, 0x80, 0x00, 0x3E, 0x00, 0x0F, 0xFE,
  0x00, 0x00, 0x00, 0x00, 0x00, 0xF8, 0x00, 0xFF, 0xFE, 0x00, 0x00, 0x00,
  0x00, 0x07, 0xC0, 0x07, 0xFF, 0xFE, 0x00, 0x00, 0x00, 0x00, 0x1E, 0x00,
  0x3F, 0xFF, 0xFC, 0x00, 0x00, 0x00, 0x00, 0xF8, 0x01, 0xFF, 0xFF, 0xF8,
  0x00, 0x00, 0x00, 0x03, 0xC0, 0x0F, 0xFF, 0xFF, 0xE0, 0x00, 0x00, 0x00,
  0x1F, 0x00, 0x7F, 0xE0, 0x7F, 0xC0, 0x00, 0x00, 0x00, 0x78, 0x01, 0xFE,
  0x00, 0x7F, 0x80, 0x00, 0x00, 0x03, 0xE0, 0x0F, 0xE0, 0x00, 0xFE, 0x00,
  0x00, 0x00, 0x1F, 0x00, 0x3F, 0x00, 0x01, 0xFC, 0x00, 0x00, 0x00, 0x7C,
  0x01, 0xFC, 0x00, 0x07, 0xF0, 0x00, 0x00, 0x03, 0xE0, 0x07, 0xE0, 0x00,
  0x0F, 0xC0, 0x00, 0x00, 0x0F, 0x00, 0x1F, 0x80, 0x00, 0x3F, 0x00, 0x00,
  0x00, 0x7C, 0x00, 0x7E, 0x00, 0x00, 0xFC, 0x00, 0x00, 0x01, 0xE0, 0x01,
  0xF8, 0x00, 0x03, 0xF0, 0x00, 0x00, 0x0F, 0x80, 0x07, 0xE0, 0x00, 0x0F,
  0xC0, 0x00, 0x00, 0x3C, 0x00, 0x1F, 0x80, 0x00, 0x3F, 0x00, 0x00, 0x01,
  0xF0, 0x00, 0x7F, 0x00, 0x00, 0xFC, 0x00, 0x00, 0x0F, 0x80, 0x00, 0xFC,
  0x00, 0x07, 0xF0, 0x00, 0x00, 0x3E, 0x00, 0x03, 0xF8, 0x00, 0x3F, 0x80,
  0x00, 0x01, 0xF0, 0x00, 0x0F, 0xF0, 0x01, 0xFE, 0x00, 0x00, 0x07, 0xC0,
  0x00, 0x1F, 0xF0, 0x0F, 0xF0, 0x00, 0x00, 0x3E, 0x00, 0x00, 0x7F, 0xFF,
  0xFF, 0xC0, 0x00, 0x00, 0xF0, 0x00, 0x00, 0xFF, 0xFF, 0xFE, 0x00, 0x00,
  0x07, 0xC0, 0x00, 0x01, 0xFF, 0xFF, 0xF0, 0x00, 0x00, 0x1E, 0x00, 0x00,
  0x03, 0xFF, 0xFF, 0x80, 0x00, 0x00, 0xF8, 0x00, 0x00, 0x07, 0xFF, 0xFC,
  0x00, 0x00, 0x03, 0xC0, 0x00, 0x00, 0x07, 0xFF, 0xC0, 0x00, 0x00, 0x1F,
  0x00, 0x00, 0x00, 0x03, 0xF8, 0x00, 0x00, 0x00, 0xF8, 0x00, 0x00, 0x00,
  0x00, 0x00, 0x00, 0x00, 0x00, 0x7F, 0xC0, 0x00, 0x00, 0x00, 0x00, 0x3F,
  0xFF, 0x00, 0x00, 0x00, 0x00, 0x1F, 0xFF, 0xF8, 0x00, 0x00, 0x00, 0x07,
  0xFF, 0xFF, 0x80, 0x00, 0x00, 0x01, 0xFF, 0xFF, 0xF8, 0x00, 0x00, 0x00,
  0x7F, 0xFF, 0xFF, 0x00, 0x00, 0x00, 0x1F, 0xFF, 0xFF, 0xF0, 0x00, 0x00,
  0x03, 0xFE, 0x03, 0xFF, 0x00, 0x00, 0x00, 0xFF, 0x00, 0x1F, 0xE0, 0x00,
  0x00, 0x1F, 0xE0, 0x03, 0xFC, 0x00, 0x00, 0x03, 0xF8, 0x00, 0x3F, 0x80,
  0x00, 0x00, 0xFF, 0x00, 0x07, 0xF8, 0x00, 0x00, 0x1F, 0xE0, 0x00, 0xFF,
  0x00, 0x00, 0x03, 0xF8, 0x00, 0x0F, 0xE0, 0x00, 0x00, 0x7F, 0x80, 0x03,
  0xF8, 0x00, 0x00, 0x0F, 0xF0, 0x00, 0x7F, 0x00, 0x00, 0x01, 0xFE, 0x00,
  0x0F, 0xE0, 0x00, 0x00, 0x1F, 0xE0, 0x01, 0xFC, 0x00, 0x00, 0x03, 0xFC,
  0x00, 0x7F, 0x80, 0x00, 0x00, 0x7F, 0xC0, 0x1F, 0xE0, 0x00, 0x00, 0x07,
  0xF8, 0x07, 0xFC, 0x00, 0x00, 0x00, 0xFF, 0x81, 0xFF, 0x00, 0x00, 0x00,
  0x0F, 0xF8, 0x7F, 0xC0, 0x00, 0x00, 0x01, 0xFF, 0x9F, 0xF8, 0x00, 0x00,
  0x00, 0x1F, 0xFF, 0xFE, 0x00, 0x00, 0x00, 0x01, 0xFF, 0xFF, 0x00, 0x00,
  0x00, 0x00, 0x1F, 0xFF, 0xC0, 0x00, 0x00, 0x00, 0x03, 0xFF, 0xF0, 0x00,
  0x00, 0x00, 0x00, 0xFF, 0xFC, 0x00, 0x00, 0x00, 0x00, 0x3F, 0xFF, 0x00,
  0x00, 0x00, 0x00, 0x1F, 0xFF, 0xF0, 0x00, 0x00, 0x00, 0x07, 0xFF, 0xFE,
  0x00, 0x00, 0x00, 0x01, 0xFF, 0xFF, 0xE0, 0x00, 0x00, 0x00, 0xFF, 0xF7,
  0xFE, 0x00, 0x7F, 0x00, 0x3F, 0xF8, 0x7F, 0xE0, 0x0F, 0xE0, 0x0F, 0xFE,
  0x07, 0xFE, 0x01, 0xFC, 0x01, 0xFF, 0x80, 0x7F, 0xE0, 0x3F, 0x80, 0x7F,
  0xE0, 0x07, 0xFE, 0x0F, 0xF0, 0x1F, 0xF0, 0x00, 0x7F, 0xC1, 0xFC, 0x03,
  0xFE, 0x00, 0x0F, 0xFC, 0x3F, 0x80, 0x7F, 0x80, 0x00, 0xFF, 0xCF, 0xF0,
  0x1F, 0xE0, 0x00, 0x0F, 0xFD, 0xFE, 0x03, 0xFC, 0x00, 0x00, 0xFF, 0xFF,
  0x80, 0x7F, 0x80, 0x00, 0x0F, 0xFF, 0xF0, 0x0F, 0xF0, 0x00, 0x00, 0xFF,
  0xFE, 0x01, 0xFC, 0x00, 0x00, 0x1F, 0xFF, 0x80, 0x3F, 0x80, 0x00, 0x01,
  0xFF, 0xF0, 0x07, 0xF0, 0x00, 0x00, 0x1F, 0xFC, 0x00, 0xFF, 0x00, 0x00,
  0x01, 0xFF, 0x80, 0x1F, 0xE0, 0x00, 0x00, 0x1F, 0xF0, 0x03, 0xFC, 0x00,
  0x00, 0x07, 0xFF, 0x00, 0x7F, 0xC0, 0x00, 0x01, 0xFF, 0xF0, 0x07, 0xF8,
  0x00, 0x00, 0x7F, 0xFF, 0x00, 0xFF, 0x80, 0x00, 0x1F, 0xFF, 0xF0, 0x0F,
  0xFC, 0x00, 0x0F, 0xFF, 0xFE, 0x01, 0xFF, 0xE0, 0x07, 0xFF, 0x3F, 0xE0,
  0x1F, 0xFF, 0xFF, 0xFF, 0xC7, 0xFE, 0x01, 0xFF, 0xFF, 0xFF, 0xF0, 0x7F,
  0xE0, 0x1F, 0xFF, 0xFF, 0xFC, 0x07, 0xFE, 0x01, 0xFF, 0xFF, 0xFE, 0x00,
  0x7F, 0xC0, 0x1F, 0xFF, 0xFF, 0x80, 0x0F, 0xFC, 0x00, 0xFF, 0xFF, 0xC0,
  0x00, 0xFF, 0xC0, 0x03, 0xFF, 0x80, 0x00, 0x00, 0x00, 0xFF, 0xFF, 0xFF,
  0xFF, 0xFF, 0xFF, 0xFF, 0xFF, 0xFF, 0xFF, 0xFF, 0xFF, 0xBF, 0x7E, 0xFC,
  0xF9, 0xF3, 0xE7, 0xCF, 0x9F, 0x3E, 0x7C, 0x00, 0x03, 0xE0, 0x00, 0x7E,
  0x00, 0x07, 0xC0, 0x00, 0xFC, 0x00, 0x1F, 0x80, 0x01, 0xF8, 0x00, 0x3F,
  0x00, 0x03, 0xF0, 0x00, 0x7E, 0x00, 0x0F, 0xE0, 0x00, 0xFC, 0x00, 0x1F,
  0xC0, 0x01, 0xF8, 0x00, 0x3F, 0x80, 0x03, 0xF0, 0x00, 0x7F, 0x00, 0x07,
  0xF0, 0x00, 0xFE, 0x00, 0x0F, 0xE0, 0x01, 0xFE, 0x00, 0x1F, 0xC0, 0x01,
  0xFC, 0x00, 0x3F, 0xC0, 0x03, 0xFC, 0x00, 0x3F, 0x80, 0x03, 0xF8, 0x00,
  0x7F, 0x80, 0x07, 0xF8, 0x00, 0x7F, 0x80, 0x07, 0xF8, 0x00, 0x7F, 0x00,
  0x07, 0xF0, 0x00, 0xFF, 0x00, 0x0F, 0xF0, 0x00, 0xFF, 0x00, 0x0F, 0xF0,
  0x00, 0xFF, 0x00, 0x0F, 0xF0, 0x00, 0xFF, 0x00, 0x0F, 0xF0, 0x00, 0xFF,
  0x00, 0x0F, 0xF0, 0x00, 0xFF, 0x00, 0x0F, 0xF0, 0x00, 0xFF, 0x00, 0x0F,
  0xF0, 0x00, 0xFF, 0x00, 0x0F, 0xF0, 0x00, 0x7F, 0x00, 0x07, 0xF0, 0x00,
  0x7F, 0x80, 0x07, 0xF8, 0x00, 0x7F, 0x80, 0x07, 0xF8, 0x00, 0x3F, 0x80,
  0x03, 0xF8, 0x00, 0x3F, 0xC0, 0x01, 0xFC, 0x00, 0x1F, 0xC0, 0x01, 0xFC,
  0x00, 0x0F, 0xE0, 0x00, 0xFE, 0x00, 0x0F, 0xE0, 0x00, 0x7F, 0x00, 0x07,
  0xF0, 0x00, 0x3F, 0x80, 0x03, 0xF8, 0x00, 0x1F, 0x80, 0x01, 0xFC, 0x00,
  0x0F, 0xC0, 0x00, 0xFE, 0x00, 0x07, 0xE0, 0x00, 0x3F, 0x00, 0x03, 0xF0,
  0x00, 0x1F, 0x80, 0x00, 0xF8, 0x00, 0x0F, 0xC0, 0x00, 0x7C, 0x00, 0x07,
  0xE0, 0x00, 0x3F, 0xF8, 0x00, 0x0F, 0x80, 0x01, 0xF8, 0x00, 0x1F, 0x00,
  0x03, 0xF0, 0x00, 0x3E, 0x00, 0x07, 0xE0, 0x00, 0x7E, 0x00, 0x0F, 0xC0,
  0x00, 0xFC, 0x00, 0x1F, 0x80, 0x01, 0xF8, 0x00, 0x3F, 0x80, 0x07, 0xF0,
  0x00, 0x7F, 0x00, 0x0F, 0xE0, 0x00, 0xFE, 0x00, 0x1F, 0xC0, 0x03, 0xF8,
  0x00, 0x3F, 0x80, 0x07, 0xF0, 0x00, 0xFF, 0x00, 0x1F, 0xE0, 0x01, 0xFC,
  0x00, 0x3F, 0x80, 0x07, 0xF8, 0x00, 0xFF, 0x00, 0x1F, 0xE0, 0x01, 0xFC,
  0x00, 0x3F, 0xC0, 0x07, 0xF8, 0x00, 0xFF, 0x00, 0x1F, 0xE0, 0x03, 0xFC,
  0x00, 0x7F, 0x80, 0x0F, 0xF0, 0x01, 0xFE, 0x00, 0x3F, 0xC0, 0x03, 0xF8,
  0x00, 0x7F, 0x00, 0x0F, 0xE0, 0x01, 0xFC, 0x00, 0x7F, 0x80, 0x0F, 0xF0,
  0x01, 0xFE, 0x00, 0x3F, 0xC0, 0x07, 0xF8, 0x00, 0xFF, 0x00, 0x1F, 0xE0,
  0x03, 0xFC, 0x00, 0x7F, 0x80, 0x0F, 0xE0, 0x01, 0xFC, 0x00, 0x7F, 0x80,
  0x0F, 0xF0, 0x01, 0xFE, 0x00, 0x3F, 0x80, 0x07, 0xF0, 0x01, 0xFE, 0x00,
  0x3F, 0x80, 0x07, 0xF0, 0x01, 0xFE, 0x00, 0x3F, 0x80, 0x07, 0xF0, 0x01,
  0xFC, 0x00, 0x3F, 0x80, 0x0F, 0xE0, 0x01, 0xFC, 0x00, 0x3F, 0x00, 0x0F,
  0xE0, 0x01, 0xF8, 0x00, 0x7E, 0x00, 0x0F, 0xC0, 0x03, 0xF0, 0x00, 0x7E,
  0x00, 0x1F, 0x80, 0x03, 0xE0, 0x00, 0xFC, 0x00, 0x1F, 0x00, 0x07, 0xE0,
  0x00, 0x00, 0x1F, 0x00, 0x00, 0x03, 0xE0, 0x00, 0x00, 0x7C, 0x00, 0x00,
  0x0F, 0x80, 0x00, 0x01, 0xF0, 0x00, 0x00, 0x3E, 0x00, 0x08, 0x07, 0xC0,
  0x23, 0xE0, 0xF8, 0x3E, 0x7F, 0x9F, 0x3F, 0xCF, 0xFF, 0xFF, 0xFB, 0xFF,
  0xFF, 0xFF, 0x9F, 0xFF, 0xFF, 0xC0, 0x3F, 0xFF, 0x80, 0x00, 0xFF, 0x80,
  0x00, 0x1F, 0xF0, 0x00, 0x07, 0xFF, 0x00, 0x01, 0xFF, 0xF0, 0x00, 0x3F,
  0x7E, 0x00, 0x0F, 0xC7, 0xE0, 0x03, 0xF8, 0x7E, 0x00, 0x7E, 0x0F, 0xC0,
  0x1F, 0x80, 0xFC, 0x01, 0xE0, 0x0F, 0x00, 0x1C, 0x01, 0xC0, 0x00, 0x80,
  0x10, 0x00, 0x00, 0x00, 0x3F, 0x80, 0x00, 0x00, 0x00, 0x03, 0xF8, 0x00,
  0x00, 0x00, 0x00, 0x3F, 0x80, 0x00, 0x00, 0x00, 0x03, 0xF8, 0x00, 0x00,
  0x00, 0x00, 0x3F, 0x80, 0x00, 0x00, 0x00, 0x03, 0xF8, 0x00, 0x00, 0x00,
  0x00, 0x3F, 0x80, 0x00, 0x00, 0x00, 0x03, 0xF8, 0x00, 0x00, 0x00, 0x00,
  0x3F, 0x80, 0x00, 0x00, 0x00, 0x03, 0xF8, 0x00, 0x00, 0x00, 0x00, 0x3F,
  0x80, 0x00, 0x00, 0x00, 0x03, 0xF8, 0x00, 0x00, 0x00, 0x00, 0x3F, 0x80,
  0x00, 0x00, 0x00, 0x03, 0xF8, 0x00, 0x00, 0x00, 0x00, 0x3F, 0x80, 0x00,
  0x00, 0x00, 0x03, 0xF8, 0x00, 0x00, 0x00, 0x00, 0x3F, 0x80, 0x00, 0x00,
  0x00, 0x03, 0xF8, 0x00, 0x00, 0x00, 0x00, 0x3F, 0x80, 0x00, 0x0F, 0xFF,
  0xFF, 0xFF, 0xFF, 0xFF, 0xFF, 0xFF, 0xFF, 0xFF, 0xFF, 0xFF, 0xFF, 0xFF,
  0xFF, 0xFF, 0xFF, 0xFF, 0xFF, 0xFF, 0xFF, 0xFF, 0xFF, 0xFF, 0xFF, 0xFF,
  0xFF, 0xFF, 0xFF, 0xFF, 0xFF, 0xFF, 0xFF, 0xFF, 0xFF, 0xFF, 0xFF, 0xFF,
  0xFF, 0x00, 0x00, 0x3F, 0x80, 0x00, 0x00, 0x00, 0x03, 0xF8, 0x00, 0x00,
  0x00, 0x00, 0x3F, 0x80, 0x00, 0x00, 0x00, 0x03, 0xF8, 0x00, 0x00, 0x00,
  0x00, 0x3F, 0x80, 0x00, 0x00, 0x00, 0x03, 0xF8, 0x00, 0x00, 0x00, 0x00,
  0x3F, 0x80, 0x00, 0x00, 0x00, 0x03, 0xF8, 0x00, 0x00, 0x00, 0x00, 0x3F,
  0x80, 0x00, 0x00, 0x00, 0x03, 0xF8, 0x00, 0x00, 0x00, 0x00, 0x3F, 0x80,
  0x00, 0x00, 0x00, 0x03, 0xF8, 0x00, 0x00, 0x00, 0x00, 0x3F, 0x80, 0x00,
  0x00, 0x00, 0x03, 0xF8, 0x00, 0x00, 0x00, 0x00, 0x3F, 0x80, 0x00, 0x00,
  0x00, 0x03, 0xF8, 0x00, 0x00, 0x00, 0x00, 0x3F, 0x80, 0x00, 0x00, 0x00,
  0x03, 0xF8, 0x00, 0x00, 0xFF, 0xFF, 0xFF, 0xFF, 0xFF, 0xFF, 0xFF, 0xFF,
  0xFF, 0xFF, 0x83, 0xC1, 0xE0, 0xF0, 0x78, 0x78, 0x3C, 0x3E, 0x1E, 0x3F,
  0x3F, 0x1F, 0x0F, 0x04, 0x00, 0xFF, 0xFF, 0xFF, 0xFF, 0xFF, 0xFF, 0xFF,
  0xFF, 0xFF, 0xFF, 0xFF, 0xFF, 0xFF, 0xFF, 0xFF, 0xFF, 0xFF, 0xFF, 0xFF,
  0xFF, 0xFF, 0xFF, 0xFF, 0xFF, 0xFF, 0xFF, 0xFF, 0xFF, 0xFF, 0xFF, 0xFF,
  0x80, 0x00, 0x00, 0x1F, 0xC0, 0x00, 0x07, 0xE0, 0x00, 0x01, 0xF8, 0x00,
  0x00, 0xFE, 0x00, 0x00, 0x3F, 0x80, 0x00, 0x0F, 0xC0, 0x00, 0x07, 0xF0,
  0x00, 0x01, 0xFC, 0x00, 0x00, 0x7E, 0x00, 0x00, 0x1F, 0x80, 0x00, 0x0F,
  0xE0, 0x00, 0x03, 0xF0, 0x00, 0x00, 0xFC, 0x00, 0x00, 0x7F, 0x00, 0x00,
  0x1F, 0x80, 0x00, 0x07, 0xE0, 0x00, 0x03, 0xF8, 0x00, 0x00, 0xFC, 0x00,
  0x00, 0x3F, 0x00, 0x00, 0x1F, 0xC0, 0x00, 0x07, 0xE0, 0x00, 0x01, 0xF8,
  0x00, 0x00, 0xFE, 0x00, 0x00, 0x3F, 0x00, 0x00, 0x0F, 0xC0, 0x00, 0x07,
  0xF0, 0x00, 0x01, 0xFC, 0x00, 0x00, 0x7E, 0x00, 0x00, 0x3F, 0x80, 0x00,
  0x0F, 0xE0, 0x00, 0x03, 0xF0, 0x00, 0x00, 0xFC, 0x00, 0x00, 0x7F, 0x00,
  0x00, 0x1F, 0x80, 0x00, 0x07, 0xE0, 0x00, 0x03, 0xF8, 0x00, 0x00, 0xFC,
  0x00, 0x00, 0x3F, 0x00, 0x00, 0x1F, 0xC0, 0x00, 0x07, 0xE0, 0x00, 0x01,
  0xF8, 0x00, 0x00, 0xFE, 0x00, 0x00, 0x3F, 0x00, 0x00, 0x0F, 0xC0, 0x00,
  0x07, 0xF0, 0x00, 0x01, 0xF8, 0x00, 0x00, 0x7E, 0x00, 0x00, 0x3F, 0x80,
  0x00, 0x0F, 0xE0, 0x00, 0x03, 0xF0, 0x00, 0x01, 0xFC, 0x00, 0x00, 0x7F,
  0x00, 0x00, 0x1F, 0x80, 0x00, 0x07, 0xE0, 0x00, 0x03, 0xF8, 0x00, 0x00,
  0xFC, 0x00, 0x00, 0x3F, 0x00, 0x00, 0x1F, 0xC0, 0x00, 0x07, 0xE0, 0x00,
  0x01, 0xF8, 0x00, 0x00, 0xFE, 0x00, 0x00, 0x00, 0x00, 0x00, 0x1C, 0x00,
  0x00, 0x00, 0x01, 0xFF, 0xF0, 0x00, 0x00, 0x07, 0xFF, 0xFF, 0x00, 0x00,
  0x07, 0xFF, 0xFF, 0xC0, 0x00, 0x07, 0xFF, 0xFF, 0xF8, 0x00, 0x0F, 0xFF,
  0xFF, 0xFE, 0x00, 0x07, 0xFF, 0xFF, 0xFF, 0x80, 0x07, 0xFF, 0x01, 0xFF,
  0xE0, 0x07, 0xFE, 0x00, 0x3F, 0xF0, 0x07, 0xFE, 0x00, 0x07, 0xFC, 0x03,
  0xFE, 0x00, 0x01, 0xFE, 0x03, 0xFE, 0x00, 0x00, 0xFF, 0x81, 0xFE, 0x00,
  0x00, 0x3F, 0xC0, 0xFF, 0x00, 0x00, 0x1F, 0xF0, 0xFF, 0x00, 0x00, 0x07,
  0xF8, 0x7F, 0x80, 0x00, 0x03, 0xFC, 0x3F, 0xC0, 0x00, 0x01, 0xFF, 0x3F,
  0xC0, 0x00, 0x00, 0x7F, 0x9F, 0xE0, 0x00, 0x00, 0x3F, 0xCF, 0xF0, 0x00,
  0x00, 0x1F, 0xE7, 0xF8, 0x00, 0x00, 0x0F, 0xF7, 0xFC, 0x00, 0x00, 0x07,
  0xFF, 0xFC, 0x00, 0x00, 0x01, 0xFF, 0xFE, 0x00, 0x00, 0x00, 0xFF, 0xFF,
  0x00, 0x00, 0x00, 0x7F, 0xFF, 0x80, 0x00, 0x00, 0x3F, 0xFF, 0xC0, 0x00,
  0x00, 0x1F, 0xFF, 0xE0, 0x00, 0x00, 0x0F, 0xFF, 0xF0, 0x00, 0x00, 0x07,
  0xFF, 0xF8, 0x00, 0x00, 0x03, 0xFF, 0xFC, 0x00, 0x00, 0x01, 0xFF, 0xFE,
  0x00, 0x00, 0x00, 0xFF, 0xFF, 0x00, 0x00, 0x00, 0x7F, 0xFF, 0x80, 0x00,
  0x00, 0x3F, 0xFF, 0xC0, 0x00, 0x00, 0x1F, 0xFF, 0xE0, 0x00, 0x00, 0x0F,
  0xFF, 0xF0, 0x00, 0x00, 0x07, 0xFF, 0xF8, 0x00, 0x00, 0x03, 0xFF, 0xFC,
  0x00, 0x00, 0x01, 0xFF, 0xFE, 0x00, 0x00, 0x00, 0xFF, 0xFF, 0x00, 0x00,
  0x00, 0xFF, 0x7F, 0xC0, 0x00, 0x00, 0x7F, 0x9F, 0xE0, 0x00, 0x00, 0x3F,
  0xCF, 0xF0, 0x00, 0x00, 0x1F, 0xE7, 0xF8, 0x00, 0x00, 0x0F, 0xF3, 0xFC,
  0x00, 0x00, 0x07, 0xF0, 0xFF, 0x00, 0x00, 0x07, 0xF8, 0x7F, 0x80, 0x00,
  0x03, 0xFC, 0x3F, 0xE0, 0x00, 0x03, 0xFC, 0x0F, 0xF0, 0x00, 0x01, 0xFE,
  0x07, 0xFC, 0x00, 0x01, 0xFF, 0x03, 0xFE, 0x00, 0x00, 0xFF, 0x00, 0xFF,
  0x80, 0x00, 0xFF, 0x00, 0x3F, 0xE0, 0x01, 0xFF, 0x80, 0x1F, 0xFC, 0x01,
  0xFF, 0x80, 0x07, 0xFF, 0xFF, 0xFF, 0x80, 0x01, 0xFF, 0xFF, 0xFF, 0xC0,
  0x00, 0x7F, 0xFF, 0xFF, 0xC0, 0x00, 0x1F, 0xFF, 0xFF, 0xC0, 0x00, 0x07,
  0xFF, 0xFF, 0x80, 0x00, 0x00, 0xFF, 0xFF, 0x00, 0x00, 0x00, 0x0F, 0xFC,
  0x00, 0x00, 0x00, 0x00, 0xFC, 0x00, 0x03, 0xF0, 0x00, 0x0F, 0xC0, 0x00,
  0x7F, 0x00, 0x01, 0xFC, 0x00, 0x07, 0xF0, 0x00, 0x3F, 0xC0, 0x01, 0xFF,
  0x00, 0x0F, 0xFC, 0x00, 0xFF, 0xF0, 0x1F, 0xFF, 0xDF, 0xFF, 0xFF, 0xFF,
  0xFF, 0xFF, 0xFF, 0xFF, 0xFF, 0xFF, 0xFF, 0xFF, 0xFF, 0xFF, 0xFF, 0xFF,
  0xFC, 0x00, 0x0F, 0xF0, 0x00, 0x3F, 0xC0, 0x00, 0xFF, 0x00, 0x03, 0xFC,
  0x00, 0x0F, 0xF0, 0x00, 0x3F, 0xC0, 0x00, 0xFF, 0x00, 0x03, 0xFC, 0x00,
  0x0F, 0xF0, 0x00, 0x3F, 0xC0, 0x00, 0xFF, 0x00, 0x03, 0xFC, 0x00, 0x0F,
  0xF0, 0x00, 0x3F, 0xC0, 0x00, 0xFF, 0x00, 0x03, 0xFC, 0x00, 0x0F, 0xF0,
  0x00, 0x3F, 0xC0, 0x00, 0xFF, 0x00, 0x03, 0xFC, 0x00, 0x0F, 0xF0, 0x00,
  0x3F, 0xC0, 0x00, 0xFF, 0x00, 0x03, 0xFC, 0x00, 0x0F, 0xF0, 0x00, 0x3F,
  0xC0, 0x00, 0xFF, 0x00, 0x03, 0xFC, 0x00, 0x0F, 0xF0, 0x00, 0x3F, 0xC0,
  0x00, 0xFF, 0x00, 0x03, 0xFC, 0x00, 0x0F, 0xF0, 0x00, 0x3F, 0xC0, 0x00,
  0xFF, 0x00, 0x03, 0xFC, 0x00, 0x0F, 0xF0, 0x00, 0x3F, 0xC0, 0x00, 0xFF,
  0x00, 0x03, 0xFC, 0x00, 0x0F, 0xF0, 0x00, 0x3F, 0xC0, 0x00, 0xFF, 0x00,
  0x00, 0xFF, 0xE0, 0x00, 0x00, 0x07, 0xFF, 0xFF, 0x00, 0x00, 0x0F, 0xFF,
  0xFF, 0xE0, 0x00, 0x0F, 0xFF, 0xFF, 0xF8, 0x00, 0x1F, 0xFF, 0xFF, 0xFE,
  0x00, 0x1F, 0xFF, 0xFF, 0xFF, 0x80, 0x0F, 0xFF, 0xFF, 0xFF, 0xE0, 0x0F,
  0xFE, 0x00, 0x7F, 0xF8, 0x0F, 0xFC, 0x00, 0x0F, 0xFE, 0x07, 0xFC, 0x00,
  0x01, 0xFF, 0x07, 0xFC, 0x00, 0x00, 0x7F, 0xC3, 0xFC, 0x00, 0x00, 0x3F,
  0xE3, 0xFE, 0x00, 0x00, 0x0F, 0xF1, 0xFE, 0x00, 0x00, 0x07, 0xFC, 0xFF,
  0x00, 0x00, 0x03, 0xFE, 0x7F, 0x80, 0x00, 0x00, 0xFF, 0x3F, 0x80, 0x00,
  0x00, 0x7F, 0xBF, 0xC0, 0x00, 0x00, 0x3F, 0xDF, 0xE0, 0x00, 0x00, 0x1F,
  0xEF, 0xF0, 0x00, 0x00, 0x0F, 0xF7, 0xF8, 0x00, 0x00, 0x07, 0xF8, 0x00,
  0x00, 0x00, 0x07, 0xFC, 0x00, 0x00, 0x00, 0x03, 0xFE, 0x00, 0x00, 0x00,
  0x03, 0xFF, 0x00, 0x00, 0x00, 0x01, 0xFF, 0x00, 0x00, 0x00, 0x01, 0xFF,
  0x80, 0x00, 0x00, 0x01, 0xFF, 0x80, 0x00, 0x00, 0x01, 0xFF, 0xC0, 0x00,
  0x00, 0x03, 0xFF, 0xC0, 0x00, 0x00, 0x03, 0xFF, 0xC0, 0x00, 0x00, 0x07,
  0xFF, 0xC0, 0x00, 0x00, 0x07, 0xFF, 0xC0, 0x00, 0x00, 0x0F, 0xFF, 0xC0,
  0x00, 0x00, 0x1F, 0xFF, 0x80, 0x00, 0x00, 0x3F, 0xFF, 0x80, 0x00, 0x00,
  0x3F, 0xFF, 0x00, 0x00, 0x00, 0x7F, 0xFF, 0x00, 0x00, 0x00, 0xFF, 0xFE,
  0x00, 0x00, 0x00, 0xFF, 0xFC, 0x00, 0x00, 0x00, 0xFF, 0xFC, 0x00, 0x00,
  0x01, 0xFF, 0xF8, 0x00, 0x00, 0x01, 0xFF, 0xF0, 0x00, 0x00, 0x00, 0xFF,
  0xE0, 0x00, 0x00, 0x00, 0xFF, 0xE0, 0x00, 0x00, 0x00, 0xFF, 0xC0, 0x00,
  0x00, 0x00, 0xFF, 0xC0, 0x00, 0x00, 0x00, 0x7F, 0xC0, 0x00, 0x00, 0x00,
  0x7F, 0xC0, 0x00, 0x00, 0x00, 0x3F, 0xC0, 0x00, 0x00, 0x00, 0x1F, 0xE0,
  0x00, 0x00, 0x00, 0x1F, 0xE0, 0x00, 0x00, 0x00, 0x0F, 0xF0, 0x00, 0x00,
  0x00, 0x07, 0xF0, 0x00, 0x00, 0x00, 0x03, 0xFF, 0xFF, 0xFF, 0xFF, 0xFF,
  0xFF, 0xFF, 0xFF, 0xFF, 0xFF, 0xFF, 0xFF, 0xFF, 0xFF, 0xFF, 0xFF, 0xFF,
  0xFF, 0xFF, 0xFF, 0xFF, 0xFF, 0xFF, 0xFF, 0xFF, 0xFF, 0xFF, 0xFF, 0xFF,
  0xFF, 0xFF, 0xFF, 0xFF, 0xFF, 0xFF, 0xF0, 0x00, 0x00, 0x1C, 0x00, 0x00,
  0x00, 0x01, 0xFF, 0xFE, 0x00, 0x00, 0x01, 0xFF, 0xFF, 0xF0, 0x00, 0x01,
  0xFF, 0xFF, 0xFE, 0x00, 0x00, 0xFF, 0xFF, 0xFF, 0xE0, 0x00, 0x7F, 0xFF,
  0xFF, 0xFC, 0x00, 0x3F, 0xFF, 0xFF, 0xFF, 0x80, 0x1F, 0xFE, 0x01, 0xFF,
  0xE0, 0x0F, 0xFE, 0x00, 0x1F, 0xFC, 0x03, 0xFE, 0x00, 0x01, 0xFF, 0x81,
  0xFF, 0x00, 0x00, 0x3F, 0xE0, 0x7F, 0x80, 0x00, 0x07, 0xF8, 0x1F, 0xE0,
  0x00, 0x01, 0xFE, 0x0F, 0xF0, 0x00, 0x00, 0x3F, 0xC3, 0xFC, 0x00, 0x00,
  0x0F, 0xF0, 0xFF, 0x00, 0x00, 0x03, 0xFC, 0x3F, 0x80, 0x00, 0x00, 0xFF,
  0x0F, 0xE0, 0x00, 0x00, 0x3F, 0xC3, 0xF8, 0x00, 0x00, 0x0F, 0xF0, 0xFE,
  0x00, 0x00, 0x03, 0xF8, 0x00, 0x00, 0x00, 0x01, 0xFE, 0x00, 0x00, 0x00,
  0x00, 0x7F, 0x80, 0x00, 0x00, 0x00, 0x3F, 0xC0, 0x00, 0x00, 0x00, 0x1F,
  0xF0, 0x00, 0x00, 0x00, 0x1F, 0xF8, 0x00, 0x00, 0x00, 0x1F, 0xFC, 0x00,
  0x00, 0x0F, 0xFF, 0xFE, 0x00, 0x00, 0x03, 0xFF, 0xFF, 0x00, 0x00, 0x00,
  0xFF, 0xFF, 0x00, 0x00, 0x00, 0x3F, 0xFF, 0xF8, 0x00, 0x00, 0x0F, 0xFF,
  0xFF, 0x80, 0x00, 0x03, 0xFF, 0xFF, 0xF0, 0x00, 0x00, 0xFF, 0xFF, 0xFE,
  0x00, 0x00, 0x00, 0x07, 0xFF, 0x80, 0x00, 0x00, 0x00, 0x7F, 0xF0, 0x00,
  0x00, 0x00, 0x07, 0xFE, 0x00, 0x00, 0x00, 0x00, 0xFF, 0x80, 0x00, 0x00,
  0x00, 0x3F, 0xE0, 0x00, 0x00, 0x00, 0x07, 0xFC, 0x00, 0x00, 0x00, 0x01,
  0xFF, 0x00, 0x00, 0x00, 0x00, 0x3F, 0xC0, 0x00, 0x00, 0x00, 0x0F, 0xFF,
  0xF0, 0x00, 0x00, 0x03, 0xFF, 0xFC, 0x00, 0x00, 0x00, 0xFF, 0xFF, 0x00,
  0x00, 0x00, 0x3F, 0xFF, 0xC0, 0x00, 0x00, 0x0F, 0xFF, 0xF8, 0x00, 0x00,
  0x03, 0xFD, 0xFE, 0x00, 0x00, 0x01, 0xFF, 0x7F, 0x80, 0x00, 0x00, 0x7F,
  0x9F, 0xF0, 0x00, 0x00, 0x1F, 0xE3, 0xFC, 0x00, 0x00, 0x0F, 0xF8, 0xFF,
  0x80, 0x00, 0x07, 0xFC, 0x3F, 0xF0, 0x00, 0x03, 0xFF, 0x07, 0xFE, 0x00,
  0x01, 0xFF, 0x80, 0xFF, 0xE0, 0x01, 0xFF, 0xC0, 0x3F, 0xFF, 0xFF, 0xFF,
  0xF0, 0x07, 0xFF, 0xFF, 0xFF, 0xF0, 0x00, 0xFF, 0xFF, 0xFF, 0xF8, 0x00,
  0x1F, 0xFF, 0xFF, 0xFC, 0x00, 0x01, 0xFF, 0xFF, 0xFC, 0x00, 0x00, 0x1F,
  0xFF, 0xFC, 0x00, 0x00, 0x00, 0xFF, 0xF0, 0x00, 0x00, 0x00, 0x00, 0x00,
  0x1F, 0xC0, 0x00, 0x00, 0x00, 0x03, 0xF8, 0x00, 0x00, 0x00, 0x00, 0xFF,
  0x00, 0x00, 0x00, 0x00, 0x3F, 0xE0, 0x00, 0x00, 0x00, 0x0F, 0xFC, 0x00,
  0x00, 0x00, 0x01, 0xFF, 0x80, 0x00, 0x00, 0x00, 0x7F, 0xF0, 0x00, 0x00,
  0x00, 0x1F, 0xFE, 0x00, 0x00, 0x00, 0x03, 0xFF, 0xC0, 0x00, 0x00, 0x00,
  0xFF, 0xF8, 0x00, 0x00, 0x00, 0x3F, 0xFF, 0x00, 0x00, 0x00, 0x0F, 0xFF,
  0xE0, 0x00, 0x00, 0x01, 0xFF, 0xFC, 0x00, 0x00, 0x00, 0x7F, 0x7F, 0x80,
  0x00, 0x00, 0x1F, 0xEF, 0xF0, 0x00, 0x00, 0x03, 0xF9, 0xFE, 0x00, 0x00,
  0x00, 0xFE, 0x3F, 0xC0, 0x00, 0x00, 0x3F, 0x87, 0xF8, 0x00, 0x00, 0x0F,
  0xF0, 0xFF, 0x00, 0x00, 0x01, 0xFC, 0x1F, 0xE0, 0x00, 0x00, 0x7F, 0x03,
  0xFC, 0x00, 0x00, 0x1F, 0xE0, 0x7F, 0x80, 0x00, 0x07, 0xF8, 0x0F, 0xF0,
  0x00, 0x00, 0xFE, 0x01, 0xFE, 0x00, 0x00, 0x3F, 0x80, 0x3F, 0xC0, 0x00,
  0x0F, 0xF0, 0x07, 0xF8, 0x00, 0x01, 0xFC, 0x00, 0xFF, 0x00, 0x00, 0x7F,
  0x00, 0x1F, 0xE0, 0x00, 0x1F, 0xE0, 0x03, 0xFC, 0x00, 0x07, 0xF8, 0x00,
  0x7F, 0x80, 0x00, 0xFE, 0x00, 0x0F, 0xF0, 0x00, 0x3F, 0x80, 0x01, 0xFE,
  0x00, 0x0F, 0xF0, 0x00, 0x3F, 0xC0, 0x01, 0xFC, 0x00, 0x07, 0xF8, 0x00,
  0x7F, 0x00, 0x00, 0xFF, 0x00, 0x1F, 0xE0, 0x00, 0x1F, 0xE0, 0x07, 0xF8,
  0x00, 0x03, 0xFC, 0x00, 0xFE, 0x00, 0x00, 0x7F, 0x80, 0x3F, 0xC0, 0x00,
  0x0F, 0xF0, 0x07, 0xFF, 0xFF, 0xFF, 0xFF, 0xFF, 0xFF, 0xFF, 0xFF, 0xFF,
  0xFF, 0xFF, 0xFF, 0xFF, 0xFF, 0xFF, 0xFF, 0xFF, 0xFF, 0xFF, 0xFF, 0xFF,
  0xFF, 0xFF, 0xFF, 0xFF, 0xFF, 0xFF, 0xFF, 0xFF, 0xFF, 0xFF, 0xFF, 0xFF,
  0xFF, 0xFF, 0xFF, 0xFF, 0xC0, 0x00, 0x00, 0x07, 0xF0, 0x00, 0x00, 0x00,
  0x00, 0xFE, 0x00, 0x00, 0x00, 0x00, 0x1F, 0xC0, 0x00, 0x00, 0x00, 0x03,
  0xF8, 0x00, 0x00, 0x00, 0x00, 0x7F, 0x00, 0x00, 0x00, 0x00, 0x0F, 0xE0,
  0x00, 0x00, 0x00, 0x01, 0xFC, 0x00, 0x00, 0x00, 0x00, 0x3F, 0x80, 0x00,
  0x00, 0x00, 0x07, 0xF0, 0x00, 0x00, 0x00, 0x00, 0xFE, 0x00, 0x00, 0x00,
  0x00, 0x1F, 0xC0, 0x00, 0x00, 0x00, 0x03, 0xF8, 0x00, 0x00, 0x00, 0x00,
  0x7F, 0x00, 0x00, 0x00, 0x00, 0x0F, 0xE0, 0x00, 0x03, 0xFF, 0xFF, 0xFF,
  0xFC, 0x01, 0xFF, 0xFF, 0xFF, 0xFE, 0x00, 0xFF, 0xFF, 0xFF, 0xFF, 0x00,
  0x7F, 0xFF, 0xFF, 0xFF, 0x80, 0x3F, 0xFF, 0xFF, 0xFF, 0xC0, 0x1F, 0xFF,
  0xFF, 0xFF, 0xE0, 0x0F, 0xFF, 0xFF, 0xFF, 0xF0, 0x0F, 0xE0, 0x00, 0x00,
  0x00, 0x07, 0xF0, 0x00, 0x00, 0x00, 0x03, 0xF8, 0x00, 0x00, 0x00, 0x01,
  0xFC, 0x00, 0x00, 0x00, 0x00, 0xFE, 0x00, 0x00, 0x00, 0x00, 0x7E, 0x00,
  0x00, 0x00, 0x00, 0x3F, 0x00, 0x00, 0x00, 0x00, 0x3F, 0x80, 0x00, 0x00,
  0x00, 0x1F, 0xC0, 0x00, 0x00, 0x00, 0x0F, 0xE0, 0x00, 0x00, 0x00, 0x07,
  0xF0, 0x00, 0x00, 0x00, 0x03, 0xF0, 0x00, 0x00, 0x00, 0x01, 0xF8, 0x00,
  0x00, 0x00, 0x00, 0xFC, 0x0F, 0xFC, 0x00, 0x00, 0xFE, 0x3F, 0xFF, 0xE0,
  0x00, 0x7F, 0x7F, 0xFF, 0xFC, 0x00, 0x3F, 0xFF, 0xFF, 0xFF, 0x00, 0x1F,
  0xFF, 0xFF, 0xFF, 0xE0, 0x0F, 0xFF, 0xFF, 0xFF, 0xF8, 0x07, 0xFF, 0xFF,
  0xFF, 0xFE, 0x03, 0xFF, 0x80, 0x0F, 0xFF, 0x03, 0xFF, 0x00, 0x01, 0xFF,
  0xC1, 0xFF, 0x00, 0x00, 0x3F, 0xF0, 0xFF, 0x00, 0x00, 0x0F, 0xF8, 0x7F,
  0x00, 0x00, 0x03, 0xFE, 0x00, 0x00, 0x00, 0x01, 0xFF, 0x00, 0x00, 0x00,
  0x00, 0x7F, 0xC0, 0x00, 0x00, 0x00, 0x3F, 0xE0, 0x00, 0x00, 0x00, 0x1F,
  0xF0, 0x00, 0x00, 0x00, 0x07, 0xF8, 0x00, 0x00, 0x00, 0x03, 0xFC, 0x00,
  0x00, 0x00, 0x01, 0xFE, 0x00, 0x00, 0x00, 0x00, 0xFF, 0x00, 0x00, 0x00,
  0x00, 0x7F, 0x80, 0x00, 0x00, 0x00, 0x3F, 0xC0, 0x00, 0x00, 0x00, 0x1F,
  0xFF, 0xE0, 0x00, 0x00, 0x0F, 0xFF, 0xF0, 0x00, 0x00, 0x0F, 0xFF, 0xF8,
  0x00, 0x00, 0x07, 0xFB, 0xFC, 0x00, 0x00, 0x07, 0xFD, 0xFF, 0x00, 0x00,
  0x03, 0xFC, 0x7F, 0x80, 0x00, 0x03, 0xFE, 0x3F, 0xE0, 0x00, 0x01, 0xFF,
  0x0F, 0xF8, 0x00, 0x01, 0xFF, 0x07, 0xFE, 0x00, 0x03, 0xFF, 0x01, 0xFF,
  0xC0, 0x07, 0xFF, 0x80, 0xFF, 0xFF, 0xFF, 0xFF, 0x80, 0x3F, 0xFF, 0xFF,
  0xFF, 0x80, 0x07, 0xFF, 0xFF, 0xFF, 0x80, 0x01, 0xFF, 0xFF, 0xFF, 0x80,
  0x00, 0x3F, 0xFF, 0xFF, 0x00, 0x00, 0x07, 0xFF, 0xFE, 0x00, 0x00, 0x00,
  0x7F, 0xF0, 0x00, 0x00, 0x00, 0x00, 0x07, 0x00, 0x00, 0x00, 0x00, 0xFF,
  0xFE, 0x00, 0x00, 0x01, 0xFF, 0xFF, 0xC0, 0x00, 0x03, 0xFF, 0xFF, 0xF8,
  0x00, 0x03, 0xFF, 0xFF, 0xFE, 0x00, 0x03, 0xFF, 0xFF, 0xFF, 0x80, 0x03,
  0xFF, 0xFF, 0xFF, 0xE0, 0x03, 0xFF, 0xC0, 0x7F, 0xF0, 0x03, 0xFF, 0x00,
  0x0F, 0xFC, 0x01, 0xFF, 0x00, 0x03, 0xFF, 0x01, 0xFF, 0x00, 0x00, 0xFF,
  0x80, 0xFF, 0x00, 0x00, 0x3F, 0xC0, 0xFF, 0x00, 0x00, 0x1F, 0xF0, 0x7F,
  0x80, 0x00, 0x07, 0xF8, 0x7F, 0x80, 0x00, 0x03, 0xFC, 0x3F, 0xC0, 0x00,
  0x01, 0xFE, 0x1F, 0xC0, 0x00, 0x00, 0x7F, 0x1F, 0xE0, 0x00, 0x00, 0x00,
  0x0F, 0xF0, 0x00, 0x00, 0x00, 0x07, 0xF0, 0x00, 0x00, 0x00, 0x03, 0xF8,
  0x00, 0x00, 0x00, 0x03, 0xFC, 0x00, 0x00, 0x00, 0x01, 0xFE, 0x00, 0x1C,
  0x00, 0x00, 0xFF, 0x01, 0xFF, 0xF0, 0x00, 0x7F, 0x03, 0xFF, 0xFF, 0x00,
  0x3F, 0x87, 0xFF, 0xFF, 0xE0, 0x1F, 0xC7, 0xFF, 0xFF, 0xF8, 0x1F, 0xE7,
  0xFF, 0xFF, 0xFE, 0x0F, 0xF7, 0xFF, 0xFF, 0xFF, 0x87, 0xFF, 0xFE, 0x03,
  0xFF, 0xE3, 0xFF, 0xF8, 0x00, 0x3F, 0xF9, 0xFF, 0xF8, 0x00, 0x0F, 0xFC,
  0xFF, 0xF0, 0x00, 0x03, 0xFF, 0x7F, 0xF0, 0x00, 0x00, 0xFF, 0xBF, 0xF8,
  0x00, 0x00, 0x3F, 0xFF, 0xF8, 0x00, 0x00, 0x1F, 0xFF, 0xFC, 0x00, 0x00,
  0x0F, 0xFF, 0xFE, 0x00, 0x00, 0x03, 0xFF, 0xFE, 0x00, 0x00, 0x01, 0xFF,
  0xFF, 0x00, 0x00, 0x00, 0xFF, 0x7F, 0x80, 0x00, 0x00, 0x7F, 0xBF, 0xC0,
  0x00, 0x00, 0x3F, 0xDF, 0xE0, 0x00, 0x00, 0x1F, 0xEF, 0xF0, 0x00, 0x00,
  0x0F, 0xF7, 0xF8, 0x00, 0x00, 0x07, 0xFB, 0xFC, 0x00, 0x00, 0x03, 0xFC,
  0xFF, 0x00, 0x00, 0x01, 0xFE, 0x7F, 0x80, 0x00, 0x00, 0xFF, 0x3F, 0xC0,
  0x00, 0x00, 0xFF, 0x0F, 0xF0, 0x00, 0x00, 0x7F, 0x87, 0xFC, 0x00, 0x00,
  0x7F, 0x83, 0xFE, 0x00, 0x00, 0x7F, 0xC0, 0xFF, 0x80, 0x00, 0x3F, 0xE0,
  0x3F, 0xF0, 0x00, 0x7F, 0xE0, 0x1F, 0xFC, 0x00, 0x7F, 0xE0, 0x07, 0xFF,
  0xFF, 0xFF, 0xE0, 0x01, 0xFF, 0xFF, 0xFF, 0xE0, 0x00, 0x7F, 0xFF, 0xFF,
  0xE0, 0x00, 0x0F, 0xFF, 0xFF, 0xE0, 0x00, 0x03, 0xFF, 0xFF, 0xE0, 0x00,
  0x00, 0x7F, 0xFF, 0x80, 0x00, 0x00, 0x07, 0xFE, 0x00, 0x00, 0xFF, 0xFF,
  0xFF, 0xFF, 0xFF, 0xFF, 0xFF, 0xFF, 0xFF, 0xFF, 0xFF, 0xFF, 0xFF, 0xFF,
  0xFF, 0xFF, 0xFF, 0xFF, 0xFF, 0xFF, 0xFF, 0xFF, 0xFF, 0xFF, 0xFF, 0xFF,
  0xFF, 0xFF, 0xFF, 0xFF, 0xFF, 0xFF, 0xFF, 0xFF, 0xFF, 0xFF, 0xFF, 0xFF,
  0xFF, 0xFF, 0xFF, 0xFE, 0x00, 0x00, 0x00, 0x00, 0x7F, 0x00, 0x00, 0x00,
  0x00, 0x3F, 0xC0, 0x00, 0x00, 0x00, 0x1F, 0xE0, 0x00, 0x00, 0x00, 0x0F,
  0xF0, 0x00, 0x00, 0x00, 0x03, 0xF8, 0x00, 0x00, 0x00, 0x01, 0xFE, 0x00,
  0x00, 0x00, 0x00, 0xFF, 0x00, 0x00, 0x00, 0x00, 0x3F, 0x80, 0x00, 0x00,
  0x00, 0x1F, 0xC0, 0x00, 0x00, 0x00, 0x0F, 0xF0, 0x00, 0x00, 0x00, 0x07,
  0xF8, 0x00, 0x00, 0x00, 0x01, 0xFC, 0x00, 0x00, 0x00, 0x00, 0xFF, 0x00,
  0x00, 0x00, 0x00, 0x3F, 0x80, 0x00, 0x00, 0x00, 0x1F, 0xE0, 0x00, 0x00,
  0x00, 0x0F, 0xF0, 0x00, 0x00, 0x00, 0x03, 0xF8, 0x00, 0x00, 0x00, 0x01,
  0xFE, 0x00, 0x00, 0x00, 0x00, 0x7F, 0x00, 0x00, 0x00, 0x00, 0x3F, 0xC0,
  0x00, 0x00, 0x00, 0x1F, 0xE0, 0x00, 0x00, 0x00, 0x07, 0xF8, 0x00, 0x00,
  0x00, 0x03, 0xFC, 0x00, 0x00, 0x00, 0x00, 0xFF, 0x00, 0x00, 0x00, 0x00,
  0x7F, 0x80, 0x00, 0x00, 0x00, 0x1F, 0xE0, 0x00, 0x00, 0x00, 0x07, 0xF8,
  0x00, 0x00, 0x00, 0x03, 0xFC, 0x00, 0x00, 0x00, 0x00, 0xFF, 0x00, 0x00,
  0x00, 0x00, 0x7F, 0x80, 0x00, 0x00, 0x00, 0x1F, 0xE0, 0x00, 0x00, 0x00,
  0x0F, 0xF0, 0x00, 0x00, 0x00, 0x03, 0xFC, 0x00, 0x00, 0x00, 0x00, 0xFF,
  0x00, 0x00, 0x00, 0x00, 0x7F, 0x80, 0x00, 0x00, 0x00, 0x1F, 0xE0, 0x00,
  0x00, 0x00, 0x07, 0xF8, 0x00, 0x00, 0x00, 0x03, 0xFC, 0x00, 0x00, 0x00,
  0x00, 0xFF, 0x00, 0x00, 0x00, 0x00, 0x3F, 0xC0, 0x00, 0x00, 0x00, 0x1F,
  0xF0, 0x00, 0x00, 0x00, 0x07, 0xF8, 0x00, 0x00, 0x00, 0x01, 0xFE, 0x00,
  0x00, 0x00, 0x00, 0xFF, 0x80, 0x00, 0x00, 0x00, 0x3F, 0xE0, 0x00, 0x00,
  0x00, 0x0F, 0xF0, 0x00, 0x00, 0x00, 0x03, 0xFC, 0x00, 0x00, 0x00, 0x01,
  0xFF, 0x00, 0x00, 0x00, 0x00, 0x7F, 0xC0, 0x00, 0x00, 0x00, 0x1F, 0xE0,
  0x00, 0x00, 0x00, 0x07, 0xF8, 0x00, 0x00, 0x00, 0x00, 0x00, 0x1C, 0x00,
  0x00, 0x00, 0x03, 0xFF, 0xF8, 0x00, 0x00, 0x07, 0xFF, 0xFF, 0x80, 0x00,
  0x0F, 0xFF, 0xFF, 0xE0, 0x00, 0x0F, 0xFF, 0xFF, 0xFC, 0x00, 0x1F, 0xFF,
  0xFF, 0xFF, 0x00, 0x0F, 0xFF, 0xFF, 0xFF, 0xC0, 0x0F, 0xFE, 0x01, 0xFF,
  0xE0, 0x0F, 0xFC, 0x00, 0x1F, 0xF8, 0x07, 0xFC, 0x00, 0x07, 0xFE, 0x07,
  0xFC, 0x00, 0x01, 0xFF, 0x03, 0xFC, 0x00, 0x00, 0x7F, 0x83, 0xFE, 0x00,
  0x00, 0x3F, 0xE1, 0xFE, 0x00, 0x00, 0x0F, 0xF0, 0xFF, 0x00, 0x00, 0x07,
  0xF8, 0x7F, 0x80, 0x00, 0x03, 0xFC, 0x3F, 0xC0, 0x00, 0x01, 0xFE, 0x1F,
  0xE0, 0x00, 0x00, 0xFF, 0x0F, 0xF0, 0x00, 0x00, 0x7F, 0x87, 0xF8, 0x00,
  0x00, 0x7F, 0xC3, 0xFE, 0x00, 0x00, 0x3F, 0xC0, 0xFF, 0x00, 0x00, 0x3F,
  0xE0, 0x7F, 0xC0, 0x00, 0x3F, 0xE0, 0x1F, 0xF8, 0x00, 0x3F, 0xF0, 0x0F,
  0xFE, 0x00, 0x3F, 0xF0, 0x03, 0xFF, 0xFF, 0xFF, 0xF0, 0x00, 0x7F, 0xFF,
  0xFF, 0xF0, 0x00, 0x1F, 0xFF, 0xFF, 0xE0, 0x00, 0x03, 0xFF, 0xFF, 0xF0,
  0x00, 0x07, 0xFF, 0xFF, 0xFE, 0x00, 0x0F, 0xFF, 0xFF, 0xFF, 0x80, 0x0F,
  0xFF, 0xFF, 0xFF, 0xE0, 0x0F, 0xFF, 0x00, 0xFF, 0xF8, 0x0F, 0xFE, 0x00,
  0x0F, 0xFE, 0x0F, 0xFC, 0x00, 0x01, 0xFF, 0x87, 0xFC, 0x00, 0x00, 0x7F,
  0xC7, 0xFC, 0x00, 0x00, 0x1F, 0xF3, 0xFE, 0x00, 0x00, 0x0F, 0xFB, 0xFE,
  0x00, 0x00, 0x03, 0xFF, 0xFF, 0x00, 0x00, 0x01, 0xFF, 0xFF, 0x00, 0x00,
  0x00, 0x7F, 0xFF, 0x80, 0x00, 0x00, 0x3F, 0xFF, 0xC0, 0x00, 0x00, 0x1F,
  0xFF, 0xE0, 0x00, 0x00, 0x0F, 0xFF, 0xF0, 0x00, 0x00, 0x07, 0xFF, 0xF8,
  0x00, 0x00, 0x03, 0xFF, 0xFC, 0x00, 0x00, 0x01, 0xFF, 0xFF, 0x00, 0x00,
  0x00, 0xFF, 0xFF, 0x80, 0x00, 0x00, 0xFF, 0x3F, 0xC0, 0x00, 0x00, 0x7F,
  0x9F, 0xF0, 0x00, 0x00, 0x7F, 0xCF, 0xFC, 0x00, 0x00, 0x3F, 0xC3, 0xFF,
  0x00, 0x00, 0x3F, 0xE1, 0xFF, 0xC0, 0x00, 0x7F, 0xE0, 0x7F, 0xF8, 0x00,
  0xFF, 0xE0, 0x1F, 0xFF, 0xFF, 0xFF, 0xF0, 0x07, 0xFF, 0xFF, 0xFF, 0xF0,
  0x01, 0xFF, 0xFF, 0xFF, 0xF0, 0x00, 0x3F, 0xFF, 0xFF, 0xE0, 0x00, 0x0F,
  0xFF, 0xFF, 0xE0, 0x00, 0x00, 0xFF, 0xFF, 0xC0, 0x00, 0x00, 0x0F, 0xFE,
  0x00, 0x00, 0x00, 0x00, 0x38, 0x00, 0x00, 0x00, 0x03, 0xFF, 0xF0, 0x00,
  0x00, 0x0F, 0xFF, 0xFE, 0x00, 0x00, 0x1F, 0xFF, 0xFF, 0xC0, 0x00, 0x1F,
  0xFF, 0xFF, 0xF0, 0x00, 0x1F, 0xFF, 0xFF, 0xFE, 0x00, 0x1F, 0xFF, 0xFF,
  0xFF, 0x00, 0x1F, 0xFE, 0x01, 0xFF, 0xC0, 0x0F, 0xFC, 0x00, 0x3F, 0xF0,
  0x0F, 0xF8, 0x00, 0x07, 0xFC, 0x07, 0xF8, 0x00, 0x01, 0xFE, 0x07, 0xFC,
  0x00, 0x00, 0xFF, 0x83, 0xFC, 0x00, 0x00, 0x3F, 0xC3, 0xFC, 0x00, 0x00,
  0x0F, 0xE1, 0xFE, 0x00, 0x00, 0x07, 0xF8, 0xFF, 0x00, 0x00, 0x03, 0xFC,
  0xFF, 0x00, 0x00, 0x01, 0xFE, 0x7F, 0x80, 0x00, 0x00, 0x7F, 0xBF, 0xC0,
  0x00, 0x00, 0x3F, 0xDF, 0xE0, 0x00, 0x00, 0x1F, 0xEF, 0xF0, 0x00, 0x00,
  0x0F, 0xF7, 0xF8, 0x00, 0x00, 0x07, 0xFB, 0xFC, 0x00, 0x00, 0x03, 0xFD,
  0xFE, 0x00, 0x00, 0x01, 0xFF, 0xFF, 0x00, 0x00, 0x01, 0xFF, 0xFF, 0xC0,
  0x00, 0x00, 0xFF, 0xDF, 0xE0, 0x00, 0x00, 0x7F, 0xEF, 0xF0, 0x00, 0x00,
  0x7F, 0xF7, 0xFC, 0x00, 0x00, 0x3F, 0xF9, 0xFE, 0x00, 0x00, 0x3F, 0xFC,
  0xFF, 0x80, 0x00, 0x3F, 0xFE, 0x3F, 0xE0, 0x00, 0x3F, 0xFF, 0x1F, 0xFC,
  0x00, 0x7F, 0xFF, 0x87, 0xFF, 0xFF, 0xFF, 0xFF, 0xC1, 0xFF, 0xFF, 0xFF,
  0xDF, 0xC0, 0x7F, 0xFF, 0xFF, 0xCF, 0xE0, 0x1F, 0xFF, 0xFF, 0xC7, 0xF0,
  0x03, 0xFF, 0xFF, 0xC7, 0xF8, 0x00, 0x7F, 0xFF, 0x83, 0xFC, 0x00, 0x07,
  0xFC, 0x01, 0xFE, 0x00, 0x00, 0x00, 0x00, 0xFF, 0x00, 0x00, 0x00, 0x00,
  0x7F, 0x00, 0x00, 0x00, 0x00, 0x7F, 0x80, 0x00, 0x00, 0x00, 0x3F, 0xC0,
  0x00, 0x00, 0x00, 0x1F, 0xE0, 0x00, 0x00, 0x00, 0x0F, 0xE1, 0xFC, 0x00,
  0x00, 0x0F, 0xF0, 0xFF, 0x00, 0x00, 0x07, 0xF8, 0x7F, 0x80, 0x00, 0x07,
  0xF8, 0x3F, 0xC0, 0x00, 0x03, 0xFC, 0x1F, 0xF0, 0x00, 0x03, 0xFC, 0x07,
  0xF8, 0x00, 0x03, 0xFE, 0x03, 0xFE, 0x00, 0x03, 0xFE, 0x00, 0xFF, 0x80,
  0x03, 0xFF, 0x00, 0x7F, 0xF0, 0x07, 0xFF, 0x00, 0x1F, 0xFF, 0xFF, 0xFF,
  0x00, 0x07, 0xFF, 0xFF, 0xFF, 0x00, 0x03, 0xFF, 0xFF, 0xFF, 0x00, 0x00,
  0x7F, 0xFF, 0xFF, 0x00, 0x00, 0x1F, 0xFF, 0xFE, 0x00, 0x00, 0x03, 0xFF,
  0xFC, 0x00, 0x00, 0x00, 0x3F, 0xF0, 0x00, 0x00, 0xFF, 0xFF, 0xFF, 0xFF,
  0xFF, 0xFF, 0xFF, 0xFF, 0xFF, 0x00, 0x00, 0x00, 0x00, 0x00, 0x00, 0x00,
  0x00, 0x00, 0x00, 0x00, 0x00, 0x00, 0x00, 0x00, 0x00, 0x00, 0x00, 0x00,
  0x00, 0x00, 0x00, 0x00, 0x00, 0x00, 0x00, 0xFF, 0xFF, 0xFF, 0xFF, 0xFF,
  0xFF, 0xFF, 0xFF, 0xFF, 0xFF, 0xFF, 0xFF, 0xFF, 0xFF, 0xFF, 0xFF, 0xFF,
  0xFF, 0x00, 0x00, 0x00, 0x00, 0x00, 0x00, 0x00, 0x00, 0x00, 0x00, 0x00,
  0x00, 0x00, 0x00, 0x00, 0x00, 0x00, 0x00, 0x00, 0x00, 0x00, 0x00, 0x00,
  0x00, 0x00, 0x00, 0xFF, 0xFF, 0xFF, 0xFF, 0xFF, 0xFF, 0xFF, 0xFF, 0xFF,
  0x0F, 0x0F, 0x0F, 0x0F, 0x0F, 0x1F, 0x1E, 0x3E, 0xFC, 0xF8, 0xF0, 0xE0,
  0x80, 0x00, 0x00, 0x00, 0x00, 0x00, 0x00, 0x80, 0x00, 0x00, 0x00, 0x00,
  0x00, 0xC0, 0x00, 0x00, 0x00, 0x00, 0x03, 0xE0, 0x00, 0x00, 0x00, 0x00,
  0x0F, 0xF0, 0x00, 0x00, 0x00, 0x00, 0x1F, 0xF8, 0x00, 0x00, 0x00, 0x00,
  0x7F, 0xFC, 0x00, 0x00, 0x00, 0x00, 0xFF, 0xFE, 0x00, 0x00, 0x00, 0x03,
  0xFF, 0xFF, 0x00, 0x00, 0x00, 0x07, 0xFF, 0xFF, 0x00, 0x00, 0x00, 0x1F,
  0xFF, 0xFC, 0x00, 0x00, 0x00, 0x3F, 0xFF, 0xF8, 0x00, 0x00, 0x00, 0xFF,
  0xFF, 0xE0, 0x00, 0x00, 0x03, 0xFF, 0xFF, 0x80, 0x00, 0x00, 0x07, 0xFF,
  0xFF, 0x00, 0x00, 0x00, 0x1F, 0xFF, 0xFC, 0x00, 0x00, 0x00, 0x3F, 0xFF,
  0xF0, 0x00, 0x00, 0x00, 0xFF, 0xFF, 0xE0, 0x00, 0x00, 0x01, 0xFF, 0xFF,
  0x80, 0x00, 0x00, 0x07, 0xFF, 0xFE, 0x00, 0x00, 0x00, 0x1F, 0xFF, 0xFC,
  0x00, 0x00, 0x00, 0x0F, 0xFF, 0xF0, 0x00, 0x00, 0x00, 0x07, 0xFF, 0xC0,
  0x00, 0x00, 0x00, 0x03, 0xFF, 0x80, 0x00, 0x00, 0x00, 0x01, 0xFF, 0x80,
  0x00, 0x00, 0x00, 0x00, 0xFF, 0xF8, 0x00, 0x00, 0x00, 0x00, 0x7F, 0xFF,
  0x00, 0x00, 0x00, 0x00, 0x3F, 0xFF, 0xF0, 0x00, 0x00, 0x00, 0x07, 0xFF,
  0xFF, 0x00, 0x00, 0x00, 0x00, 0x7F, 0xFF, 0xE0, 0x00, 0x00, 0x00, 0x07,
  0xFF, 0xFE, 0x00, 0x00, 0x00, 0x00, 0xFF, 0xFF, 0xE0, 0x00, 0x00, 0x00,
  0x0F, 0xFF, 0xFC, 0x00, 0x00, 0x00, 0x01, 0xFF, 0xFF, 0xC0, 0x00, 0x00,
  0x00, 0x1F, 0xFF, 0xFC, 0x00, 0x00, 0x00, 0x03, 0xFF, 0xFF, 0x80, 0x00,
  0x00, 0x00, 0x3F, 0xFF, 0xF8, 0x00, 0x00, 0x00, 0x07, 0xFF, 0xFF, 0x80,
  0x00, 0x00, 0x00, 0x7F, 0xFF, 0xF0, 0x00, 0x00, 0x00, 0x07, 0xFF, 0xFE,
  0x00, 0x00, 0x00, 0x00, 0xFF, 0xFF, 0x00, 0x00, 0x00, 0x00, 0x0F, 0xFF,
  0x80, 0x00, 0x00, 0x00, 0x01, 0xFF, 0xC0, 0x00, 0x00, 0x00, 0x00, 0x1F,
  0xE0, 0x00, 0x00, 0x00, 0x00, 0x03, 0xF0, 0x00, 0x00, 0x00, 0x00, 0x00,
  0x38, 0x00, 0x00, 0x00, 0x00, 0x00, 0x04, 0xFF, 0xFF, 0xFF, 0xFF, 0xFF,
  0xFF, 0xFF, 0xFF, 0xFF, 0xFF, 0xFF, 0xFF, 0xFF, 0xFF, 0xFF, 0xFF, 0xFF,
  0xFF, 0xFF, 0xFF, 0xFF, 0xFF, 0xFF, 0xFF, 0xFF, 0xFF, 0xFF, 0xFF, 0xFF,
  0xFF, 0xFF, 0xFF, 0xFF, 0xFF, 0xFF, 0xFF, 0xFF, 0xFF, 0xF0, 0x00, 0x00,
  0x00, 0x00, 0x00, 0x00, 0x00, 0x00, 0x00, 0x00, 0x00, 0x00, 0x00, 0x00,
  0x00, 0x00, 0x00, 0x00, 0x00, 0x00, 0x00, 0x00, 0x00, 0x00, 0x00, 0x00,
  0x00, 0x00, 0x00, 0x00, 0x00, 0x00, 0x00, 0x00, 0x00, 0x00, 0x00, 0x00,
  0x00, 0x00, 0x00, 0x00, 0x00, 0x00, 0x00, 0x00, 0x00, 0x00, 0x00, 0x00,
  0x00, 0x00, 0x00, 0x00, 0x00, 0x00, 0x00, 0x00, 0x00, 0x00, 0xFF, 0xFF,
  0xFF, 0xFF, 0xFF, 0xFF, 0xFF, 0xFF, 0xFF, 0xFF, 0xFF, 0xFF, 0xFF, 0xFF,
  0xFF, 0xFF, 0xFF, 0xFF, 0xFF, 0xFF, 0xFF, 0xFF, 0xFF, 0xFF, 0xFF, 0xFF,
  0xFF, 0xFF, 0xFF, 0xFF, 0xFF, 0xFF, 0xFF, 0xFF, 0xFF, 0xFF, 0xFF, 0xFF,
  0xF0, 0x80, 0x00, 0x00, 0x00, 0x00, 0x00, 0x70, 0x00, 0x00, 0x00, 0x00,
  0x00, 0x3E, 0x00, 0x00, 0x00, 0x00, 0x00, 0x1F, 0xE0, 0x00, 0x00, 0x00,
  0x00, 0x0F, 0xFE, 0x00, 0x00, 0x00, 0x00, 0x07, 0xFF, 0xC0, 0x00, 0x00,
  0x00, 0x03, 0xFF, 0xFC, 0x00, 0x00, 0x00, 0x01, 0xFF, 0xFF, 0x80, 0x00,
  0x00, 0x00, 0x7F, 0xFF, 0xF8, 0x00, 0x00, 0x00, 0x07, 0xFF, 0xFF, 0x00,
  0x00, 0x00, 0x00, 0x7F, 0xFF, 0xF0, 0x00, 0x00, 0x00, 0x0F, 0xFF, 0xFE,
  0x00, 0x00, 0x00, 0x00, 0xFF, 0xFF, 0xE0, 0x00, 0x00, 0x00, 0x0F, 0xFF,
  0xFE, 0x00, 0x00, 0x00, 0x01, 0xFF, 0xFF, 0xC0, 0x00, 0x00, 0x00, 0x1F,
  0xFF, 0xFC, 0x00, 0x00, 0x00, 0x01, 0xFF, 0xFF, 0x80, 0x00, 0x00, 0x00,
  0x3F, 0xFF, 0xF8, 0x00, 0x00, 0x00, 0x03, 0xFF, 0xFF, 0x00, 0x00, 0x00,
  0x00, 0x3F, 0xFF, 0xF0, 0x00, 0x00, 0x00, 0x07, 0xFF, 0xF8, 0x00, 0x00,
  0x00, 0x00, 0x7F, 0xFC, 0x00, 0x00, 0x00, 0x00, 0x07, 0xFE, 0x00, 0x00,
  0x00, 0x00, 0x03, 0xFF, 0x00, 0x00, 0x00, 0x00, 0x07, 0xFF, 0x80, 0x00,
  0x00, 0x00, 0x1F, 0xFF, 0xC0, 0x00, 0x00, 0x00, 0x7F, 0xFF, 0xE0, 0x00,
  0x00, 0x00, 0xFF, 0xFF, 0xC0, 0x00, 0x00, 0x03, 0xFF, 0xFF, 0x80, 0x00,
  0x00, 0x0F, 0xFF, 0xFE, 0x00, 0x00, 0x00, 0x1F, 0xFF, 0xF8, 0x00, 0x00,
  0x00, 0x7F, 0xFF, 0xF0, 0x00, 0x00, 0x01, 0xFF, 0xFF, 0xC0, 0x00, 0x00,
  0x03, 0xFF, 0xFF, 0x80, 0x00, 0x00, 0x0F, 0xFF, 0xFE, 0x00, 0x00, 0x00,
  0x3F, 0xFF, 0xFC, 0x00, 0x00, 0x00, 0x7F, 0xFF, 0xF0, 0x00, 0x00, 0x01,
  0xFF, 0xFF, 0xC0, 0x00, 0x00, 0x03, 0xFF, 0xFF, 0x80, 0x00, 0x00, 0x01,
  0xFF, 0xFE, 0x00, 0x00, 0x00, 0x00, 0xFF, 0xFC, 0x00, 0x00, 0x00, 0x00,
  0x7F, 0xF0, 0x00, 0x00, 0x00, 0x00, 0x3F, 0xE0, 0x00, 0x00, 0x00, 0x00,
  0x1F, 0x80, 0x00, 0x00, 0x00, 0x00, 0x0F, 0x00, 0x00, 0x00, 0x00, 0x00,
  0x04, 0x00, 0x00, 0x00, 0x00, 0x00, 0x00, 0x00, 0x00, 0x20, 0x00, 0x00,
  0x00, 0x7F, 0xFE, 0x00, 0x00, 0x1F, 0xFF, 0xFC, 0x00, 0x01, 0xFF, 0xFF,
  0xF8, 0x00, 0x3F, 0xFF, 0xFF, 0xE0, 0x03, 0xFF, 0xFF, 0xFF, 0x80, 0x3F,
  0xFF, 0xFF, 0xFE, 0x03, 0xFF, 0xC0, 0x7F, 0xF8, 0x1F, 0xF0, 0x00, 0x7F,
  0xE1, 0xFF, 0x00, 0x01, 0xFF, 0x0F, 0xF0, 0x00, 0x07, 0xFC, 0xFF, 0x00,
  0x00, 0x1F, 0xE7, 0xF8, 0x00, 0x00, 0xFF, 0x7F, 0x80, 0x00, 0x07, 0xFF,
  0xFC, 0x00, 0x00, 0x1F, 0xFF, 0xE0, 0x00, 0x00, 0xFF, 0xFE, 0x00, 0x00,
  0x07, 0xFF, 0xF0, 0x00, 0x00, 0x3F, 0xFF, 0x80, 0x00, 0x01, 0xFF, 0xFC,
  0x00, 0x00, 0x0F, 0xFF, 0xE0, 0x00, 0x00, 0xFF, 0x80, 0x00, 0x00, 0x07,
  0xF8, 0x00, 0x00, 0x00, 0x7F, 0xC0, 0x00, 0x00, 0x03, 0xFE, 0x00, 0x00,
  0x00, 0x3F, 0xE0, 0x00, 0x00, 0x03, 0xFE, 0x00, 0x00, 0x00, 0x3F, 0xF0,
  0x00, 0x00, 0x03, 0xFF, 0x00, 0x00, 0x00, 0x3F, 0xF0, 0x00, 0x00, 0x03,
  0xFF, 0x00, 0x00, 0x00, 0x3F, 0xF0, 0x00, 0x00, 0x03, 0xFF, 0x00, 0x00,
  0x00, 0x3F, 0xF0, 0x00, 0x00, 0x01, 0xFF, 0x00, 0x00, 0x00, 0x1F, 0xF0,
  0x00, 0x00, 0x01, 0xFF, 0x00, 0x00, 0x00, 0x0F, 0xF0, 0x00, 0x00, 0x00,
  0xFF, 0x00, 0x00, 0x00, 0x07, 0xF8, 0x00, 0x00, 0x00, 0x3F, 0x80, 0x00,
  0x00, 0x03, 0xFC, 0x00, 0x00, 0x00, 0x1F, 0xE0, 0x00, 0x00, 0x00, 0xFF,
  0x00, 0x00, 0x00, 0x07, 0xF0, 0x00, 0x00, 0x00, 0x3F, 0x80, 0x00, 0x00,
  0x01, 0xFC, 0x00, 0x00, 0x00, 0x0F, 0xE0, 0x00, 0x00, 0x00, 0x00, 0x00,
  0x00, 0x00, 0x00, 0x00, 0x00, 0x00, 0x00, 0x00, 0x00, 0x00, 0x00, 0x00,
  0x00, 0x00, 0x00, 0x00, 0x00, 0x00, 0x00, 0x00, 0x00, 0x00, 0x00, 0x00,
  0x00, 0x00, 0x00, 0x00, 0x00, 0x00, 0x0F, 0xF0, 0x00, 0x00, 0x00, 0x7F,
  0x80, 0x00, 0x00, 0x03, 0xFC, 0x00, 0x00, 0x00, 0x1F, 0xE0, 0x00, 0x00,
  0x00, 0xFF, 0x00, 0x00, 0x00, 0x07, 0xF8, 0x00, 0x00, 0x00, 0x3F, 0xC0,
  0x00, 0x00, 0x01, 0xFE, 0x00, 0x00, 0x00, 0x0F, 0xF0, 0x00, 0x00, 0x00,
  0x00, 0x00, 0x00, 0x04, 0x00, 0x00, 0x00, 0x00, 0x00, 0x00, 0x00, 0xFF,
  0xFF, 0xF0, 0x00, 0x00, 0x00, 0x00, 0x00, 0x3F, 0xFF, 0xFF, 0xF8, 0x00,
  0x00, 0x00, 0x00, 0x0F, 0xFF, 0xFF, 0xFF, 0xF0, 0x00, 0x00, 0x00, 0x01,
  0xFF, 0xFF, 0xFF, 0xFF, 0xF0, 0x00, 0x00, 0x00, 0x3F, 0xFF, 0xFF, 0xFF,
  0xFF, 0xC0, 0x00, 0x00, 0x07, 0xFF, 0xE0, 0x00, 0x07, 0xFF, 0x80, 0x00,
  0x00, 0x7F, 0xF0, 0x00, 0x00, 0x07, 0xFE, 0x00, 0x00, 0x07, 0xFC, 0x00,
  0x00, 0x00, 0x0F, 0xF8, 0x00, 0x00, 0xFF, 0x80, 0x00, 0x00, 0x00, 0x1F,
  0xE0, 0x00, 0x0F, 0xF8, 0x00, 0x00, 0x00, 0x00, 0x7F, 0x80, 0x00, 0xFF,
  0x00, 0x00, 0x00, 0x00, 0x00, 0xFE, 0x00, 0x07, 0xF0, 0x00, 0x00, 0x00,
  0x00, 0x03, 0xF8, 0x00, 0x7F, 0x00, 0x00, 0x00, 0x00, 0x00, 0x0F, 0xC0,
  0x07, 0xF0, 0x00, 0x00, 0x00, 0x00, 0x00, 0x7F, 0x00, 0x7F, 0x00, 0x00,
  0x1F, 0xC0, 0x00, 0x01, 0xF8, 0x03, 0xF0, 0x00, 0x03, 0xFF, 0x81, 0xFC,
  0x07, 0xE0, 0x3F, 0x00, 0x00, 0x7F, 0xFF, 0x0F, 0xC0, 0x3F, 0x03, 0xF8,
  0x00, 0x07, 0xFF, 0xF8, 0x7E, 0x00, 0xFC, 0x1F, 0x80, 0x00, 0xFF, 0x83,
  0xE3, 0xF0, 0x07, 0xE1, 0xFC, 0x00, 0x0F, 0xF0, 0x07, 0xBF, 0x00, 0x3F,
  0x0F, 0xC0, 0x00, 0x7F, 0x00, 0x1D, 0xF8, 0x01, 0xF8, 0xFE, 0x00, 0x07,
  0xF0, 0x00, 0x6F, 0xC0, 0x07, 0xC7, 0xE0, 0x00, 0x7F, 0x00, 0x03, 0xFE,
  0x00, 0x3F, 0x3F, 0x00, 0x07, 0xF8, 0x00, 0x1F, 0xE0, 0x01, 0xF9, 0xF8,
  0x00, 0x3F, 0x80, 0x00, 0xFF, 0x00, 0x0F, 0xDF, 0x80, 0x03, 0xFC, 0x00,
  0x07, 0xF8, 0x00, 0x7E, 0xFC, 0x00, 0x1F, 0xC0, 0x00, 0x3F, 0x80, 0x03,
  0xF7, 0xE0, 0x01, 0xFE, 0x00, 0x01, 0xFC, 0x00, 0x1F, 0xBF, 0x00, 0x0F,
  0xE0, 0x00, 0x0F, 0xE0, 0x00, 0xFD, 0xF8, 0x00, 0x7F, 0x00, 0x00, 0x7F,
  0x00, 0x07, 0xCF, 0x80, 0x03, 0xF8, 0x00, 0x03, 0xF0, 0x00, 0x3E, 0xFC,
  0x00, 0x3F, 0x80, 0x00, 0x3F, 0x80, 0x03, 0xF7, 0xE0, 0x01, 0xFC, 0x00,
  0x01, 0xFC, 0x00, 0x1F, 0xBF, 0x00, 0x0F, 0xE0, 0x00, 0x0F, 0xC0, 0x00,
  0xFD, 0xF8, 0x00, 0x7F, 0x00, 0x00, 0xFE, 0x00, 0x07, 0xCF, 0xC0, 0x03,
  0xF8, 0x00, 0x07, 0xF0, 0x00, 0x7E, 0x3E, 0x00, 0x1F, 0xC0, 0x00, 0x3F,
  0x80, 0x03, 0xF1, 0xF8, 0x00, 0xFE, 0x00, 0x03, 0xF8, 0x00, 0x3F, 0x0F,
  0xC0, 0x07, 0xF0, 0x00, 0x1F, 0xC0, 0x01, 0xF8, 0x7E, 0x00, 0x1F, 0xC0,
  0x01, 0xFE, 0x00, 0x1F, 0x83, 0xF0, 0x00, 0xFE, 0x00, 0x1F, 0xF0, 0x01,
  0xF8, 0x1F, 0x80, 0x07, 0xF8, 0x01, 0xFF, 0x80, 0x1F, 0xC0, 0x7E, 0x00,
  0x1F, 0xE0, 0x1F, 0x7C, 0x01, 0xFC, 0x03, 0xF0, 0x00, 0xFF, 0x83, 0xFB,
  0xF8, 0x3F, 0xC0, 0x1F, 0x80, 0x03, 0xFF, 0xFF, 0x9F, 0xFF, 0xFC, 0x00,
  0x7E, 0x00, 0x0F, 0xFF, 0xF8, 0x7F, 0xFF, 0xC0, 0x03, 0xF0, 0x00, 0x3F,
  0xFF, 0x83, 0xFF, 0xF8, 0x00, 0x0F, 0xC0, 0x00, 0xFF, 0xF0, 0x07, 0xFF,
  0x00, 0x00, 0x7F, 0x00, 0x01, 0xFC, 0x00, 0x1F, 0xE0, 0x00, 0x01, 0xF8,
  0x00, 0x00, 0x00, 0x00, 0x00, 0x00, 0x00, 0x0F, 0xE0, 0x00, 0x00, 0x00,
  0x00, 0x00, 0x00, 0x00, 0x3F, 0x80, 0x00, 0x00, 0x00, 0x00, 0x00, 0x00,
  0x00, 0xFE, 0x00, 0x00, 0x00, 0x00, 0x00, 0x0C, 0x00, 0x03, 0xF8, 0x00,
  0x00, 0x00, 0x00, 0x00, 0xE0, 0x00, 0x1F, 0xF0, 0x00, 0x00, 0x00, 0x00,
  0x1F, 0x80, 0x00, 0x7F, 0xC0, 0x00, 0x00, 0x00, 0x03, 0xFE, 0x00, 0x01,
  0xFF, 0x80, 0x00, 0x00, 0x00, 0x7F, 0xE0, 0x00, 0x03, 0xFF, 0x00, 0x00,
  0x00, 0x0F, 0xFE, 0x00, 0x00, 0x0F, 0xFF, 0x00, 0x00, 0x03, 0xFF, 0xC0,
  0x00, 0x00, 0x3F, 0xFF, 0x80, 0x01, 0xFF, 0xF8, 0x00, 0x00, 0x00, 0x7F,
  0xFF, 0xFF, 0xFF, 0xFF, 0x00, 0x00, 0x00, 0x00, 0xFF, 0xFF, 0xFF, 0xFF,
  0xE0, 0x00, 0x00, 0x00, 0x01, 0xFF, 0xFF, 0xFF, 0xFC, 0x00, 0x00, 0x00,
  0x00, 0x01, 0xFF, 0xFF, 0xFE, 0x00, 0x00, 0x00, 0x00, 0x00, 0x00, 0x7F,
  0xFF, 0x00, 0x00, 0x00, 0x00, 0x00, 0x00, 0x01, 0xFF, 0x80, 0x00, 0x00,
  0x00, 0x00, 0x03, 0xFF, 0x00, 0x00, 0x00, 0x00, 0x00, 0x07, 0xFF, 0x00,
  0x00, 0x00, 0x00, 0x00, 0x1F, 0xFE, 0x00, 0x00, 0x00, 0x00, 0x00, 0x3F,
  0xFE, 0x00, 0x00, 0x00, 0x00, 0x00, 0xFF, 0xFC, 0x00, 0x00, 0x00, 0x00,
  0x01, 0xFF, 0xF8, 0x00, 0x00, 0x00, 0x00, 0x03, 0xFF, 0xF8, 0x00, 0x00,
  0x00, 0x00, 0x0F, 0xFF, 0xF0, 0x00, 0x00, 0x00, 0x00, 0x1F, 0xFF, 0xE0,
  0x00, 0x00, 0x00, 0x00, 0x3F, 0xBF, 0xE0, 0x00, 0x00, 0x00, 0x00, 0xFF,
  0x3F, 0xC0, 0x00, 0x00, 0x00, 0x01, 0xFE, 0x7F, 0x80, 0x00, 0x00, 0x00,
  0x07, 0xF8, 0xFF, 0x80, 0x00, 0x00, 0x00, 0x0F, 0xF0, 0xFF, 0x00, 0x00,
  0x00, 0x00, 0x1F, 0xE1, 0xFF, 0x00, 0x00, 0x00, 0x00, 0x7F, 0x83, 0xFE,
  0x00, 0x00, 0x00, 0x00, 0xFF, 0x03, 0xFC, 0x00, 0x00, 0x00, 0x03, 0xFC,
  0x07, 0xFC, 0x00, 0x00, 0x00, 0x07, 0xF8, 0x0F, 0xF8, 0x00, 0x00, 0x00,
  0x0F, 0xF0, 0x0F, 0xF0, 0x00, 0x00, 0x00, 0x3F, 0xC0, 0x1F, 0xF0, 0x00,
  0x00, 0x00, 0x7F, 0x80, 0x3F, 0xE0, 0x00, 0x00, 0x00, 0xFF, 0x00, 0x3F,
  0xC0, 0x00, 0x00, 0x03, 0xFC, 0x00, 0x7F, 0xC0, 0x00, 0x00, 0x07, 0xF8,
  0x00, 0xFF, 0x80, 0x00, 0x00, 0x1F, 0xF0, 0x00, 0xFF, 0x80, 0x00, 0x00,
  0x3F, 0xC0, 0x01, 0xFF, 0x00, 0x00, 0x00, 0x7F, 0x80, 0x03, 0xFE, 0x00,
  0x00, 0x01, 0xFE, 0x00, 0x03, 0xFE, 0x00, 0x00, 0x03, 0xFC, 0x00, 0x07,
  0xFC, 0x00, 0x00, 0x07, 0xF8, 0x00, 0x0F, 0xF8, 0x00, 0x00, 0x1F, 0xE0,
  0x00, 0x0F, 0xF8, 0x00, 0x00, 0x3F, 0xC0, 0x00, 0x1F, 0xF0, 0x00, 0x00,
  0xFF, 0x80, 0x00, 0x1F, 0xE0, 0x00, 0x01, 0xFE, 0x00, 0x00, 0x3F, 0xE0,
  0x00, 0x03, 0xFF, 0xFF, 0xFF, 0xFF, 0xC0, 0x00, 0x0F, 0xFF, 0xFF, 0xFF,
  0xFF, 0xC0, 0x00, 0x1F, 0xFF, 0xFF, 0xFF, 0xFF, 0x80, 0x00, 0x3F, 0xFF,
  0xFF, 0xFF, 0xFF, 0x00, 0x00, 0xFF, 0xFF, 0xFF, 0xFF, 0xFF, 0x00, 0x01,
  0xFF, 0xFF, 0xFF, 0xFF, 0xFE, 0x00, 0x07, 0xFF, 0xFF, 0xFF, 0xFF, 0xFC,
  0x00, 0x0F, 0xF0, 0x00, 0x00, 0x07, 0xFC, 0x00, 0x1F, 0xE0, 0x00, 0x00,
  0x0F, 0xF8, 0x00, 0x7F, 0xC0, 0x00, 0x00, 0x0F, 0xF8, 0x00, 0xFF, 0x00,
  0x00, 0x00, 0x1F, 0xF0, 0x01, 0xFE, 0x00, 0x00, 0x00, 0x3F, 0xE0, 0x07,
  0xFC, 0x00, 0x00, 0x00, 0x3F, 0xE0, 0x0F, 0xF0, 0x00, 0x00, 0x00, 0x7F,
  0xC0, 0x3F, 0xE0, 0x00, 0x00, 0x00, 0xFF, 0x80, 0x7F, 0x80, 0x00, 0x00,
  0x00, 0xFF, 0x80, 0xFF, 0x00, 0x00, 0x00, 0x01, 0xFF, 0x03, 0xFE, 0x00,
  0x00, 0x00, 0x03, 0xFE, 0x07, 0xF8, 0x00, 0x00, 0x00, 0x03, 0xFE, 0x0F,
  0xF0, 0x00, 0x00, 0x00, 0x07, 0xFC, 0x3F, 0xE0, 0x00, 0x00, 0x00, 0x0F,
  0xFC, 0x7F, 0x80, 0x00, 0x00, 0x00, 0x0F, 0xF9, 0xFF, 0x00, 0x00, 0x00,
  0x00, 0x1F, 0xF3, 0xFE, 0x00, 0x00, 0x00, 0x00, 0x3F, 0xFF, 0xF8, 0x00,
  0x00, 0x00, 0x00, 0x3F, 0xE0, 0xFF, 0xFF, 0xFF, 0xFF, 0x80, 0x00, 0xFF,
  0xFF, 0xFF, 0xFF, 0xF0, 0x00, 0xFF, 0xFF, 0xFF, 0xFF, 0xFC, 0x00, 0xFF,
  0xFF, 0xFF, 0xFF, 0xFF, 0x00, 0xFF, 0xFF, 0xFF, 0xFF, 0xFF, 0x80, 0xFF,
  0xFF, 0xFF, 0xFF, 0xFF, 0xC0, 0xFF, 0xFF, 0xFF, 0xFF, 0xFF, 0xC0, 0xFF,
  0x80, 0x00, 0x01, 0xFF, 0xE0, 0xFF, 0x80, 0x00, 0x00, 0x7F, 0xF0, 0xFF,
  0x80, 0x00, 0x00, 0x3F, 0xF0, 0xFF, 0x80, 0x00, 0x00, 0x1F, 0xF0, 0xFF,
  0x80, 0x00, 0x00, 0x0F, 0xF8, 0xFF, 0x80, 0x00, 0x00, 0x0F, 0xF8, 0xFF,
  0x80, 0x00, 0x00, 0x0F, 0xF8, 0xFF, 0x80, 0x00, 0x00, 0x0F, 0xF8, 0xFF,
  0x80, 0x00, 0x00, 0x07, 0xF8, 0xFF, 0x80, 0x00, 0x00, 0x07, 0xF8, 0xFF,
  0x80, 0x00, 0x00, 0x0F, 0xF8, 0xFF, 0x80, 0x00, 0x00, 0x0F, 0xF8, 0xFF,
  0x80, 0x00, 0x00, 0x0F, 0xF0, 0xFF, 0x80, 0x00, 0x00, 0x0F, 0xF0, 0xFF,
  0x80, 0x00, 0x00, 0x1F, 0xF0, 0xFF, 0x80, 0x00, 0x00, 0x3F, 0xE0, 0xFF,
  0x80, 0x00, 0x00, 0x7F, 0xC0, 0xFF, 0x80, 0x00, 0x01, 0xFF, 0x80, 0xFF,
  0xFF, 0xFF, 0xFF, 0xFF, 0x00, 0xFF, 0xFF, 0xFF, 0xFF, 0xFE, 0x00, 0xFF,
  0xFF, 0xFF, 0xFF, 0xF8, 0x00, 0xFF, 0xFF, 0xFF, 0xFF, 0xFC, 0x00, 0xFF,
  0xFF, 0xFF, 0xFF, 0xFF, 0x00, 0xFF, 0xFF, 0xFF, 0xFF, 0xFF, 0xC0, 0xFF,
  0xFF, 0xFF, 0xFF, 0xFF, 0xE0, 0xFF, 0x80, 0x00, 0x01, 0xFF, 0xF0, 0xFF,
  0x80, 0x00, 0x00, 0x3F, 0xF8, 0xFF, 0x80, 0x00, 0x00, 0x0F, 0xFC, 0xFF,
  0x80, 0x00, 0x00, 0x07, 0xFC, 0xFF, 0x80, 0x00, 0x00, 0x03, 0xFE, 0xFF,
  0x80, 0x00, 0x00, 0x03, 0xFE, 0xFF, 0x80, 0x00, 0x00, 0x01, 0xFE, 0xFF,
  0x80, 0x00, 0x00, 0x01, 0xFF, 0xFF, 0x80, 0x00, 0x00, 0x01, 0xFF, 0xFF,
  0x80, 0x00, 0x00, 0x01, 0xFF, 0xFF, 0x80, 0x00, 0x00, 0x00, 0xFF, 0xFF,
  0x80, 0x00, 0x00, 0x00, 0xFF, 0xFF, 0x80, 0x00, 0x00, 0x01, 0xFF, 0xFF,
  0x80, 0x00, 0x00, 0x01, 0xFF, 0xFF, 0x80, 0x00, 0x00, 0x01, 0xFF, 0xFF,
  0x80, 0x00, 0x00, 0x01, 0xFE, 0xFF, 0x80, 0x00, 0x00, 0x03, 0xFE, 0xFF,
  0x80, 0x00, 0x00, 0x03, 0xFE, 0xFF, 0x80, 0x00, 0x00, 0x07, 0xFC, 0xFF,
  0x80, 0x00, 0x00, 0x0F, 0xFC, 0xFF, 0x80, 0x00, 0x00, 0x1F, 0xF8, 0xFF,
  0x80, 0x00, 0x00, 0x7F, 0xF0, 0xFF, 0xFF, 0xFF, 0xFF, 0xFF, 0xF0, 0xFF,
  0xFF, 0xFF, 0xFF, 0xFF, 0xE0, 0xFF, 0xFF, 0xFF, 0xFF, 0xFF, 0xC0, 0xFF,
  0xFF, 0xFF, 0xFF, 0xFF, 0x00, 0xFF, 0xFF, 0xFF, 0xFF, 0xFC, 0x00, 0xFF,
  0xFF, 0xFF, 0xFF, 0xF0, 0x00, 0xFF, 0xFF, 0xFF, 0xFF, 0x00, 0x00, 0x00,
  0x00, 0x00, 0x08, 0x00, 0x00, 0x00, 0x00, 0x00, 0x1F, 0xFF, 0xF0, 0x00,
  0x00, 0x00, 0x01, 0xFF, 0xFF, 0xFC, 0x00, 0x00, 0x00, 0x0F, 0xFF, 0xFF,
  0xFE, 0x00, 0x00, 0x00, 0x7F, 0xFF, 0xFF, 0xFF, 0x00, 0x00, 0x01, 0xFF,
  0xFF, 0xFF, 0xFF, 0x00, 0x00, 0x0F, 0xFF, 0xFF, 0xFF, 0xFF, 0x80, 0x00,
  0x3F, 0xFF, 0xFF, 0xFF, 0xFF, 0x80, 0x00, 0xFF, 0xFC, 0x00, 0x0F, 0xFF,
  0x80, 0x03, 0xFF, 0xC0, 0x00, 0x07, 0xFF, 0x00, 0x07, 0xFF, 0x00, 0x00,
  0x03, 0xFF, 0x00, 0x1F, 0xFC, 0x00, 0x00, 0x03, 0xFF, 0x00, 0x7F, 0xE0,
  0x00, 0x00, 0x03, 0xFE, 0x01, 0xFF, 0x80, 0x00, 0x00, 0x03, 0xFE, 0x03,
  0xFE, 0x00, 0x00, 0x00, 0x07, 0xFC, 0x0F, 0xFC, 0x00, 0x00, 0x00, 0x07,
  0xFC, 0x1F, 0xF0, 0x00, 0x00, 0x00, 0x0F, 0xF8, 0x7F, 0xC0, 0x00, 0x00,
  0x00, 0x0F, 0xF0, 0xFF, 0x80, 0x00, 0x00, 0x00, 0x1F, 0xF1, 0xFF, 0x00,
  0x00, 0x00, 0x00, 0x3F, 0xE7, 0xFC, 0x00, 0x00, 0x00, 0x00, 0x00, 0x0F,
  0xF8, 0x00, 0x00, 0x00, 0x00, 0x00, 0x1F, 0xF0, 0x00, 0x00, 0x00, 0x00,
  0x00, 0x3F, 0xC0, 0x00, 0x00, 0x00, 0x00, 0x00, 0xFF, 0x80, 0x00, 0x00,
  0x00, 0x00, 0x01, 0xFF, 0x00, 0x00, 0x00, 0x00, 0x00, 0x03, 0xFE, 0x00,
  0x00, 0x00, 0x00, 0x00, 0x07, 0xFC, 0x00, 0x00, 0x00, 0x00, 0x00, 0x0F,
  0xF8, 0x00, 0x00, 0x00, 0x00, 0x00, 0x1F, 0xE0, 0x00, 0x00, 0x00, 0x00,
  0x00, 0x3F, 0xC0, 0x00, 0x00, 0x00, 0x00, 0x00, 0x7F, 0x80, 0x00, 0x00,
  0x00, 0x00, 0x00, 0xFF, 0x00, 0x00, 0x00, 0x00, 0x00, 0x01, 0xFE, 0x00,
  0x00, 0x00, 0x00, 0x00, 0x03, 0xFC, 0x00, 0x00, 0x00, 0x00, 0x00, 0x07,
  0xF8, 0x00, 0x00, 0x00, 0x00, 0x00, 0x0F, 0xF0, 0x00, 0x00, 0x00, 0x00,
  0x00, 0x1F, 0xE0, 0x00, 0x00, 0x00, 0x00, 0x00, 0x3F, 0xE0, 0x00, 0x00,
  0x00, 0x00, 0x00, 0x7F, 0xC0, 0x00, 0x00, 0x00, 0x00, 0x00, 0xFF, 0x80,
  0x00, 0x00, 0x00, 0x00, 0x00, 0xFF, 0x00, 0x00, 0x00, 0x00, 0x07, 0xFD,
  0xFE, 0x00, 0x00, 0x00, 0x00, 0x0F, 0xF3, 0xFE, 0x00, 0x00, 0x00, 0x00,
  0x1F, 0xE7, 0xFC, 0x00, 0x00, 0x00, 0x00, 0x7F, 0xCF, 0xF8, 0x00, 0x00,
  0x00, 0x00, 0xFF, 0x8F, 0xF8, 0x00, 0x00, 0x00, 0x01, 0xFE, 0x1F, 0xF0,
  0x00, 0x00, 0x00, 0x07, 0xFC, 0x3F, 0xF0, 0x00, 0x00, 0x00, 0x0F, 0xF8,
  0x3F, 0xE0, 0x00, 0x00, 0x00, 0x3F, 0xE0, 0x7F, 0xE0, 0x00, 0x00, 0x00,
  0x7F, 0xC0, 0x7F, 0xE0, 0x00, 0x00, 0x01, 0xFF, 0x00, 0xFF, 0xC0, 0x00,
  0x00, 0x07, 0xFE, 0x00, 0xFF, 0xC0, 0x00, 0x00, 0x1F, 0xF8, 0x00, 0xFF,
  0xE0, 0x00, 0x00, 0x7F, 0xF0, 0x01, 0xFF, 0xE0, 0x00, 0x01, 0xFF, 0xC0,
  0x01, 0xFF, 0xF0, 0x00, 0x0F, 0xFF, 0x00, 0x01, 0xFF, 0xFC, 0x00, 0xFF,
  0xFC, 0x00, 0x01, 0xFF, 0xFF, 0xFF, 0xFF, 0xF0, 0x00, 0x00, 0xFF, 0xFF,
  0xFF, 0xFF, 0xC0, 0x00, 0x00, 0xFF, 0xFF, 0xFF, 0xFE, 0x00, 0x00, 0x00,
  0xFF, 0xFF, 0xFF, 0xF8, 0x00, 0x00, 0x00, 0x7F, 0xFF, 0xFF, 0xC0, 0x00,
  0x00, 0x00, 0x1F, 0xFF, 0xFC, 0x00, 0x00, 0x00, 0x00, 0x03, 0xFF, 0xC0,
  0x00, 0x00, 0xFF, 0xFF, 0xFF, 0xFE, 0x00, 0x00, 0x1F, 0xFF, 0xFF, 0xFF,
  0xF8, 0x00, 0x03, 0xFF, 0xFF, 0xFF, 0xFF, 0xE0, 0x00, 0x7F, 0xFF, 0xFF,
  0xFF, 0xFF, 0x00, 0x0F, 0xFF, 0xFF, 0xFF, 0xFF, 0xF0, 0x01, 0xFF, 0xFF,
  0xFF, 0xFF, 0xFF, 0x00, 0x3F, 0xFF, 0xFF, 0xFF, 0xFF, 0xF0, 0x07, 0xF8,
  0x00, 0x00, 0x7F, 0xFF, 0x00, 0xFF, 0x00, 0x00, 0x00, 0xFF, 0xF0, 0x1F,
  0xE0, 0x00, 0x00, 0x07, 0xFF, 0x03, 0xFC, 0x00, 0x00, 0x00, 0x7F, 0xF0,
  0x7F, 0x80, 0x00, 0x00, 0x07, 0xFE, 0x0F, 0xF0, 0x00, 0x00, 0x00, 0x7F,
  0xE1, 0xFE, 0x00, 0x00, 0x00, 0x07, 0xFE, 0x3F, 0xC0, 0x00, 0x00, 0x00,
  0x7F, 0xC7, 0xF8, 0x00, 0x00, 0x00, 0x0F, 0xF8, 0xFF, 0x00, 0x00, 0x00,
  0x00, 0xFF, 0x9F, 0xE0, 0x00, 0x00, 0x00, 0x1F, 0xF3, 0xFC, 0x00, 0x00,
  0x00, 0x03, 0xFE, 0x7F, 0x80, 0x00, 0x00, 0x00, 0x3F, 0xEF, 0xF0, 0x00,
  0x00, 0x00, 0x07, 0xFD, 0xFE, 0x00, 0x00, 0x00, 0x00, 0xFF, 0xBF, 0xC0,
  0x00, 0x00, 0x00, 0x0F, 0xF7, 0xF8, 0x00, 0x00, 0x00, 0x01, 0xFF, 0xFF,
  0x00, 0x00, 0x00, 0x00, 0x3F, 0xFF, 0xE0, 0x00, 0x00, 0x00, 0x07, 0xFF,
  0xFC, 0x00, 0x00, 0x00, 0x00, 0xFF, 0xFF, 0x80, 0x00, 0x00, 0x00, 0x1F,
  0xFF, 0xF0, 0x00, 0x00, 0x00, 0x03, 0xFF, 0xFE, 0x00, 0x00, 0x00, 0x00,
  0x7F, 0xFF, 0xC0, 0x00, 0x00, 0x00, 0x0F, 0xFF, 0xF8, 0x00, 0x00, 0x00,
  0x01, 0xFF, 0xFF, 0x00, 0x00, 0x00, 0x00, 0x3F, 0xFF, 0xE0, 0x00, 0x00,
  0x00, 0x07, 0xFF, 0xFC, 0x00, 0x00, 0x00, 0x00, 0xFF, 0xFF, 0x80, 0x00,
  0x00, 0x00, 0x1F, 0xFF, 0xF0, 0x00, 0x00, 0x00, 0x03, 0xFD, 0xFE, 0x00,
  0x00, 0x00, 0x00, 0x7F, 0xBF, 0xC0, 0x00, 0x00, 0x00, 0x0F, 0xF7, 0xF8,
  0x00, 0x00, 0x00, 0x03, 0xFE, 0xFF, 0x00, 0x00, 0x00, 0x00, 0x7F, 0xDF,
  0xE0, 0x00, 0x00, 0x00, 0x0F, 0xF3, 0xFC, 0x00, 0x00, 0x00, 0x03, 0xFE,
  0x7F, 0x80, 0x00, 0x00, 0x00, 0x7F, 0xCF, 0xF0, 0x00, 0x00, 0x00, 0x0F,
  0xF1, 0xFE, 0x00, 0x00, 0x00, 0x03, 0xFE, 0x3F, 0xC0, 0x00, 0x00, 0x00,
  0x7F, 0x87, 0xF8, 0x00, 0x00, 0x00, 0x1F, 0xF0, 0xFF, 0x00, 0x00, 0x00,
  0x07, 0xFC, 0x1F, 0xE0, 0x00, 0x00, 0x01, 0xFF, 0x83, 0xFC, 0x00, 0x00,
  0x00, 0x7F, 0xE0, 0x7F, 0x80, 0x00, 0x00, 0x1F, 0xFC, 0x0F, 0xF0, 0x00,
  0x00, 0x07, 0xFF, 0x01, 0xFE, 0x00, 0x00, 0x07, 0xFF, 0xC0, 0x3F, 0xFF,
  0xFF, 0xFF, 0xFF, 0xF0, 0x07, 0xFF, 0xFF, 0xFF, 0xFF, 0xFC, 0x00, 0xFF,
  0xFF, 0xFF, 0xFF, 0xFF, 0x00, 0x1F, 0xFF, 0xFF, 0xFF, 0xFF, 0x80, 0x03,
  0xFF, 0xFF, 0xFF, 0xFF, 0xE0, 0x00, 0x7F, 0xFF, 0xFF, 0xFF, 0xE0, 0x00,
  0x0F, 0xFF, 0xFF, 0xFF, 0xC0, 0x00, 0x00, 0xFF, 0xFF, 0xFF, 0xFF, 0xFF,
  0xFB, 0xFF, 0xFF, 0xFF, 0xFF, 0xFF, 0xEF, 0xFF, 0xFF, 0xFF, 0xFF, 0xFF,
  0xBF, 0xFF, 0xFF, 0xFF, 0xFF, 0xFE, 0xFF, 0xFF, 0xFF, 0xFF, 0xFF, 0xFB,
  0xFF, 0xFF, 0xFF, 0xFF, 0xFF, 0xEF, 0xFF, 0xFF, 0xFF, 0xFF, 0xFF, 0xBF,
  0xFF, 0xFF, 0xFF, 0xFF, 0xFE, 0xFF, 0x80, 0x00, 0x00, 0x00, 0x03, 0xFE,
  0x00, 0x00, 0x00, 0x00, 0x0F, 0xF8, 0x00, 0x00, 0x00, 0x00, 0x3F, 0xE0,
  0x00, 0x00, 0x00, 0x00, 0xFF, 0x80, 0x00, 0x00, 0x00, 0x03, 0xFE, 0x00,
  0x00, 0x00, 0x00, 0x0F, 0xF8, 0x00, 0x00, 0x00, 0x00, 0x3F, 0xE0, 0x00,
  0x00, 0x00, 0x00, 0xFF, 0x80, 0x00, 0x00, 0x00, 0x03, 0xFE, 0x00, 0x00,
  0x00, 0x00, 0x0F, 0xF8, 0x00, 0x00, 0x00, 0x00, 0x3F, 0xE0, 0x00, 0x00,
  0x00, 0x00, 0xFF, 0x80, 0x00, 0x00, 0x00, 0x03, 0xFE, 0x00, 0x00, 0x00,
  0x00, 0x0F, 0xF8, 0x00, 0x00, 0x00, 0x00, 0x3F, 0xE0, 0x00, 0x00, 0x00,
  0x00, 0xFF, 0x80, 0x00, 0x00, 0x00, 0x03, 0xFE, 0x00, 0x00, 0x00, 0x00,
  0x0F, 0xF8, 0x00, 0x00, 0x00, 0x00, 0x3F, 0xFF, 0xFF, 0xFF, 0xFF, 0xF8,
  0xFF, 0xFF, 0xFF, 0xFF, 0xFF, 0xE3, 0xFF, 0xFF, 0xFF, 0xFF, 0xFF, 0x8F,
  0xFF, 0xFF, 0xFF, 0xFF, 0xFE, 0x3F, 0xFF, 0xFF, 0xFF, 0xFF, 0xF8, 0xFF,
  0xFF, 0xFF, 0xFF, 0xFF, 0xE3, 0xFF, 0xFF, 0xFF, 0xFF, 0xFF, 0x8F, 0xF8,
  0x00, 0x00, 0x00, 0x00, 0x3F, 0xE0, 0x00, 0x00, 0x00, 0x00, 0xFF, 0x80,
  0x00, 0x00, 0x00, 0x03, 0xFE, 0x00, 0x00, 0x00, 0x00, 0x0F, 0xF8, 0x00,
  0x00, 0x00, 0x00, 0x3F, 0xE0, 0x00, 0x00, 0x00, 0x00, 0xFF, 0x80, 0x00,
  0x00, 0x00, 0x03, 0xFE, 0x00, 0x00, 0x00, 0x00, 0x0F, 0xF8, 0x00, 0x00,
  0x00, 0x00, 0x3F, 0xE0, 0x00, 0x00, 0x00, 0x00, 0xFF, 0x80, 0x00, 0x00,
  0x00, 0x03, 0xFE, 0x00, 0x00, 0x00, 0x00, 0x0F, 0xF8, 0x00, 0x00, 0x00,
  0x00, 0x3F, 0xE0, 0x00, 0x00, 0x00, 0x00, 0xFF, 0x80, 0x00, 0x00, 0x00,
  0x03, 0xFE, 0x00, 0x00, 0x00, 0x00, 0x0F, 0xF8, 0x00, 0x00, 0x00, 0x00,
  0x3F, 0xE0, 0x00, 0x00, 0x00, 0x00, 0xFF, 0x80, 0x00, 0x00, 0x00, 0x03,
  0xFE, 0x00, 0x00, 0x00, 0x00, 0x0F, 0xF8, 0x00, 0x00, 0x00, 0x00, 0x3F,
  0xFF, 0xFF, 0xFF, 0xFF, 0xFF, 0xFF, 0xFF, 0xFF, 0xFF, 0xFF, 0xFF, 0xFF,
  0xFF, 0xFF, 0xFF, 0xFF, 0xFF, 0xFF, 0xFF, 0xFF, 0xFF, 0xFF, 0xFF, 0xFF,
  0xFF, 0xFF, 0xFF, 0xFF, 0xFF, 0xFF, 0xFF, 0xFF, 0xFF, 0xFF, 0xFF, 0xFF,
  0xFF, 0xFF, 0xFF, 0xF0, 0xFF, 0xFF, 0xFF, 0xFF, 0xFF, 0xFF, 0xFF, 0xFF,
  0xFF, 0xFF, 0xFF, 0xFF, 0xFF, 0xFF, 0xFF, 0xFF, 0xFF, 0xFF, 0xFF, 0xFF,
  0xFF, 0xFF, 0xFF, 0xFF, 0xFF, 0xFF, 0xFF, 0xFF, 0xFF, 0xFF, 0xFF, 0xFF,
  0xFF, 0xFF, 0xFF, 0xFF, 0xFF, 0xFF, 0xFF, 0xFF, 0xFF, 0xFF, 0xFF, 0xFF,
  0x80, 0x00, 0x00, 0x00, 0x1F, 0xF0, 0x00, 0x00, 0x00, 0x03, 0xFE, 0x00,
  0x00, 0x00, 0x00, 0x7F, 0xC0, 0x00, 0x00, 0x00, 0x0F, 0xF8, 0x00, 0x00,
  0x00, 0x01, 0xFF, 0x00, 0x00, 0x00, 0x00, 0x3F, 0xE0, 0x00, 0x00, 0x00,
  0x07, 0xFC, 0x00, 0x00, 0x00, 0x00, 0xFF, 0x80, 0x00, 0x00, 0x00, 0x1F,
  0xF0, 0x00, 0x00, 0x00, 0x03, 0xFE, 0x00, 0x00, 0x00, 0x00, 0x7F, 0xC0,
  0x00, 0x00, 0x00, 0x0F, 0xF8, 0x00, 0x00, 0x00, 0x01, 0xFF, 0x00, 0x00,
  0x00, 0x00, 0x3F, 0xE0, 0x00, 0x00, 0x00, 0x07, 0xFC, 0x00, 0x00, 0x00,
  0x00, 0xFF, 0x80, 0x00, 0x00, 0x00, 0x1F, 0xF0, 0x00, 0x00, 0x00, 0x03,
  0xFE, 0x00, 0x00, 0x00, 0x00, 0x7F, 0xFF, 0xFF, 0xFF, 0xFF, 0x0F, 0xFF,
  0xFF, 0xFF, 0xFF, 0xE1, 0xFF, 0xFF, 0xFF, 0xFF, 0xFC, 0x3F, 0xFF, 0xFF,
  0xFF, 0xFF, 0x87, 0xFF, 0xFF, 0xFF, 0xFF, 0xF0, 0xFF, 0xFF, 0xFF, 0xFF,
  0xFE, 0x1F, 0xFF, 0xFF, 0xFF, 0xFF, 0xC3, 0xFE, 0x00, 0x00, 0x00, 0x00,
  0x7F, 0xC0, 0x00, 0x00, 0x00, 0x0F, 0xF8, 0x00, 0x00, 0x00, 0x01, 0xFF,
  0x00, 0x00, 0x00, 0x00, 0x3F, 0xE0, 0x00, 0x00, 0x00, 0x07, 0xFC, 0x00,
  0x00, 0x00, 0x00, 0xFF, 0x80, 0x00, 0x00, 0x00, 0x1F, 0xF0, 0x00, 0x00,
  0x00, 0x03, 0xFE, 0x00, 0x00, 0x00, 0x00, 0x7F, 0xC0, 0x00, 0x00, 0x00,
  0x0F, 0xF8, 0x00, 0x00, 0x00, 0x01, 0xFF, 0x00, 0x00, 0x00, 0x00, 0x3F,
  0xE0, 0x00, 0x00, 0x00, 0x07, 0xFC, 0x00, 0x00, 0x00, 0x00, 0xFF, 0x80,
  0x00, 0x00, 0x00, 0x1F, 0xF0, 0x00, 0x00, 0x00, 0x03, 0xFE, 0x00, 0x00,
  0x00, 0x00, 0x7F, 0xC0, 0x00, 0x00, 0x00, 0x0F, 0xF8, 0x00, 0x00, 0x00,
  0x01, 0xFF, 0x00, 0x00, 0x00, 0x00, 0x3F, 0xE0, 0x00, 0x00, 0x00, 0x07,
  0xFC, 0x00, 0x00, 0x00, 0x00, 0xFF, 0x80, 0x00, 0x00, 0x00, 0x1F, 0xF0,
  0x00, 0x00, 0x00, 0x03, 0xFE, 0x00, 0x00, 0x00, 0x00, 0x7F, 0xC0, 0x00,
  0x00, 0x00, 0x0F, 0xF8, 0x00, 0x00, 0x00, 0x01, 0xFF, 0x00, 0x00, 0x00,
  0x00, 0x00, 0x00, 0x00, 0x00, 0x04, 0x00, 0x00, 0x00, 0x00, 0x00, 0x03,
  0xFF, 0xFE, 0x00, 0x00, 0x00, 0x00, 0x0F, 0xFF, 0xFF, 0xE0, 0x00, 0x00,
  0x00, 0x1F, 0xFF, 0xFF, 0xFE, 0x00, 0x00, 0x00, 0x3F, 0xFF, 0xFF, 0xFF,
  0xC0, 0x00, 0x00, 0x3F, 0xFF, 0xFF, 0xFF, 0xF0, 0x00, 0x00, 0x7F, 0xFF,
  0xFF, 0xFF, 0xFC, 0x00, 0x00, 0x7F, 0xFF, 0xFF, 0xFF, 0xFF, 0x00, 0x00,
  0x7F, 0xFE, 0x00, 0x0F, 0xFF, 0xC0, 0x00, 0x7F, 0xF8, 0x00, 0x00, 0xFF,
  0xF0, 0x00, 0x7F, 0xF8, 0x00, 0x00, 0x1F, 0xFC, 0x00, 0x3F, 0xF0, 0x00,
  0x00, 0x07, 0xFE, 0x00, 0x3F, 0xF0, 0x00, 0x00, 0x01, 0xFF, 0x80, 0x3F,
  0xF0, 0x00, 0x00, 0x00, 0x7F, 0xC0, 0x1F, 0xF0, 0x00, 0x00, 0x00, 0x1F,
  0xF0, 0x1F, 0xF0, 0x00, 0x00, 0x00, 0x0F, 0xF8, 0x0F, 0xF8, 0x00, 0x00,
  0x00, 0x03, 0xFE, 0x0F, 0xF8, 0x00, 0x00, 0x00, 0x01, 0xFF, 0x07, 0xF8,
  0x00, 0x00, 0x00, 0x00, 0x7F, 0x87, 0xFC, 0x00, 0x00, 0x00, 0x00, 0x3F,
  0xC3, 0xFE, 0x00, 0x00, 0x00, 0x00, 0x00, 0x11, 0xFE, 0x00, 0x00, 0x00,
  0x00, 0x00, 0x01, 0xFF, 0x00, 0x00, 0x00, 0x00, 0x00, 0x00, 0xFF, 0x80,
  0x00, 0x00, 0x00, 0x00, 0x00, 0x7F, 0xC0, 0x00, 0x00, 0x00, 0x00, 0x00,
  0x3F, 0xC0, 0x00, 0x00, 0x00, 0x00, 0x00, 0x1F, 0xE0, 0x00, 0x00, 0x00,
  0x00, 0x00, 0x0F, 0xF0, 0x00, 0x00, 0x00, 0x00, 0x00, 0x0F, 0xF8, 0x00,
  0x00, 0x00, 0x00, 0x00, 0x07, 0xFC, 0x00, 0x00, 0x00, 0x00, 0x00, 0x03,
  0xFE, 0x00, 0x00, 0x1F, 0xFF, 0xFF, 0xFF, 0xFF, 0x00, 0x00, 0x0F, 0xFF,
  0xFF, 0xFF, 0xFF, 0x80, 0x00, 0x07, 0xFF, 0xFF, 0xFF, 0xFF, 0xC0, 0x00,
  0x03, 0xFF, 0xFF, 0xFF, 0xFF, 0xE0, 0x00, 0x01, 0xFF, 0xFF, 0xFF, 0xFF,
  0xF0, 0x00, 0x00, 0xFF, 0xFF, 0xFF, 0xFF, 0xF8, 0x00, 0x00, 0x7F, 0xFF,
  0xFF, 0xFF, 0xFC, 0x00, 0x00, 0x00, 0x00, 0x03, 0xFF, 0xFE, 0x00, 0x00,
  0x00, 0x00, 0x01, 0xFF, 0xFF, 0x00, 0x00, 0x00, 0x00, 0x00, 0xFF, 0x7F,
  0x80, 0x00, 0x00, 0x00, 0x00, 0x7F, 0xBF, 0xE0, 0x00, 0x00, 0x00, 0x00,
  0x7F, 0xDF, 0xF0, 0x00, 0x00, 0x00, 0x00, 0x3F, 0xEF, 0xF8, 0x00, 0x00,
  0x00, 0x00, 0x1F, 0xF7, 0xFC, 0x00, 0x00, 0x00, 0x00, 0x0F, 0xF9, 0xFF,
  0x00, 0x00, 0x00, 0x00, 0x07, 0xFC, 0xFF, 0x80, 0x00, 0x00, 0x00, 0x07,
  0xFE, 0x7F, 0xE0, 0x00, 0x00, 0x00, 0x03, 0xFF, 0x1F, 0xF0, 0x00, 0x00,
  0x00, 0x03, 0xFF, 0x8F, 0xFC, 0x00, 0x00, 0x00, 0x01, 0xFF, 0xC3, 0xFE,
  0x00, 0x00, 0x00, 0x01, 0xFF, 0xE1, 0xFF, 0x80, 0x00, 0x00, 0x00, 0xFF,
  0xF0, 0x7F, 0xE0, 0x00, 0x00, 0x00, 0xFF, 0xF8, 0x3F, 0xF8, 0x00, 0x00,
  0x00, 0xFF, 0xFC, 0x0F, 0xFE, 0x00, 0x00, 0x01, 0xFF, 0xFE, 0x03, 0xFF,
  0x80, 0x00, 0x01, 0xFF, 0xFF, 0x01, 0xFF, 0xF8, 0x00, 0x03, 0xFF, 0x7F,
  0x80, 0x7F, 0xFF, 0x80, 0x1F, 0xFF, 0x1F, 0xC0, 0x1F, 0xFF, 0xFF, 0xFF,
  0xFF, 0x0F, 0xE0, 0x03, 0xFF, 0xFF, 0xFF, 0xFF, 0x07, 0xF0, 0x00, 0xFF,
  0xFF, 0xFF, 0xFF, 0x03, 0xF8, 0x00, 0x1F, 0xFF, 0xFF, 0xFE, 0x00, 0xFC,
  0x00, 0x03, 0xFF, 0xFF, 0xFC, 0x00, 0x7E, 0x00, 0x00, 0x7F, 0xFF, 0xF8,
  0x00, 0x00, 0x00, 0x00, 0x03, 0xFF, 0xC0, 0x00, 0x00, 0x00, 0xFF, 0x00,
  0x00, 0x00, 0x00, 0xFF, 0xFF, 0x80, 0x00, 0x00, 0x00, 0x7F, 0xFF, 0xC0,
  0x00, 0x00, 0x00, 0x3F, 0xFF, 0xE0, 0x00, 0x00, 0x00, 0x1F, 0xFF, 0xF0,
  0x00, 0x00, 0x00, 0x0F, 0xFF, 0xF8, 0x00, 0x00, 0x00, 0x07, 0xFF, 0xFC,
  0x00, 0x00, 0x00, 0x03, 0xFF, 0xFE, 0x00, 0x00, 0x00, 0x01, 0xFF, 0xFF,
  0x00, 0x00, 0x00, 0x00, 0xFF, 0xFF, 0x80, 0x00, 0x00, 0x00, 0x7F, 0xFF,
  0xC0, 0x00, 0x00, 0x00, 0x3F, 0xFF, 0xE0, 0x00, 0x00, 0x00, 0x1F, 0xFF,
  0xF0, 0x00, 0x00, 0x00, 0x0F, 0xFF, 0xF8, 0x00, 0x00, 0x00, 0x07, 0xFF,
  0xFC, 0x00, 0x00, 0x00, 0x03, 0xFF, 0xFE, 0x00, 0x00, 0x00, 0x01, 0xFF,
  0xFF, 0x00, 0x00, 0x00, 0x00, 0xFF, 0xFF, 0x80, 0x00, 0x00, 0x00, 0x7F,
  0xFF, 0xC0, 0x00, 0x00, 0x00, 0x3F, 0xFF, 0xE0, 0x00, 0x00, 0x00, 0x1F,
  0xFF, 0xF0, 0x00, 0x00, 0x00, 0x0F, 0xFF, 0xF8, 0x00, 0x00, 0x00, 0x07,
  0xFF, 0xFC, 0x00, 0x00, 0x00, 0x03, 0xFF, 0xFE, 0x00, 0x00, 0x00, 0x01,
  0xFF, 0xFF, 0x00, 0x00, 0x00, 0x00, 0xFF, 0xFF, 0xFF, 0xFF, 0xFF, 0xFF,
  0xFF, 0xFF, 0xFF, 0xFF, 0xFF, 0xFF, 0xFF, 0xFF, 0xFF, 0xFF, 0xFF, 0xFF,
  0xFF, 0xFF, 0xFF, 0xFF, 0xFF, 0xFF, 0xFF, 0xFF, 0xFF, 0xFF, 0xFF, 0xFF,
  0xFF, 0xFF, 0xFF, 0xFF, 0xFF, 0xFF, 0xFF, 0xFF, 0xFF, 0xFF, 0xFF, 0xFF,
  0xFF, 0xFF, 0xFF, 0x00, 0x00, 0x00, 0x00, 0xFF, 0xFF, 0x80, 0x00, 0x00,
  0x00, 0x7F, 0xFF, 0xC0, 0x00, 0x00, 0x00, 0x3F, 0xFF, 0xE0, 0x00, 0x00,
  0x00, 0x1F, 0xFF, 0xF0, 0x00, 0x00, 0x00, 0x0F, 0xFF, 0xF8, 0x00, 0x00,
  0x00, 0x07, 0xFF, 0xFC, 0x00, 0x00, 0x00, 0x03, 0xFF, 0xFE, 0x00, 0x00,
  0x00, 0x01, 0xFF, 0xFF, 0x00, 0x00, 0x00, 0x00, 0xFF, 0xFF, 0x80, 0x00,
  0x00, 0x00, 0x7F, 0xFF, 0xC0, 0x00, 0x00, 0x00, 0x3F, 0xFF, 0xE0, 0x00,
  0x00, 0x00, 0x1F, 0xFF, 0xF0, 0x00, 0x00, 0x00, 0x0F, 0xFF, 0xF8, 0x00,
  0x00, 0x00, 0x07, 0xFF, 0xFC, 0x00, 0x00, 0x00, 0x03, 0xFF, 0xFE, 0x00,
  0x00, 0x00, 0x01, 0xFF, 0xFF, 0x00, 0x00, 0x00, 0x00, 0xFF, 0xFF, 0x80,
  0x00, 0x00, 0x00, 0x7F, 0xFF, 0xC0, 0x00, 0x00, 0x00, 0x3F, 0xFF, 0xE0,
  0x00, 0x00, 0x00, 0x1F, 0xFF, 0xF0, 0x00, 0x00, 0x00, 0x0F, 0xFF, 0xF8,
  0x00, 0x00, 0x00, 0x07, 0xFF, 0xFC, 0x00, 0x00, 0x00, 0x03, 0xFF, 0xFE,
  0x00, 0x00, 0x00, 0x01, 0xFF, 0xFF, 0x00, 0x00, 0x00, 0x00, 0xFF, 0xFF,
  0x80, 0x00, 0x00, 0x00, 0x7F, 0xFF, 0xC0, 0x00, 0x00, 0x00, 0x3F, 0xFF,
  0xE0, 0x00, 0x00, 0x00, 0x1F, 0xFF, 0xF0, 0x00, 0x00, 0x00, 0x0F, 0xF8,
  0xFF, 0xFF, 0xFF, 0xFF, 0xFF, 0xFF, 0xFF, 0xFF, 0xFF, 0xFF, 0xFF, 0xFF,
  0xFF, 0xFF, 0xFF, 0xFF, 0xFF, 0xFF, 0xFF, 0xFF, 0xFF, 0xFF, 0xFF, 0xFF,
  0xFF, 0xFF, 0xFF, 0xFF, 0xFF, 0xFF, 0xFF, 0xFF, 0xFF, 0xFF, 0xFF, 0xFF,
  0xFF, 0xFF, 0xFF, 0xFF, 0xFF, 0xFF, 0xFF, 0xFF, 0xFF, 0xFF, 0xFF, 0xFF,
  0xFF, 0xFF, 0xFF, 0xFF, 0xFF, 0xFF, 0xFF, 0xFF, 0xFF, 0xFF, 0xFF, 0xFF,
  0xFF, 0xFF, 0xFF, 0xFF, 0xFF, 0xFF, 0xFF, 0xFF, 0xF8, 0x00, 0x00, 0x00,
  0x0F, 0xF0, 0x00, 0x00, 0x00, 0xFF, 0x00, 0x00, 0x00, 0x0F, 0xF0, 0x00,
  0x00, 0x00, 0xFF, 0x00, 0x00, 0x00, 0x0F, 0xF0, 0x00, 0x00, 0x00, 0xFF,
  0x00, 0x00, 0x00, 0x0F, 0xF0, 0x00, 0x00, 0x00, 0xFF, 0x00, 0x00, 0x00,
  0x0F, 0xF0, 0x00, 0x00, 0x00, 0xFF, 0x00, 0x00, 0x00, 0x0F, 0xF0, 0x00,
  0x00, 0x00, 0xFF, 0x00, 0x00, 0x00, 0x0F, 0xF0, 0x00, 0x00, 0x00, 0xFF,
  0x00, 0x00, 0x00, 0x0F, 0xF0, 0x00, 0x00, 0x00, 0xFF, 0x00, 0x00, 0x00,
  0x0F, 0xF0, 0x00, 0x00, 0x00, 0xFF, 0x00, 0x00, 0x00, 0x0F, 0xF0, 0x00,
  0x00, 0x00, 0xFF, 0x00, 0x00, 0x00, 0x0F, 0xF0, 0x00, 0x00, 0x00, 0xFF,
  0x00, 0x00, 0x00, 0x0F, 0xF0, 0x00, 0x00, 0x00, 0xFF, 0x00, 0x00, 0x00,
  0x0F, 0xF0, 0x00, 0x00, 0x00, 0xFF, 0x00, 0x00, 0x00, 0x0F, 0xF0, 0x00,
  0x00, 0x00, 0xFF, 0x00, 0x00, 0x00, 0x0F, 0xF0, 0x00, 0x00, 0x00, 0xFF,
  0x00, 0x00, 0x00, 0x0F, 0xF0, 0x00, 0x00, 0x00, 0xFF, 0x00, 0x00, 0x00,
  0x0F, 0xF0, 0x00, 0x00, 0x00, 0xFF, 0x00, 0x00, 0x00, 0x0F, 0xF0, 0x00,
  0x00, 0x00, 0xFF, 0x00, 0x00, 0x00, 0x0F, 0xF0, 0x00, 0x00, 0x00, 0xFF,
  0x00, 0x00, 0x00, 0x0F, 0xF0, 0x00, 0x00, 0x00, 0xFF, 0x00, 0x00, 0x00,
  0x0F, 0xF0, 0x00, 0x00, 0x00, 0xFF, 0xFF, 0x00, 0x00, 0x0F, 0xFF, 0xF0,
  0x00, 0x00, 0xFF, 0xFF, 0x00, 0x00, 0x1F, 0xFF, 0xF0, 0x00, 0x01, 0xFF,
  0xFF, 0x00, 0x00, 0x1F, 0xFF, 0xF0, 0x00, 0x01, 0xFF, 0x7F, 0x00, 0x00,
  0x1F, 0xE7, 0xF8, 0x00, 0x01, 0xFE, 0x7F, 0x80, 0x00, 0x1F, 0xE7, 0xF8,
  0x00, 0x03, 0xFE, 0x7F, 0xC0, 0x00, 0x3F, 0xE7, 0xFC, 0x00, 0x07, 0xFC,
  0x3F, 0xE0, 0x00, 0xFF, 0xC3, 0xFF, 0x80, 0x1F, 0xF8, 0x1F, 0xFF, 0xFF,
  0xFF, 0x81, 0xFF, 0xFF, 0xFF, 0xF0, 0x0F, 0xFF, 0xFF, 0xFE, 0x00, 0x3F,
  0xFF, 0xFF, 0xC0, 0x01, 0xFF, 0xFF, 0xF0, 0x00, 0x07, 0xFF, 0xFC, 0x00,
  0x00, 0x0F, 0xFE, 0x00, 0x00, 0xFF, 0x00, 0x00, 0x00, 0x07, 0xFF, 0xBF,
  0xC0, 0x00, 0x00, 0x03, 0xFF, 0xCF, 0xF0, 0x00, 0x00, 0x01, 0xFF, 0xE3,
  0xFC, 0x00, 0x00, 0x00, 0xFF, 0xF0, 0xFF, 0x00, 0x00, 0x00, 0x7F, 0xF8,
  0x3F, 0xC0, 0x00, 0x00, 0x3F, 0xFC, 0x0F, 0xF0, 0x00, 0x00, 0x1F, 0xFE,
  0x03, 0xFC, 0x00, 0x00, 0x0F, 0xFF, 0x00, 0xFF, 0x00, 0x00, 0x07, 0xFF,
  0x80, 0x3F, 0xC0, 0x00, 0x03, 0xFF, 0xC0, 0x0F, 0xF0, 0x00, 0x01, 0xFF,
  0xC0, 0x03, 0xFC, 0x00, 0x00, 0xFF, 0xE0, 0x00, 0xFF, 0x00, 0x00, 0x7F,
  0xF0, 0x00, 0x3F, 0xC0, 0x00, 0x3F, 0xF8, 0x00, 0x0F, 0xF0, 0x00, 0x1F,
  0xFC, 0x00, 0x03, 0xFC, 0x00, 0x0F, 0xFE, 0x00, 0x00, 0xFF, 0x00, 0x07,
  0xFF, 0x00, 0x00, 0x3F, 0xC0, 0x03, 0xFF, 0x80, 0x00, 0x0F, 0xF0, 0x01,
  0xFF, 0xC0, 0x00, 0x03, 0xFC, 0x00, 0xFF, 0xE0, 0x00, 0x00, 0xFF, 0x00,
  0x7F, 0xF0, 0x00, 0x00, 0x3F, 0xC0, 0x3F, 0xF8, 0x00, 0x00, 0x0F, 0xF0,
  0x1F, 0xFC, 0x00, 0x00, 0x03, 0xFC, 0x0F, 0xFE, 0x00, 0x00, 0x00, 0xFF,
  0x07, 0xFF, 0x00, 0x00, 0x00, 0x3F, 0xC3, 0xFF, 0xC0, 0x00, 0x00, 0x0F,
  0xF1, 0xFF, 0xF8, 0x00, 0x00, 0x03, 0xFC, 0xFF, 0xFF, 0x00, 0x00, 0x00,
  0xFF, 0x7F, 0xFF, 0xC0, 0x00, 0x00, 0x3F, 0xFF, 0xFF, 0xF8, 0x00, 0x00,
  0x0F, 0xFF, 0xFF, 0xFF, 0x00, 0x00, 0x03, 0xFF, 0xFE, 0xFF, 0xE0, 0x00,
  0x00, 0xFF, 0xFF, 0x1F, 0xF8, 0x00, 0x00, 0x3F, 0xFF, 0x83, 0xFF, 0x00,
  0x00, 0x0F, 0xFF, 0x80, 0xFF, 0xE0, 0x00, 0x03, 0xFF, 0xC0, 0x1F, 0xF8,
  0x00, 0x00, 0xFF, 0xE0, 0x03, 0xFF, 0x00, 0x00, 0x3F, 0xF0, 0x00, 0xFF,
  0xE0, 0x00, 0x0F, 0xF8, 0x00, 0x1F, 0xFC, 0x00, 0x03, 0xFC, 0x00, 0x03,
  0xFF, 0x00, 0x00, 0xFF, 0x00, 0x00, 0x7F, 0xE0, 0x00, 0x3F, 0xC0, 0x00,
  0x1F, 0xFC, 0x00, 0x0F, 0xF0, 0x00, 0x03, 0xFF, 0x80, 0x03, 0xFC, 0x00,
  0x00, 0x7F, 0xE0, 0x00, 0xFF, 0x00, 0x00, 0x1F, 0xFC, 0x00, 0x3F, 0xC0,
  0x00, 0x03, 0xFF, 0x80, 0x0F, 0xF0, 0x00, 0x00, 0x7F, 0xE0, 0x03, 0xFC,
  0x00, 0x00, 0x0F, 0xFC, 0x00, 0xFF, 0x00, 0x00, 0x03, 0xFF, 0x80, 0x3F,
  0xC0, 0x00, 0x00, 0x7F, 0xF0, 0x0F, 0xF0, 0x00, 0x00, 0x0F, 0xFC, 0x03,
  0xFC, 0x00, 0x00, 0x03, 0xFF, 0x80, 0xFF, 0x00, 0x00, 0x00, 0x7F, 0xF0,
  0x3F, 0xC0, 0x00, 0x00, 0x0F, 0xFE, 0x0F, 0xF0, 0x00, 0x00, 0x01, 0xFF,
  0x83, 0xFC, 0x00, 0x00, 0x00, 0x7F, 0xF0, 0xFF, 0x00, 0x00, 0x00, 0x0F,
  0xFE, 0x3F, 0xC0, 0x00, 0x00, 0x01, 0xFF, 0x8F, 0xF0, 0x00, 0x00, 0x00,
  0x7F, 0xF3, 0xFC, 0x00, 0x00, 0x00, 0x0F, 0xFE, 0xFF, 0x00, 0x00, 0x00,
  0x01, 0xFF, 0xC0, 0xFF, 0x00, 0x00, 0x00, 0x01, 0xFE, 0x00, 0x00, 0x00,
  0x03, 0xFC, 0x00, 0x00, 0x00, 0x07, 0xF8, 0x00, 0x00, 0x00, 0x0F, 0xF0,
  0x00, 0x00, 0x00, 0x1F, 0xE0, 0x00, 0x00, 0x00, 0x3F, 0xC0, 0x00, 0x00,
  0x00, 0x7F, 0x80, 0x00, 0x00, 0x00, 0xFF, 0x00, 0x00, 0x00, 0x01, 0xFE,
  0x00, 0x00, 0x00, 0x03, 0xFC, 0x00, 0x00, 0x00, 0x07, 0xF8, 0x00, 0x00,
  0x00, 0x0F, 0xF0, 0x00, 0x00, 0x00, 0x1F, 0xE0, 0x00, 0x00, 0x00, 0x3F,
  0xC0, 0x00, 0x00, 0x00, 0x7F, 0x80, 0x00, 0x00, 0x00, 0xFF, 0x00, 0x00,
  0x00, 0x01, 0xFE, 0x00, 0x00, 0x00, 0x03, 0xFC, 0x00, 0x00, 0x00, 0x07,
  0xF8, 0x00, 0x00, 0x00, 0x0F, 0xF0, 0x00, 0x00, 0x00, 0x1F, 0xE0, 0x00,
  0x00, 0x00, 0x3F, 0xC0, 0x00, 0x00, 0x00, 0x7F, 0x80, 0x00, 0x00, 0x00,
  0xFF, 0x00, 0x00, 0x00, 0x01, 0xFE, 0x00, 0x00, 0x00, 0x03, 0xFC, 0x00,
  0x00, 0x00, 0x07, 0xF8, 0x00, 0x00, 0x00, 0x0F, 0xF0, 0x00, 0x00, 0x00,
  0x1F, 0xE0, 0x00, 0x00, 0x00, 0x3F, 0xC0, 0x00, 0x00, 0x00, 0x7F, 0x80,
  0x00, 0x00, 0x00, 0xFF, 0x00, 0x00, 0x00, 0x01, 0xFE, 0x00, 0x00, 0x00,
  0x03, 0xFC, 0x00, 0x00, 0x00, 0x07, 0xF8, 0x00, 0x00, 0x00, 0x0F, 0xF0,
  0x00, 0x00, 0x00, 0x1F, 0xE0, 0x00, 0x00, 0x00, 0x3F, 0xC0, 0x00, 0x00,
  0x00, 0x7F, 0x80, 0x00, 0x00, 0x00, 0xFF, 0x00, 0x00, 0x00, 0x01, 0xFE,
  0x00, 0x00, 0x00, 0x03, 0xFC, 0x00, 0x00, 0x00, 0x07, 0xF8, 0x00, 0x00,
  0x00, 0x0F, 0xF0, 0x00, 0x00, 0x00, 0x1F, 0xE0, 0x00, 0x00, 0x00, 0x3F,
  0xC0, 0x00, 0x00, 0x00, 0x7F, 0x80, 0x00, 0x00, 0x00, 0xFF, 0x00, 0x00,
  0x00, 0x01, 0xFE, 0x00, 0x00, 0x00, 0x03, 0xFC, 0x00, 0x00, 0x00, 0x07,
  0xF8, 0x00, 0x00, 0x00, 0x0F, 0xF0, 0x00, 0x00, 0x00, 0x1F, 0xE0, 0x00,
  0x00, 0x00, 0x3F, 0xFF, 0xFF, 0xFF, 0xFF, 0xFF, 0xFF, 0xFF, 0xFF, 0xFF,
  0xFF, 0xFF, 0xFF, 0xFF, 0xFF, 0xFF, 0xFF, 0xFF, 0xFF, 0xFF, 0xFF, 0xFF,
  0xFF, 0xFF, 0xFF, 0xFF, 0xFF, 0xFF, 0xFF, 0xFF, 0xFF, 0xFF, 0xFF, 0xFF,
  0xE0, 0xFF, 0xF0, 0x00, 0x00, 0x00, 0x01, 0xFF, 0xFF, 0xFF, 0x00, 0x00,
  0x00, 0x00, 0x3F, 0xFF, 0xFF, 0xE0, 0x00, 0x00, 0x00, 0x07, 0xFF, 0xFF,
  0xFE, 0x00, 0x00, 0x00, 0x01, 0xFF, 0xFF, 0xFF, 0xC0, 0x00, 0x00, 0x00,
  0x3F, 0xFF, 0xFF, 0xF8, 0x00, 0x00, 0x00, 0x07, 0xFF, 0xFF, 0xFF, 0x80,
  0x00, 0x00, 0x01, 0xFF, 0xFF, 0xFF, 0xF0, 0x00, 0x00, 0x00, 0x3F, 0xFF,
  0xFF, 0xFE, 0x00, 0x00, 0x00, 0x07, 0xFF, 0xFF, 0xFF, 0xE0, 0x00, 0x00,
  0x01, 0xFF, 0xFF, 0xFF, 0xFC, 0x00, 0x00, 0x00, 0x3F, 0xFF, 0xFF, 0xBF,
  0x80, 0x00, 0x00, 0x07, 0xF7, 0xFF, 0xF7, 0xF8, 0x00, 0x00, 0x01, 0xFE,
  0xFF, 0xFE, 0xFF, 0x00, 0x00, 0x00, 0x3F, 0x9F, 0xFF, 0xCF, 0xE0, 0x00,
  0x00, 0x07, 0xF3, 0xFF, 0xF9, 0xFE, 0x00, 0x00, 0x01, 0xFE, 0x7F, 0xFF,
  0x3F, 0xC0, 0x00, 0x00, 0x3F, 0x8F, 0xFF, 0xE3, 0xF8, 0x00, 0x00, 0x07,
  0xF1, 0xFF, 0xFC, 0x7F, 0x80, 0x00, 0x01, 0xFE, 0x3F, 0xFF, 0x8F, 0xF0,
  0x00, 0x00, 0x3F, 0x87, 0xFF, 0xF0, 0xFE, 0x00, 0x00, 0x07, 0xF0, 0xFF,
  0xFE, 0x1F, 0xE0, 0x00, 0x01, 0xFE, 0x1F, 0xFF, 0xC3, 0xFC, 0x00, 0x00,
  0x3F, 0x83, 0xFF, 0xF8, 0x3F, 0x80, 0x00, 0x07, 0xF0, 0x7F, 0xFF, 0x07,
  0xF8, 0x00, 0x01, 0xFE, 0x0F, 0xFF, 0xE0, 0x7F, 0x00, 0x00, 0x3F, 0x81,
  0xFF, 0xFC, 0x0F, 0xE0, 0x00, 0x07, 0xF0, 0x3F, 0xFF, 0x81, 0xFE, 0x00,
  0x01, 0xFE, 0x07, 0xFF, 0xF0, 0x1F, 0xC0, 0x00, 0x3F, 0x80, 0xFF, 0xFE,
  0x03, 0xF8, 0x00, 0x07, 0xF0, 0x1F, 0xFF, 0xC0, 0x7F, 0x80, 0x01, 0xFE,
  0x03, 0xFF, 0xF8, 0x07, 0xF0, 0x00, 0x3F, 0x80, 0x7F, 0xFF, 0x00, 0xFE,
  0x00, 0x07, 0xF0, 0x0F, 0xFF, 0xE0, 0x1F, 0xE0, 0x01, 0xFE, 0x01, 0xFF,
  0xFC, 0x01, 0xFC, 0x00, 0x3F, 0x80, 0x3F, 0xFF, 0x80, 0x3F, 0x80, 0x07,
  0xF0, 0x07, 0xFF, 0xF0, 0x07, 0xF8, 0x01, 0xFE, 0x00, 0xFF, 0xFE, 0x00,
  0x7F, 0x00, 0x3F, 0x80, 0x1F, 0xFF, 0xC0, 0x0F, 0xF0, 0x0F, 0xF0, 0x03,
  0xFF, 0xF8, 0x01, 0xFE, 0x01, 0xFE, 0x00, 0x7F, 0xFF, 0x00, 0x1F, 0xC0,
  0x3F, 0x80, 0x0F, 0xFF, 0xE0, 0x03, 0xFC, 0x0F, 0xF0, 0x01, 0xFF, 0xFC,
  0x00, 0x7F, 0x81, 0xFE, 0x00, 0x3F, 0xFF, 0x80, 0x07, 0xF0, 0x3F, 0x80,
  0x07, 0xFF, 0xF0, 0x00, 0xFF, 0x0F, 0xF0, 0x00, 0xFF, 0xFE, 0x00, 0x1F,
  0xE1, 0xFC, 0x00, 0x1F, 0xFF, 0xC0, 0x01, 0xFC, 0x3F, 0x80, 0x03, 0xFF,
  0xF8, 0x00, 0x3F, 0xCF, 0xF0, 0x00, 0x7F, 0xFF, 0x00, 0x07, 0xF9, 0xFC,
  0x00, 0x0F, 0xFF, 0xE0, 0x00, 0x7F, 0x3F, 0x80, 0x01, 0xFF, 0xFC, 0x00,
  0x0F, 0xFF, 0xF0, 0x00, 0x3F, 0xFF, 0x80, 0x00, 0xFF, 0xFC, 0x00, 0x07,
  0xFF, 0xF0, 0x00, 0x1F, 0xFF, 0x80, 0x00, 0xFF, 0xFE, 0x00, 0x03, 0xFF,
  0xF0, 0x00, 0x1F, 0xFF, 0xC0, 0x00, 0x3F, 0xFC, 0x00, 0x03, 0xFF, 0xF8,
  0x00, 0x07, 0xFF, 0x80, 0x00, 0x7F, 0xFF, 0x00, 0x00, 0xFF, 0xF0, 0x00,
  0x0F, 0xFF, 0xE0, 0x00, 0x0F, 0xFC, 0x00, 0x01, 0xFF, 0xFC, 0x00, 0x01,
  0xFF, 0x80, 0x00, 0x3F, 0xFF, 0x80, 0x00, 0x3F, 0xF0, 0x00, 0x07, 0xFF,
  0xF0, 0x00, 0x03, 0xFC, 0x00, 0x00, 0xFE, 0xFF, 0xC0, 0x00, 0x00, 0x00,
  0x7F, 0xFF, 0xE0, 0x00, 0x00, 0x00, 0x3F, 0xFF, 0xF8, 0x00, 0x00, 0x00,
  0x1F, 0xFF, 0xFE, 0x00, 0x00, 0x00, 0x0F, 0xFF, 0xFF, 0x00, 0x00, 0x00,
  0x07, 0xFF, 0xFF, 0xC0, 0x00, 0x00, 0x03, 0xFF, 0xFF, 0xF0, 0x00, 0x00,
  0x01, 0xFF, 0xFF, 0xF8, 0x00, 0x00, 0x00, 0xFF, 0xFF, 0xFE, 0x00, 0x00,
  0x00, 0x7F, 0xFF, 0xFF, 0x00, 0x00, 0x00, 0x3F, 0xFF, 0xFF, 0xC0, 0x00,
  0x00, 0x1F, 0xFF, 0xFF, 0xF0, 0x00, 0x00, 0x0F, 0xFF, 0xFF, 0xF8, 0x00,
  0x00, 0x07, 0xFF, 0xFF, 0xFE, 0x00, 0x00, 0x03, 0xFF, 0xFD, 0xFF, 0x80,
  0x00, 0x01, 0xFF, 0xFE, 0x7F, 0xC0, 0x00, 0x00, 0xFF, 0xFF, 0x3F, 0xF0,
  0x00, 0x00, 0x7F, 0xFF, 0x8F, 0xF8, 0x00, 0x00, 0x3F, 0xFF, 0xC3, 0xFE,
  0x00, 0x00, 0x1F, 0xFF, 0xE1, 0xFF, 0x80, 0x00, 0x0F, 0xFF, 0xF0, 0x7F,
  0xC0, 0x00, 0x07, 0xFF, 0xF8, 0x1F, 0xF0, 0x00, 0x03, 0xFF, 0xFC, 0x0F,
  0xFC, 0x00, 0x01, 0xFF, 0xFE, 0x03, 0xFE, 0x00, 0x00, 0xFF, 0xFF, 0x00,
  0xFF, 0x80, 0x00, 0x7F, 0xFF, 0x80, 0x7F, 0xC0, 0x00, 0x3F, 0xFF, 0xC0,
  0x1F, 0xF0, 0x00, 0x1F, 0xFF, 0xE0, 0x07, 0xFC, 0x00, 0x0F, 0xFF, 0xF0,
  0x03, 0xFE, 0x00, 0x07, 0xFF, 0xF8, 0x00, 0xFF, 0x80, 0x03, 0xFF, 0xFC,
  0x00, 0x7F, 0xE0, 0x01, 0xFF, 0xFE, 0x00, 0x1F, 0xF0, 0x00, 0xFF, 0xFF,
  0x00, 0x07, 0xFC, 0x00, 0x7F, 0xFF, 0x80, 0x03, 0xFF, 0x00, 0x3F, 0xFF,
  0xC0, 0x00, 0xFF, 0x80, 0x1F, 0xFF, 0xE0, 0x00, 0x3F, 0xE0, 0x0F, 0xFF,
  0xF0, 0x00, 0x1F, 0xF0, 0x07, 0xFF, 0xF8, 0x00, 0x07, 0xFC, 0x03, 0xFF,
  0xFC, 0x00, 0x01, 0xFF, 0x01, 0xFF, 0xFE, 0x00, 0x00, 0xFF, 0x80, 0xFF,
  0xFF, 0x00, 0x00, 0x3F, 0xE0, 0x7F, 0xFF, 0x80, 0x00, 0x0F, 0xF8, 0x3F,
  0xFF, 0xC0, 0x00, 0x07, 0xFC, 0x1F, 0xFF, 0xE0, 0x00, 0x01, 0xFF, 0x0F,
  0xFF, 0xF0, 0x00, 0x00, 0xFF, 0x87, 0xFF, 0xF8, 0x00, 0x00, 0x3F, 0xE3,
  0xFF, 0xFC, 0x00, 0x00, 0x0F, 0xF9, 0xFF, 0xFE, 0x00, 0x00, 0x07, 0xFC,
  0xFF, 0xFF, 0x00, 0x00, 0x01, 0xFF, 0x7F, 0xFF, 0x80, 0x00, 0x00, 0x7F,
  0xFF, 0xFF, 0xC0, 0x00, 0x00, 0x3F, 0xFF, 0xFF, 0xE0, 0x00, 0x00, 0x0F,
  0xFF, 0xFF, 0xF0, 0x00, 0x00, 0x03, 0xFF, 0xFF, 0xF8, 0x00, 0x00, 0x01,
  0xFF, 0xFF, 0xFC, 0x00, 0x00, 0x00, 0x7F, 0xFF, 0xFE, 0x00, 0x00, 0x00,
  0x1F, 0xFF, 0xFF, 0x00, 0x00, 0x00, 0x0F, 0xFF, 0xFF, 0x80, 0x00, 0x00,
  0x03, 0xFF, 0xFF, 0xC0, 0x00, 0x00, 0x00, 0xFF, 0xFF, 0xE0, 0x00, 0x00,
  0x00, 0x7F, 0xFF, 0xF0, 0x00, 0x00, 0x00, 0x1F, 0xF8, 0x00, 0x00, 0x00,
  0x02, 0x00, 0x00, 0x00, 0x00, 0x00, 0x00, 0x1F, 0xFF, 0xF8, 0x00, 0x00,
  0x00, 0x00, 0x0F, 0xFF, 0xFF, 0xF8, 0x00, 0x00, 0x00, 0x01, 0xFF, 0xFF,
  0xFF, 0xF0, 0x00, 0x00, 0x00, 0x3F, 0xFF, 0xFF, 0xFF, 0xE0, 0x00, 0x00,
  0x03, 0xFF, 0xFF, 0xFF, 0xFF, 0xC0, 0x00, 0x00, 0x7F, 0xFF, 0xFF, 0xFF,
  0xFF, 0x00, 0x00, 0x07, 0xFF, 0xFF, 0xFF, 0xFF, 0xFC, 0x00, 0x00, 0x7F,
  0xFF, 0x00, 0x03, 0xFF, 0xF0, 0x00, 0x07, 0xFF, 0xC0, 0x00, 0x07, 0xFF,
  0xC0, 0x00, 0x3F, 0xF8, 0x00, 0x00, 0x0F, 0xFF, 0x00, 0x03, 0xFF, 0x80,
  0x00, 0x00, 0x3F, 0xFC, 0x00, 0x3F, 0xF8, 0x00, 0x00, 0x00, 0x7F, 0xF0,
  0x03, 0xFF, 0x80, 0x00, 0x00, 0x01, 0xFF, 0x80, 0x1F, 0xF8, 0x00, 0x00,
  0x00, 0x0F, 0xFE, 0x01, 0xFF, 0x80, 0x00, 0x00, 0x00, 0x3F, 0xF0, 0x0F,
  0xF8, 0x00, 0x00, 0x00, 0x00, 0xFF, 0xC0, 0xFF, 0xC0, 0x00, 0x00, 0x00,
  0x03, 0xFE, 0x07, 0xFC, 0x00, 0x00, 0x00, 0x00, 0x1F, 0xF0, 0x3F, 0xE0,
  0x00, 0x00, 0x00, 0x00, 0x7F, 0xC3, 0xFE, 0x00, 0x00, 0x00, 0x00, 0x03,
  0xFE, 0x1F, 0xF0, 0x00, 0x00, 0x00, 0x00, 0x1F, 0xF0, 0xFF, 0x00, 0x00,
  0x00, 0x00, 0x00, 0x7F, 0xCF, 0xF8, 0x00, 0x00, 0x00, 0x00, 0x03, 0xFE,
  0x7F, 0xC0, 0x00, 0x00, 0x00, 0x00, 0x1F, 0xF3, 0xFE, 0x00, 0x00, 0x00,
  0x00, 0x00, 0xFF, 0x9F, 0xF0, 0x00, 0x00, 0x00, 0x00, 0x03, 0xFC, 0xFF,
  0x00, 0x00, 0x00, 0x00, 0x00, 0x1F, 0xE7, 0xF8, 0x00, 0x00, 0x00, 0x00,
  0x00, 0xFF, 0x7F, 0xC0, 0x00, 0x00, 0x00, 0x00, 0x07, 0xFB, 0xFE, 0x00,
  0x00, 0x00, 0x00, 0x00, 0x3F, 0xDF, 0xF0, 0x00, 0x00, 0x00, 0x00, 0x01,
  0xFF, 0xFF, 0x80, 0x00, 0x00, 0x00, 0x00, 0x0F, 0xF7, 0xFC, 0x00, 0x00,
  0x00, 0x00, 0x00, 0x7F, 0xBF, 0xE0, 0x00, 0x00, 0x00, 0x00, 0x03, 0xFD,
  0xFF, 0x00, 0x00, 0x00, 0x00, 0x00, 0x1F, 0xEF, 0xF8, 0x00, 0x00, 0x00,
  0x00, 0x00, 0xFF, 0x3F, 0xC0, 0x00, 0x00, 0x00, 0x00, 0x0F, 0xF9, 0xFE,
  0x00, 0x00, 0x00, 0x00, 0x00, 0x7F, 0xCF, 0xF0, 0x00, 0x00, 0x00, 0x00,
  0x03, 0xFE, 0x7F, 0xC0, 0x00, 0x00, 0x00, 0x00, 0x1F, 0xF3, 0xFE, 0x00,
  0x00, 0x00, 0x00, 0x00, 0xFF, 0x1F, 0xF0, 0x00, 0x00, 0x00, 0x00, 0x0F,
  0xF8, 0x7F, 0x80, 0x00, 0x00, 0x00, 0x00, 0x7F, 0xC3, 0xFE, 0x00, 0x00,
  0x00, 0x00, 0x03, 0xFE, 0x1F, 0xF0, 0x00, 0x00, 0x00, 0x00, 0x3F, 0xE0,
  0xFF, 0xC0, 0x00, 0x00, 0x00, 0x01, 0xFF, 0x03, 0xFE, 0x00, 0x00, 0x00,
  0x00, 0x1F, 0xF0, 0x1F, 0xF8, 0x00, 0x00, 0x00, 0x00, 0xFF, 0x80, 0x7F,
  0xC0, 0x00, 0x00, 0x00, 0x0F, 0xFC, 0x03, 0xFF, 0x00, 0x00, 0x00, 0x00,
  0x7F, 0xC0, 0x0F, 0xFC, 0x00, 0x00, 0x00, 0x07, 0xFE, 0x00, 0x7F, 0xF0,
  0x00, 0x00, 0x00, 0x7F, 0xE0, 0x01, 0xFF, 0xC0, 0x00, 0x00, 0x07, 0xFE,
  0x00, 0x07, 0xFF, 0x00, 0x00, 0x00, 0x7F, 0xE0, 0x00, 0x3F, 0xFC, 0x00,
  0x00, 0x0F, 0xFF, 0x00, 0x00, 0xFF, 0xFC, 0x00, 0x01, 0xFF, 0xF0, 0x00,
  0x03, 0xFF, 0xFC, 0x00, 0x7F, 0xFF, 0x00, 0x00, 0x0F, 0xFF, 0xFF, 0xFF,
  0xFF, 0xF0, 0x00, 0x00, 0x1F, 0xFF, 0xFF, 0xFF, 0xFE, 0x00, 0x00, 0x00,
  0x7F, 0xFF, 0xFF, 0xFF, 0xE0, 0x00, 0x00, 0x00, 0xFF, 0xFF, 0xFF, 0xFC,
  0x00, 0x00, 0x00, 0x01, 0xFF, 0xFF, 0xFF, 0x80, 0x00, 0x00, 0x00, 0x03,
  0xFF, 0xFF, 0xE0, 0x00, 0x00, 0x00, 0x00, 0x00, 0xFF, 0xF8, 0x00, 0x00,
  0x00, 0xFF, 0xFF, 0xFF, 0xFF, 0x80, 0x03, 0xFF, 0xFF, 0xFF, 0xFF, 0xE0,
  0x0F, 0xFF, 0xFF, 0xFF, 0xFF, 0xE0, 0x3F, 0xFF, 0xFF, 0xFF, 0xFF, 0xC0,
  0xFF, 0xFF, 0xFF, 0xFF, 0xFF, 0x83, 0xFF, 0xFF, 0xFF, 0xFF, 0xFF, 0x0F,
  0xFF, 0xFF, 0xFF, 0xFF, 0xFE, 0x3F, 0xE0, 0x00, 0x00, 0xFF, 0xFC, 0xFF,
  0x80, 0x00, 0x00, 0x7F, 0xF3, 0xFE, 0x00, 0x00, 0x00, 0x7F, 0xEF, 0xF8,
  0x00, 0x00, 0x00, 0xFF, 0xBF, 0xE0, 0x00, 0x00, 0x03, 0xFF, 0xFF, 0x80,
  0x00, 0x00, 0x07, 0xFF, 0xFE, 0x00, 0x00, 0x00, 0x1F, 0xFF, 0xF8, 0x00,
  0x00, 0x00, 0x3F, 0xFF, 0xE0, 0x00, 0x00, 0x00, 0xFF, 0xFF, 0x80, 0x00,
  0x00, 0x03, 0xFF, 0xFE, 0x00, 0x00, 0x00, 0x0F, 0xFF, 0xF8, 0x00, 0x00,
  0x00, 0x3F, 0xFF, 0xE0, 0x00, 0x00, 0x00, 0xFF, 0xFF, 0x80, 0x00, 0x00,
  0x03, 0xFF, 0xFE, 0x00, 0x00, 0x00, 0x0F, 0xFF, 0xF8, 0x00, 0x00, 0x00,
  0x7F, 0xFF, 0xE0, 0x00, 0x00, 0x01, 0xFE, 0xFF, 0x80, 0x00, 0x00, 0x0F,
  0xFB, 0xFE, 0x00, 0x00, 0x00, 0x7F, 0xEF, 0xF8, 0x00, 0x00, 0x03, 0xFF,
  0x3F, 0xE0, 0x00, 0x00, 0x3F, 0xFC, 0xFF, 0xFF, 0xFF, 0xFF, 0xFF, 0xE3,
  0xFF, 0xFF, 0xFF, 0xFF, 0xFF, 0x0F, 0xFF, 0xFF, 0xFF, 0xFF, 0xF8, 0x3F,
  0xFF, 0xFF, 0xFF, 0xFF, 0xC0, 0xFF, 0xFF, 0xFF, 0xFF, 0xFE, 0x03, 0xFF,
  0xFF, 0xFF, 0xFF, 0xE0, 0x0F, 0xFF, 0xFF, 0xFF, 0xFC, 0x00, 0x3F, 0xE0,
  0x00, 0x00, 0x00, 0x00, 0xFF, 0x80, 0x00, 0x00, 0x00, 0x03, 0xFE, 0x00,
  0x00, 0x00, 0x00, 0x0F, 0xF8, 0x00, 0x00, 0x00, 0x00, 0x3F, 0xE0, 0x00,
  0x00, 0x00, 0x00, 0xFF, 0x80, 0x00, 0x00, 0x00, 0x03, 0xFE, 0x00, 0x00,
  0x00, 0x00, 0x0F, 0xF8, 0x00, 0x00, 0x00, 0x00, 0x3F, 0xE0, 0x00, 0x00,
  0x00, 0x00, 0xFF, 0x80, 0x00, 0x00, 0x00, 0x03, 0xFE, 0x00, 0x00, 0x00,
  0x00, 0x0F, 0xF8, 0x00, 0x00, 0x00, 0x00, 0x3F, 0xE0, 0x00, 0x00, 0x00,
  0x00, 0xFF, 0x80, 0x00, 0x00, 0x00, 0x03, 0xFE, 0x00, 0x00, 0x00, 0x00,
  0x0F, 0xF8, 0x00, 0x00, 0x00, 0x00, 0x3F, 0xE0, 0x00, 0x00, 0x00, 0x00,
  0xFF, 0x80, 0x00, 0x00, 0x00, 0x03, 0xFE, 0x00, 0x00, 0x00, 0x00, 0x0F,
  0xF8, 0x00, 0x00, 0x00, 0x00, 0x3F, 0xE0, 0x00, 0x00, 0x00, 0x00, 0xFF,
  0x80, 0x00, 0x00, 0x00, 0x03, 0xFE, 0x00, 0x00, 0x00, 0x00, 0x0F, 0xF8,
  0x00, 0x00, 0x00, 0x00, 0x3F, 0xE0, 0x00, 0x00, 0x00, 0x00, 0xFF, 0x80,
  0x00, 0x00, 0x00, 0x00, 0x00, 0x00, 0x00, 0x02, 0x00, 0x00, 0x00, 0x00,
  0x00, 0x00, 0x1F, 0xFF, 0xF8, 0x00, 0x00, 0x00, 0x00, 0x0F, 0xFF, 0xFF,
  0xF8, 0x00, 0x00, 0x00, 0x01, 0xFF, 0xFF, 0xFF, 0xF0, 0x00, 0x00, 0x00,
  0x3F, 0xFF, 0xFF, 0xFF, 0xE0, 0x00, 0x00, 0x03, 0xFF, 0xFF, 0xFF, 0xFF,
  0xC0, 0x00, 0x00, 0x7F, 0xFF, 0xFF, 0xFF, 0xFF, 0x00, 0x00, 0x07, 0xFF,
  0xFF, 0xFF, 0xFF, 0xFC, 0x00, 0x00, 0x7F, 0xFE, 0x00, 0x03, 0xFF, 0xF0,
  0x00, 0x07, 0xFF, 0xC0, 0x00, 0x07, 0xFF, 0xC0, 0x00, 0x3F, 0xF8, 0x00,
  0x00, 0x0F, 0xFF, 0x00, 0x03, 0xFF, 0x00, 0x00, 0x00, 0x3F, 0xFC, 0x00,
  0x3F, 0xF0, 0x00, 0x00, 0x00, 0x7F, 0xE0, 0x03, 0xFF, 0x00, 0x00, 0x00,
  0x01, 0xFF, 0x80, 0x1F, 0xF0, 0x00, 0x00, 0x00, 0x0F, 0xFE, 0x01, 0xFF,
  0x80, 0x00, 0x00, 0x00, 0x3F, 0xF0, 0x0F, 0xF8, 0x00, 0x00, 0x00, 0x00,
  0xFF, 0xC0, 0xFF, 0x80, 0x00, 0x00, 0x00, 0x03, 0xFE, 0x07, 0xFC, 0x00,
  0x00, 0x00, 0x00, 0x1F, 0xF0, 0x3F, 0xC0, 0x00, 0x00, 0x00, 0x00, 0x7F,
  0xC3, 0xFE, 0x00, 0x00, 0x00, 0x00, 0x03, 0xFE, 0x1F, 0xF0, 0x00, 0x00,
  0x00, 0x00, 0x1F, 0xF0, 0xFF, 0x00, 0x00, 0x00, 0x00, 0x00, 0x7F, 0xCF,
  0xF8, 0x00, 0x00, 0x00, 0x00, 0x03, 0xFE, 0x7F, 0xC0, 0x00, 0x00, 0x00,
  0x00, 0x1F, 0xF3, 0xFE, 0x00, 0x00, 0x00, 0x00, 0x00, 0xFF, 0x9F, 0xE0,
  0x00, 0x00, 0x00, 0x00, 0x03, 0xFC, 0xFF, 0x00, 0x00, 0x00, 0x00, 0x00,
  0x1F, 0xE7, 0xF8, 0x00, 0x00, 0x00, 0x00, 0x00, 0xFF, 0x7F, 0xC0, 0x00,
  0x00, 0x00, 0x00, 0x07, 0xFB, 0xFE, 0x00, 0x00, 0x00, 0x00, 0x00, 0x3F,
  0xDF, 0xF0, 0x00, 0x00, 0x00, 0x00, 0x01, 0xFF, 0xFF, 0x80, 0x00, 0x00,
  0x00, 0x00, 0x0F, 0xF7, 0xFC, 0x00, 0x00, 0x00, 0x00, 0x00, 0x7F, 0xBF,
  0xE0, 0x00, 0x00, 0x00, 0x00, 0x03, 0xFD, 0xFF, 0x00, 0x00, 0x00, 0x00,
  0x00, 0x1F, 0xEF, 0xF8, 0x00, 0x00, 0x00, 0x00, 0x00, 0xFF, 0x3F, 0xC0,
  0x00, 0x00, 0x00, 0x00, 0x0F, 0xF9, 0xFE, 0x00, 0x00, 0x00, 0x00, 0x00,
  0x7F, 0xCF, 0xF0, 0x00, 0x00, 0x00, 0x00, 0x03, 0xFE, 0x7F, 0xC0, 0x00,
  0x00, 0x00, 0x00, 0x1F, 0xF3, 0xFE, 0x00, 0x00, 0x00, 0x00, 0x00, 0xFF,
  0x1F, 0xF0, 0x00, 0x00, 0x00, 0x00, 0x0F, 0xF8, 0x7F, 0x80, 0x00, 0x00,
  0x00, 0x00, 0x7F, 0xC3, 0xFE, 0x00, 0x00, 0x00, 0x00, 0x03, 0xFE, 0x1F,
  0xF0, 0x00, 0x00, 0x00, 0x00, 0x3F, 0xE0, 0xFF, 0xC0, 0x00, 0x00, 0x10,
  0x01, 0xFF, 0x03, 0xFE, 0x00, 0x00, 0x01, 0xE0, 0x0F, 0xF8, 0x1F, 0xF8,
  0x00, 0x00, 0x1F, 0x80, 0xFF, 0x80, 0x7F, 0xC0, 0x00, 0x01, 0xFE, 0x0F,
  0xFC, 0x03, 0xFF, 0x00, 0x00, 0x1F, 0xF8, 0x7F, 0xC0, 0x0F, 0xFC, 0x00,
  0x00, 0x7F, 0xF7, 0xFE, 0x00, 0x7F, 0xF0, 0x00, 0x01, 0xFF, 0xFF, 0xE0,
  0x01, 0xFF, 0xC0, 0x00, 0x07, 0xFF, 0xFE, 0x00, 0x07, 0xFF, 0x00, 0x00,
  0x0F, 0xFF, 0xF0, 0x00, 0x3F, 0xFE, 0x00, 0x00, 0x3F, 0xFF, 0x00, 0x00,
  0xFF, 0xFC, 0x00, 0x01, 0xFF, 0xF0, 0x00, 0x03, 0xFF, 0xFE, 0x00, 0x3F,
  0xFF, 0x80, 0x00, 0x0F, 0xFF, 0xFF, 0xFF, 0xFF, 0xFF, 0x00, 0x00, 0x1F,
  0xFF, 0xFF, 0xFF, 0xFF, 0xFC, 0x00, 0x00, 0x7F, 0xFF, 0xFF, 0xFF, 0xFF,
  0xF0, 0x00, 0x00, 0xFF, 0xFF, 0xFF, 0xFE, 0xFF, 0xE0, 0x00, 0x01, 0xFF,
  0xFF, 0xFF, 0x83, 0xFF, 0x80, 0x00, 0x03, 0xFF, 0xFF, 0xE0, 0x0F, 0xFE,
  0x00, 0x00, 0x00, 0xFF, 0xF0, 0x00, 0x1F, 0xE0, 0x00, 0x00, 0x00, 0x00,
  0x00, 0x00, 0x7E, 0x00, 0x00, 0x00, 0x00, 0x00, 0x00, 0x00, 0xE0, 0x00,
  0x00, 0x00, 0x00, 0x00, 0x00, 0x02, 0x00, 0xFF, 0xFF, 0xFF, 0xFF, 0xE0,
  0x00, 0x1F, 0xFF, 0xFF, 0xFF, 0xFF, 0x80, 0x03, 0xFF, 0xFF, 0xFF, 0xFF,
  0xFE, 0x00, 0x7F, 0xFF, 0xFF, 0xFF, 0xFF, 0xE0, 0x0F, 0xFF, 0xFF, 0xFF,
  0xFF, 0xFF, 0x01, 0xFF, 0xFF, 0xFF, 0xFF, 0xFF, 0xF0, 0x3F, 0xFF, 0xFF,
  0xFF, 0xFF, 0xFF, 0x07, 0xF8, 0x00, 0x00, 0x03, 0xFF, 0xE0, 0xFF, 0x00,
  0x00, 0x00, 0x0F, 0xFE, 0x1F, 0xE0, 0x00, 0x00, 0x00, 0xFF, 0xC3, 0xFC,
  0x00, 0x00, 0x00, 0x0F, 0xFC, 0x7F, 0x80, 0x00, 0x00, 0x00, 0xFF, 0x8F,
  0xF0, 0x00, 0x00, 0x00, 0x1F, 0xF1, 0xFE, 0x00, 0x00, 0x00, 0x03, 0xFE,
  0x3F, 0xC0, 0x00, 0x00, 0x00, 0x3F, 0xC7, 0xF8, 0x00, 0x00, 0x00, 0x07,
  0xF8, 0xFF, 0x00, 0x00, 0x00, 0x00, 0xFF, 0x1F, 0xE0, 0x00, 0x00, 0x00,
  0x1F, 0xE3, 0xFC, 0x00, 0x00, 0x00, 0x03, 0xFC, 0x7F, 0x80, 0x00, 0x00,
  0x00, 0x7F, 0x8F, 0xF0, 0x00, 0x00, 0x00, 0x0F, 0xF1, 0xFE, 0x00, 0x00,
  0x00, 0x03, 0xFE, 0x3F, 0xC0, 0x00, 0x00, 0x00, 0x7F, 0xC7, 0xF8, 0x00,
  0x00, 0x00, 0x0F, 0xF0, 0xFF, 0x00, 0x00, 0x00, 0x03, 0xFE, 0x1F, 0xE0,
  0x00, 0x00, 0x00, 0xFF, 0x83, 0xFC, 0x00, 0x00, 0x00, 0x7F, 0xE0, 0x7F,
  0x80, 0x00, 0x00, 0x7F, 0xF8, 0x0F, 0xFF, 0xFF, 0xFF, 0xFF, 0xFE, 0x01,
  0xFF, 0xFF, 0xFF, 0xFF, 0xFF, 0x80, 0x3F, 0xFF, 0xFF, 0xFF, 0xFF, 0xC0,
  0x07, 0xFF, 0xFF, 0xFF, 0xFF, 0xFC, 0x00, 0xFF, 0xFF, 0xFF, 0xFF, 0xFF,
  0xE0, 0x1F, 0xFF, 0xFF, 0xFF, 0xFF, 0xFE, 0x03, 0xFF, 0xFF, 0xFF, 0xFF,
  0xFF, 0xE0, 0x7F, 0x80, 0x00, 0x00, 0x1F, 0xFE, 0x0F, 0xF0, 0x00, 0x00,
  0x00, 0xFF, 0xC1, 0xFE, 0x00, 0x00, 0x00, 0x0F, 0xF8, 0x3F, 0xC0, 0x00,
  0x00, 0x01, 0xFF, 0x87, 0xF8, 0x00, 0x00, 0x00, 0x1F, 0xF0, 0xFF, 0x00,
  0x00, 0x00, 0x03, 0xFE, 0x1F, 0xE0, 0x00, 0x00, 0x00, 0x3F, 0xC3, 0xFC,
  0x00, 0x00, 0x00, 0x07, 0xF8, 0x7F, 0x80, 0x00, 0x00, 0x00, 0xFF, 0x0F,
  0xF0, 0x00, 0x00, 0x00, 0x1F, 0xE1, 0xFE, 0x00, 0x00, 0x00, 0x03, 0xFC,
  0x3F, 0xC0, 0x00, 0x00, 0x00, 0x7F, 0x87, 0xF8, 0x00, 0x00, 0x00, 0x0F,
  0xF0, 0xFF, 0x00, 0x00, 0x00, 0x01, 0xFE, 0x1F, 0xE0, 0x00, 0x00, 0x00,
  0x3F, 0xC3, 0xFC, 0x00, 0x00, 0x00, 0x07, 0xF8, 0x7F, 0x80, 0x00, 0x00,
  0x00, 0xFF, 0x8F, 0xF0, 0x00, 0x00, 0x00, 0x1F, 0xF1, 0xFE, 0x00, 0x00,
  0x00, 0x03, 0xFE, 0x3F, 0xC0, 0x00, 0x00, 0x00, 0x7F, 0xC7, 0xF8, 0x00,
  0x00, 0x00, 0x0F, 0xF8, 0xFF, 0x00, 0x00, 0x00, 0x00, 0xFF, 0x1F, 0xE0,
  0x00, 0x00, 0x00, 0x1F, 0xF3, 0xFC, 0x00, 0x00, 0x00, 0x03, 0xFE, 0x7F,
  0x80, 0x00, 0x00, 0x00, 0x7F, 0xEF, 0xF0, 0x00, 0x00, 0x00, 0x0F, 0xFE,
  0x00, 0x00, 0x00, 0x80, 0x00, 0x00, 0x00, 0x00, 0x7F, 0xFF, 0xC0, 0x00,
  0x00, 0x01, 0xFF, 0xFF, 0xFC, 0x00, 0x00, 0x03, 0xFF, 0xFF, 0xFF, 0x80,
  0x00, 0x03, 0xFF, 0xFF, 0xFF, 0xF0, 0x00, 0x07, 0xFF, 0xFF, 0xFF, 0xFC,
  0x00, 0x07, 0xFF, 0xFF, 0xFF, 0xFF, 0x00, 0x07, 0xFF, 0xFF, 0xFF, 0xFF,
  0xC0, 0x03, 0xFF, 0x80, 0x01, 0xFF, 0xF0, 0x03, 0xFF, 0x00, 0x00, 0x1F,
  0xFC, 0x03, 0xFE, 0x00, 0x00, 0x07, 0xFF, 0x01, 0xFF, 0x00, 0x00, 0x01,
  0xFF, 0x81, 0xFF, 0x00, 0x00, 0x00, 0x7F, 0xC0, 0xFF, 0x00, 0x00, 0x00,
  0x1F, 0xF0, 0x7F, 0x80, 0x00, 0x00, 0x0F, 0xF8, 0x3F, 0x80, 0x00, 0x00,
  0x03, 0xFC, 0x3F, 0xC0, 0x00, 0x00, 0x01, 0xFE, 0x1F, 0xE0, 0x00, 0x00,
  0x00, 0xFF, 0x0F, 0xF0, 0x00, 0x00, 0x00, 0x7F, 0x87, 0xF8, 0x00, 0x00,
  0x00, 0x1F, 0xE3, 0xFE, 0x00, 0x00, 0x00, 0x00, 0x01, 0xFF, 0x00, 0x00,
  0x00, 0x00, 0x00, 0xFF, 0xC0, 0x00, 0x00, 0x00, 0x00, 0x3F, 0xF0, 0x00,
  0x00, 0x00, 0x00, 0x1F, 0xFC, 0x00, 0x00, 0x00, 0x00, 0x0F, 0xFF, 0xC0,
  0x00, 0x00, 0x00, 0x03, 0xFF, 0xFC, 0x00, 0x00, 0x00, 0x01, 0xFF, 0xFF,
  0xE0, 0x00, 0x00, 0x00, 0x7F, 0xFF, 0xFF, 0x80, 0x00, 0x00, 0x1F, 0xFF,
  0xFF, 0xFC, 0x00, 0x00, 0x07, 0xFF, 0xFF, 0xFF, 0xE0, 0x00, 0x00, 0xFF,
  0xFF, 0xFF, 0xFE, 0x00, 0x00, 0x1F, 0xFF, 0xFF, 0xFF, 0xC0, 0x00, 0x01,
  0xFF, 0xFF, 0xFF, 0xF0, 0x00, 0x00, 0x1F, 0xFF, 0xFF, 0xFE, 0x00, 0x00,
  0x00, 0xFF, 0xFF, 0xFF, 0x80, 0x00, 0x00, 0x03, 0xFF, 0xFF, 0xC0, 0x00,
  0x00, 0x00, 0x1F, 0xFF, 0xF0, 0x00, 0x00, 0x00, 0x01, 0xFF, 0xFC, 0x00,
  0x00, 0x00, 0x00, 0x1F, 0xFE, 0x00, 0x00, 0x00, 0x00, 0x03, 0xFF, 0x80,
  0x00, 0x00, 0x00, 0x00, 0xFF, 0xC0, 0x00, 0x00, 0x00, 0x00, 0x3F, 0xE0,
  0x00, 0x00, 0x00, 0x00, 0x1F, 0xFF, 0xF0, 0x00, 0x00, 0x00, 0x07, 0xFF,
  0xF8, 0x00, 0x00, 0x00, 0x03, 0xFF, 0xFC, 0x00, 0x00, 0x00, 0x01, 0xFF,
  0xFF, 0x00, 0x00, 0x00, 0x00, 0xFF, 0x7F, 0x80, 0x00, 0x00, 0x00, 0x7F,
  0xBF, 0xC0, 0x00, 0x00, 0x00, 0x3F, 0xDF, 0xE0, 0x00, 0x00, 0x00, 0x1F,
  0xEF, 0xF8, 0x00, 0x00, 0x00, 0x1F, 0xF3, 0xFE, 0x00, 0x00, 0x00, 0x0F,
  0xF1, 0xFF, 0x00, 0x00, 0x00, 0x0F, 0xF8, 0x7F, 0xC0, 0x00, 0x00, 0x0F,
  0xFC, 0x3F, 0xF8, 0x00, 0x00, 0x0F, 0xFC, 0x0F, 0xFE, 0x00, 0x00, 0x1F,
  0xFC, 0x03, 0xFF, 0xE0, 0x00, 0x3F, 0xFE, 0x00, 0xFF, 0xFF, 0xFF, 0xFF,
  0xFE, 0x00, 0x3F, 0xFF, 0xFF, 0xFF, 0xFC, 0x00, 0x0F, 0xFF, 0xFF, 0xFF,
  0xFC, 0x00, 0x01, 0xFF, 0xFF, 0xFF, 0xF8, 0x00, 0x00, 0x7F, 0xFF, 0xFF,
  0xF0, 0x00, 0x00, 0x07, 0xFF, 0xFF, 0xC0, 0x00, 0x00, 0x00, 0x3F, 0xFE,
  0x00, 0x00, 0x00, 0xFF, 0xFF, 0xFF, 0xFF, 0xFF, 0xFF, 0xFF, 0xFF, 0xFF,
  0xFF, 0xFF, 0xFF, 0xFF, 0xFF, 0xFF, 0xFF, 0xFF, 0xFF, 0xFF, 0xFF, 0xFF,
  0xFF, 0xFF, 0xFF, 0xFF, 0xFF, 0xFF, 0xFF, 0xFF, 0xFF, 0xFF, 0xFF, 0xFF,
  0xFF, 0xFF, 0xFF, 0xFF, 0xFF, 0xFF, 0xFF, 0xFF, 0xFF, 0xFF, 0xFC, 0x00,
  0x00, 0x1F, 0xF0, 0x00, 0x00, 0x00, 0x00, 0x07, 0xFC, 0x00, 0x00, 0x00,
  0x00, 0x01, 0xFF, 0x00, 0x00, 0x00, 0x00, 0x00, 0x7F, 0xC0, 0x00, 0x00,
  0x00, 0x00, 0x1F, 0xF0, 0x00, 0x00, 0x00, 0x00, 0x07, 0xFC, 0x00, 0x00,
  0x00, 0x00, 0x01, 0xFF, 0x00, 0x00, 0x00, 0x00, 0x00, 0x7F, 0xC0, 0x00,
  0x00, 0x00, 0x00, 0x1F, 0xF0, 0x00, 0x00, 0x00, 0x00, 0x07, 0xFC, 0x00,
  0x00, 0x00, 0x00, 0x01, 0xFF, 0x00, 0x00, 0x00, 0x00, 0x00, 0x7F, 0xC0,
  0x00, 0x00, 0x00, 0x00, 0x1F, 0xF0, 0x00, 0x00, 0x00, 0x00, 0x07, 0xFC,
  0x00, 0x00, 0x00, 0x00, 0x01, 0xFF, 0x00, 0x00, 0x00, 0x00, 0x00, 0x7F,
  0xC0, 0x00, 0x00, 0x00, 0x00, 0x1F, 0xF0, 0x00, 0x00, 0x00, 0x00, 0x07,
  0xFC, 0x00, 0x00, 0x00, 0x00, 0x01, 0xFF, 0x00, 0x00, 0x00, 0x00, 0x00,
  0x7F, 0xC0, 0x00, 0x00, 0x00, 0x00, 0x1F, 0xF0, 0x00, 0x00, 0x00, 0x00,
  0x07, 0xFC, 0x00, 0x00, 0x00, 0x00, 0x01, 0xFF, 0x00, 0x00, 0x00, 0x00,
  0x00, 0x7F, 0xC0, 0x00, 0x00, 0x00, 0x00, 0x1F, 0xF0, 0x00, 0x00, 0x00,
  0x00, 0x07, 0xFC, 0x00, 0x00, 0x00, 0x00, 0x01, 0xFF, 0x00, 0x00, 0x00,
  0x00, 0x00, 0x7F, 0xC0, 0x00, 0x00, 0x00, 0x00, 0x1F, 0xF0, 0x00, 0x00,
  0x00, 0x00, 0x07, 0xFC, 0x00, 0x00, 0x00, 0x00, 0x01, 0xFF, 0x00, 0x00,
  0x00, 0x00, 0x00, 0x7F, 0xC0, 0x00, 0x00, 0x00, 0x00, 0x1F, 0xF0, 0x00,
  0x00, 0x00, 0x00, 0x07, 0xFC, 0x00, 0x00, 0x00, 0x00, 0x01, 0xFF, 0x00,
  0x00, 0x00, 0x00, 0x00, 0x7F, 0xC0, 0x00, 0x00, 0x00, 0x00, 0x1F, 0xF0,
  0x00, 0x00, 0x00, 0x00, 0x07, 0xFC, 0x00, 0x00, 0x00, 0x00, 0x01, 0xFF,
  0x00, 0x00, 0x00, 0x00, 0x00, 0x7F, 0xC0, 0x00, 0x00, 0x00, 0x00, 0x1F,
  0xF0, 0x00, 0x00, 0x00, 0x00, 0x07, 0xFC, 0x00, 0x00, 0x00, 0x00, 0x01,
  0xFF, 0x00, 0x00, 0x00, 0x00, 0x00, 0x7F, 0xC0, 0x00, 0x00, 0x00, 0x00,
  0x1F, 0xF0, 0x00, 0x00, 0x00, 0x00, 0x07, 0xFC, 0x00, 0x00, 0x00, 0x00,
  0x01, 0xFF, 0x00, 0x00, 0x00, 0x00, 0x00, 0x7F, 0xC0, 0x00, 0x00, 0x00,
  0x00, 0x1F, 0xF0, 0x00, 0x00, 0x00, 0x00, 0x07, 0xFC, 0x00, 0x00, 0x00,
  0x00, 0x01, 0xFF, 0x00, 0x00, 0x00, 0x00, 0x00, 0x7F, 0xC0, 0x00, 0x00,
  0x00, 0x00, 0x1F, 0xF0, 0x00, 0x00, 0x00, 0x00, 0x07, 0xFC, 0x00, 0x00,
  0x00, 0xFF, 0x80, 0x00, 0x00, 0x00, 0xFF, 0xFF, 0xC0, 0x00, 0x00, 0x00,
  0x7F, 0xFF, 0xE0, 0x00, 0x00, 0x00, 0x3F, 0xFF, 0xF0, 0x00, 0x00, 0x00,
  0x1F, 0xFF, 0xF8, 0x00, 0x00, 0x00, 0x0F, 0xFF, 0xFC, 0x00, 0x00, 0x00,
  0x07, 0xFF, 0xFE, 0x00, 0x00, 0x00, 0x03, 0xFF, 0xFF, 0x00, 0x00, 0x00,
  0x01, 0xFF, 0xFF, 0x80, 0x00, 0x00, 0x00, 0xFF, 0xFF, 0xC0, 0x00, 0x00,
  0x00, 0x7F, 0xFF, 0xE0, 0x00, 0x00, 0x00, 0x3F, 0xFF, 0xF0, 0x00, 0x00,
  0x00, 0x1F, 0xFF, 0xF8, 0x00, 0x00, 0x00, 0x0F, 0xFF, 0xFC, 0x00, 0x00,
  0x00, 0x07, 0xFF, 0xFE, 0x00, 0x00, 0x00, 0x03, 0xFF, 0xFF, 0x00, 0x00,
  0x00, 0x01, 0xFF, 0xFF, 0x80, 0x00, 0x00, 0x00, 0xFF, 0xFF, 0xC0, 0x00,
  0x00, 0x00, 0x7F, 0xFF, 0xE0, 0x00, 0x00, 0x00, 0x3F, 0xFF, 0xF0, 0x00,
  0x00, 0x00, 0x1F, 0xFF, 0xF8, 0x00, 0x00, 0x00, 0x0F, 0xFF, 0xFC, 0x00,
  0x00, 0x00, 0x07, 0xFF, 0xFE, 0x00, 0x00, 0x00, 0x03, 0xFF, 0xFF, 0x00,
  0x00, 0x00, 0x01, 0xFF, 0xFF, 0x80, 0x00, 0x00, 0x00, 0xFF, 0xFF, 0xC0,
  0x00, 0x00, 0x00, 0x7F, 0xFF, 0xE0, 0x00, 0x00, 0x00, 0x3F, 0xFF, 0xF0,
  0x00, 0x00, 0x00, 0x1F, 0xFF, 0xF8, 0x00, 0x00, 0x00, 0x0F, 0xFF, 0xFC,
  0x00, 0x00, 0x00, 0x07, 0xFF, 0xFE, 0x00, 0x00, 0x00, 0x03, 0xFF, 0xFF,
  0x00, 0x00, 0x00, 0x01, 0xFF, 0xFF, 0x80, 0x00, 0x00, 0x00, 0xFF, 0xFF,
  0xC0, 0x00, 0x00, 0x00, 0x7F, 0xFF, 0xE0, 0x00, 0x00, 0x00, 0x3F, 0xFF,
  0xF0, 0x00, 0x00, 0x00, 0x1F, 0xFF, 0xF8, 0x00, 0x00, 0x00, 0x0F, 0xFF,
  0xFC, 0x00, 0x00, 0x00, 0x07, 0xFF, 0xFE, 0x00, 0x00, 0x00, 0x03, 0xFF,
  0xFF, 0x00, 0x00, 0x00, 0x01, 0xFF, 0xFF, 0x80, 0x00, 0x00, 0x00, 0xFF,
  0x7F, 0xC0, 0x00, 0x00, 0x00, 0x7F, 0x9F, 0xE0, 0x00, 0x00, 0x00, 0x3F,
  0xCF, 0xF0, 0x00, 0x00, 0x00, 0x1F, 0xE7, 0xF8, 0x00, 0x00, 0x00, 0x0F,
  0xF3, 0xFE, 0x00, 0x00, 0x00, 0x0F, 0xF9, 0xFF, 0x00, 0x00, 0x00, 0x07,
  0xFC, 0x7F, 0x80, 0x00, 0x00, 0x03, 0xFC, 0x3F, 0xE0, 0x00, 0x00, 0x03,
  0xFE, 0x1F, 0xF0, 0x00, 0x00, 0x01, 0xFF, 0x07, 0xFC, 0x00, 0x00, 0x01,
  0xFF, 0x03, 0xFF, 0x00, 0x00, 0x01, 0xFF, 0x81, 0xFF, 0xC0, 0x00, 0x01,
  0xFF, 0x80, 0x7F, 0xF0, 0x00, 0x01, 0xFF, 0xC0, 0x1F, 0xFE, 0x00, 0x03,
  0xFF, 0xC0, 0x0F, 0xFF, 0xC0, 0x0F, 0xFF, 0xC0, 0x03, 0xFF, 0xFF, 0xFF,
  0xFF, 0xE0, 0x00, 0xFF, 0xFF, 0xFF, 0xFF, 0xE0, 0x00, 0x1F, 0xFF, 0xFF,
  0xFF, 0xC0, 0x00, 0x07, 0xFF, 0xFF, 0xFF, 0xC0, 0x00, 0x00, 0xFF, 0xFF,
  0xFF, 0x80, 0x00, 0x00, 0x1F, 0xFF, 0xFE, 0x00, 0x00, 0x00, 0x00, 0xFF,
  0xF0, 0x00, 0x00, 0xFF, 0xC0, 0x00, 0x00, 0x00, 0x0F, 0xFD, 0xFF, 0x00,
  0x00, 0x00, 0x00, 0x3F, 0xE7, 0xFC, 0x00, 0x00, 0x00, 0x00, 0xFF, 0x9F,
  0xF8, 0x00, 0x00, 0x00, 0x07, 0xFE, 0x3F, 0xE0, 0x00, 0x00, 0x00, 0x1F,
  0xF0, 0xFF, 0x80, 0x00, 0x00, 0x00, 0x7F, 0xC1, 0xFF, 0x00, 0x00, 0x00,
  0x03, 0xFF, 0x07, 0xFC, 0x00, 0x00, 0x00, 0x0F, 0xF8, 0x1F, 0xF0, 0x00,
  0x00, 0x00, 0x3F, 0xE0, 0x3F, 0xE0, 0x00, 0x00, 0x01, 0xFF, 0x80, 0xFF,
  0x80, 0x00, 0x00, 0x07, 0xFC, 0x03, 0xFE, 0x00, 0x00, 0x00, 0x1F, 0xF0,
  0x07, 0xFC, 0x00, 0x00, 0x00, 0xFF, 0x80, 0x1F, 0xF0, 0x00, 0x00, 0x03,
  0xFE, 0x00, 0x7F, 0xC0, 0x00, 0x00, 0x0F, 0xF8, 0x00, 0xFF, 0x80, 0x00,
  0x00, 0x7F, 0xC0, 0x03, 0xFE, 0x00, 0x00, 0x01, 0xFF, 0x00, 0x07, 0xF8,
  0x00, 0x00, 0x07, 0xFC, 0x00, 0x1F, 0xF0, 0x00, 0x00, 0x3F, 0xE0, 0x00,
  0x7F, 0xC0, 0x00, 0x00, 0xFF, 0x80, 0x00, 0xFF, 0x00, 0x00, 0x03, 0xFE,
  0x00, 0x03, 0xFE, 0x00, 0x00, 0x1F, 0xF0, 0x00, 0x0F, 0xF8, 0x00, 0x00,
  0x7F, 0xC0, 0x00, 0x1F, 0xE0, 0x00, 0x01, 0xFE, 0x00, 0x00, 0x7F, 0xC0,
  0x00, 0x0F, 0xF8, 0x00, 0x00, 0xFF, 0x00, 0x00, 0x3F, 0xE0, 0x00, 0x03,
  0xFC, 0x00, 0x00, 0xFF, 0x00, 0x00, 0x0F, 0xF8, 0x00, 0x07, 0xFC, 0x00,
  0x00, 0x1F, 0xE0, 0x00, 0x1F, 0xF0, 0x00, 0x00, 0x7F, 0x80, 0x00, 0x7F,
  0x80, 0x00, 0x01, 0xFF, 0x00, 0x03, 0xFE, 0x00, 0x00, 0x03, 0xFC, 0x00,
  0x0F, 0xF8, 0x00, 0x00, 0x0F, 0xF0, 0x00, 0x3F, 0xC0, 0x00, 0x00, 0x3F,
  0xE0, 0x01, 0xFF, 0x00, 0x00, 0x00, 0x7F, 0x80, 0x07, 0xF8, 0x00, 0x00,
  0x01, 0xFE, 0x00, 0x1F, 0xE0, 0x00, 0x00, 0x03, 0xFC, 0x00, 0xFF, 0x80,
  0x00, 0x00, 0x0F, 0xF0, 0x03, 0xFC, 0x00, 0x00, 0x00, 0x3F, 0xC0, 0x0F,
  0xF0, 0x00, 0x00, 0x00, 0x7F, 0x80, 0x7F, 0xC0, 0x00, 0x00, 0x01, 0xFE,
  0x01, 0xFE, 0x00, 0x00, 0x00, 0x07, 0xF8, 0x07, 0xF8, 0x00, 0x00, 0x00,
  0x0F, 0xF0, 0x3F, 0xC0, 0x00, 0x00, 0x00, 0x3F, 0xC0, 0xFF, 0x00, 0x00,
  0x00, 0x00, 0xFF, 0x03, 0xFC, 0x00, 0x00, 0x00, 0x01, 0xFE, 0x1F, 0xE0,
  0x00, 0x00, 0x00, 0x07, 0xF8, 0x7F, 0x80, 0x00, 0x00, 0x00, 0x0F, 0xF1,
  0xFE, 0x00, 0x00, 0x00, 0x00, 0x3F, 0xCF, 0xF0, 0x00, 0x00, 0x00, 0x00,
  0xFF, 0x3F, 0xC0, 0x00, 0x00, 0x00, 0x01, 0xFE, 0xFF, 0x00, 0x00, 0x00,
  0x00, 0x07, 0xFF, 0xF8, 0x00, 0x00, 0x00, 0x00, 0x1F, 0xFF, 0xE0, 0x00,
  0x00, 0x00, 0x00, 0x3F, 0xFF, 0x00, 0x00, 0x00, 0x00, 0x00, 0xFF, 0xFC,
  0x00, 0x00, 0x00, 0x00, 0x03, 0xFF, 0xF0, 0x00, 0x00, 0x00, 0x00, 0x07,
  0xFF, 0x80, 0x00, 0x00, 0x00, 0x00, 0x1F, 0xFE, 0x00, 0x00, 0x00, 0x00,
  0x00, 0x3F, 0xF8, 0x00, 0x00, 0x00, 0x00, 0x00, 0xFF, 0xC0, 0x00, 0x00,
  0x00, 0x00, 0x03, 0xFF, 0x00, 0x00, 0x00, 0xFF, 0x80, 0x00, 0x00, 0x3F,
  0xE0, 0x00, 0x00, 0x07, 0xFF, 0xFE, 0x00, 0x00, 0x00, 0xFF, 0xC0, 0x00,
  0x00, 0x3F, 0xFF, 0xF8, 0x00, 0x00, 0x07, 0xFF, 0x00, 0x00, 0x00, 0xFF,
  0xBF, 0xE0, 0x00, 0x00, 0x1F, 0xFC, 0x00, 0x00, 0x03, 0xFE, 0x7F, 0xC0,
  0x00, 0x00, 0x7F, 0xF8, 0x00, 0x00, 0x0F, 0xF9, 0xFF, 0x00, 0x00, 0x01,
  0xFF, 0xE0, 0x00, 0x00, 0x3F, 0xE7, 0xFC, 0x00, 0x00, 0x0F, 0xFF, 0x80,
  0x00, 0x01, 0xFF, 0x0F, 0xF0, 0x00, 0x00, 0x3F, 0xFE, 0x00, 0x00, 0x07,
  0xFC, 0x3F, 0xE0, 0x00, 0x00, 0xFF, 0xFC, 0x00, 0x00, 0x1F, 0xF0, 0xFF,
  0x80, 0x00, 0x03, 0xFF, 0xF0, 0x00, 0x00, 0x7F, 0xC3, 0xFE, 0x00, 0x00,
  0x1F, 0xFF, 0xC0, 0x00, 0x03, 0xFE, 0x07, 0xF8, 0x00, 0x00, 0x7F, 0xFF,
  0x00, 0x00, 0x0F, 0xF8, 0x1F, 0xF0, 0x00, 0x01, 0xFD, 0xFE, 0x00, 0x00,
  0x3F, 0xE0, 0x7F, 0xC0, 0x00, 0x0F, 0xF3, 0xF8, 0x00, 0x00, 0xFF, 0x01,
  0xFF, 0x00, 0x00, 0x3F, 0xCF, 0xE0, 0x00, 0x07, 0xFC, 0x03, 0xFC, 0x00,
  0x00, 0xFE, 0x3F, 0xC0, 0x00, 0x1F, 0xF0, 0x0F, 0xF0, 0x00, 0x03, 0xF8,
  0xFF, 0x00, 0x00, 0x7F, 0xC0, 0x3F, 0xE0, 0x00, 0x1F, 0xE1, 0xFC, 0x00,
  0x01, 0xFE, 0x00, 0xFF, 0x80, 0x00, 0x7F, 0x87, 0xF0, 0x00, 0x07, 0xF8,
  0x01, 0xFE, 0x00, 0x01, 0xFC, 0x1F, 0xE0, 0x00, 0x3F, 0xE0, 0x07, 0xF8,
  0x00, 0x0F, 0xF0, 0x3F, 0x80, 0x00, 0xFF, 0x80, 0x1F, 0xF0, 0x00, 0x3F,
  0xC0, 0xFE, 0x00, 0x03, 0xFC, 0x00, 0x7F, 0xC0, 0x00, 0xFE, 0x03, 0xFC,
  0x00, 0x0F, 0xF0, 0x00, 0xFF, 0x00, 0x03, 0xF8, 0x0F, 0xF0, 0x00, 0x7F,
  0xC0, 0x03, 0xFC, 0x00, 0x1F, 0xE0, 0x1F, 0xC0, 0x01, 0xFF, 0x00, 0x0F,
  0xF8, 0x00, 0x7F, 0x80, 0x7F, 0x00, 0x07, 0xF8, 0x00, 0x3F, 0xE0, 0x01,
  0xFC, 0x01, 0xFE, 0x00, 0x1F, 0xE0, 0x00, 0x7F, 0x80, 0x07, 0xF0, 0x03,
  0xF8, 0x00, 0xFF, 0x80, 0x01, 0xFE, 0x00, 0x3F, 0xC0, 0x0F, 0xE0, 0x03,
  0xFC, 0x00, 0x07, 0xF8, 0x00, 0xFE, 0x00, 0x3F, 0x80, 0x0F, 0xF0, 0x00,
  0x0F, 0xF0, 0x03, 0xF8, 0x00, 0xFF, 0x00, 0x3F, 0xC0, 0x00, 0x3F, 0xC0,
  0x1F, 0xE0, 0x01, 0xFC, 0x01, 0xFF, 0x00, 0x00, 0xFF, 0x00, 0x7F, 0x80,
  0x07, 0xF0, 0x07, 0xF8, 0x00, 0x03, 0xFC, 0x01, 0xFC, 0x00, 0x1F, 0xE0,
  0x1F, 0xE0, 0x00, 0x07, 0xF8, 0x07, 0xF0, 0x00, 0x7F, 0x80, 0x7F, 0x80,
  0x00, 0x1F, 0xE0, 0x3F, 0xC0, 0x00, 0xFE, 0x01, 0xFE, 0x00, 0x00, 0x7F,
  0x80, 0xFE, 0x00, 0x03, 0xF8, 0x0F, 0xF0, 0x00, 0x01, 0xFE, 0x03, 0xF8,
  0x00, 0x0F, 0xF0, 0x3F, 0xC0, 0x00, 0x03, 0xFC, 0x1F, 0xE0, 0x00, 0x1F,
  0xC0, 0xFF, 0x00, 0x00, 0x0F, 0xF0, 0x7F, 0x80, 0x00, 0x7F, 0x03, 0xFC,
  0x00, 0x00, 0x3F, 0xC1, 0xFC, 0x00, 0x01, 0xFE, 0x1F, 0xE0, 0x00, 0x00,
  0xFF, 0x07, 0xF0, 0x00, 0x07, 0xF8, 0x7F, 0x80, 0x00, 0x01, 0xFE, 0x3F,
  0xC0, 0x00, 0x0F, 0xE1, 0xFE, 0x00, 0x00, 0x07, 0xF8, 0xFF, 0x00, 0x00,
  0x3F, 0x87, 0xF8, 0x00, 0x00, 0x1F, 0xE3, 0xF8, 0x00, 0x00, 0xFF, 0x3F,
  0xC0, 0x00, 0x00, 0x7F, 0x9F, 0xE0, 0x00, 0x01, 0xFC, 0xFF, 0x00, 0x00,
  0x00, 0xFE, 0x7F, 0x80, 0x00, 0x07, 0xF3, 0xFC, 0x00, 0x00, 0x03, 0xFD,
  0xFC, 0x00, 0x00, 0x1F, 0xEF, 0xE0, 0x00, 0x00, 0x0F, 0xF7, 0xF0, 0x00,
  0x00, 0x7F, 0xBF, 0x80, 0x00, 0x00, 0x1F, 0xFF, 0xC0, 0x00, 0x00, 0xFF,
  0xFE, 0x00, 0x00, 0x00, 0x7F, 0xFF, 0x00, 0x00, 0x03, 0xFF, 0xF8, 0x00,
  0x00, 0x01, 0xFF, 0xF8, 0x00, 0x00, 0x0F, 0xFF, 0xC0, 0x00, 0x00, 0x07,
  0xFF, 0xE0, 0x00, 0x00, 0x1F, 0xFF, 0x00, 0x00, 0x00, 0x0F, 0xFF, 0x80,
  0x00, 0x00, 0x7F, 0xFC, 0x00, 0x00, 0x00, 0x3F, 0xFC, 0x00, 0x00, 0x01,
  0xFF, 0xF0, 0x00, 0x00, 0x00, 0xFF, 0xF0, 0x00, 0x00, 0x07, 0xFF, 0x80,
  0x00, 0x00, 0x03, 0xFF, 0xC0, 0x00, 0x00, 0x0F, 0xFE, 0x00, 0x00, 0x00,
  0x07, 0xFF, 0x00, 0x00, 0x00, 0x3F, 0xF8, 0x00, 0x00, 0x00, 0x1F, 0xF8,
  0x00, 0x00, 0x00, 0xFF, 0xE0, 0x00, 0x00, 0x00, 0x7F, 0xE0, 0x00, 0x00,
  0x03, 0xFF, 0x00, 0x00, 0x00, 0x01, 0xFF, 0x80, 0x00, 0x00, 0x07, 0xFC,
  0x00, 0x00, 0x7F, 0xF0, 0x00, 0x00, 0x00, 0x1F, 0xF8, 0xFF, 0xE0, 0x00,
  0x00, 0x00, 0xFF, 0xC1, 0xFF, 0x80, 0x00, 0x00, 0x07, 0xFE, 0x03, 0xFF,
  0x00, 0x00, 0x00, 0x1F, 0xF8, 0x0F, 0xFE, 0x00, 0x00, 0x00, 0xFF, 0xC0,
  0x1F, 0xF8, 0x00, 0x00, 0x07, 0xFE, 0x00, 0x3F, 0xF0, 0x00, 0x00, 0x1F,
  0xF0, 0x00, 0xFF, 0xE0, 0x00, 0x00, 0xFF, 0xC0, 0x01, 0xFF, 0x80, 0x00,
  0x07, 0xFE, 0x00, 0x03, 0xFF, 0x00, 0x00, 0x1F, 0xF0, 0x00, 0x0F, 0xFE,
  0x00, 0x00, 0xFF, 0xC0, 0x00, 0x1F, 0xF8, 0x00, 0x07, 0xFE, 0x00, 0x00,
  0x3F, 0xF0, 0x00, 0x1F, 0xF0, 0x00, 0x00, 0xFF, 0xE0, 0x00, 0xFF, 0xC0,
  0x00, 0x01, 0xFF, 0x80, 0x07, 0xFE, 0x00, 0x00, 0x03, 0xFF, 0x00, 0x1F,
  0xF0, 0x00, 0x00, 0x07, 0xFE, 0x00, 0xFF, 0xC0, 0x00, 0x00, 0x1F, 0xF8,
  0x07, 0xFE, 0x00, 0x00, 0x00, 0x3F, 0xF0, 0x1F, 0xF0, 0x00, 0x00, 0x00,
  0x7F, 0xE0, 0xFF, 0x80, 0x00, 0x00, 0x01, 0xFF, 0x87, 0xFE, 0x00, 0x00,
  0x00, 0x03, 0xFF, 0x1F, 0xF0, 0x00, 0x00, 0x00, 0x07, 0xFE, 0xFF, 0x80,
  0x00, 0x00, 0x00, 0x1F, 0xFF, 0xFE, 0x00, 0x00, 0x00, 0x00, 0x3F, 0xFF,
  0xF0, 0x00, 0x00, 0x00, 0x00, 0x7F, 0xFF, 0x80, 0x00, 0x00, 0x00, 0x01,
  0xFF, 0xFE, 0x00, 0x00, 0x00, 0x00, 0x03, 0xFF, 0xF0, 0x00, 0x00, 0x00,
  0x00, 0x07, 0xFF, 0x80, 0x00, 0x00, 0x00, 0x00, 0x0F, 0xFE, 0x00, 0x00,
  0x00, 0x00, 0x00, 0x7F, 0xF8, 0x00, 0x00, 0x00, 0x00, 0x01, 0xFF, 0xE0,
  0x00, 0x00, 0x00, 0x00, 0x0F, 0xFF, 0xC0, 0x00, 0x00, 0x00, 0x00, 0x7F,
  0xFF, 0x80, 0x00, 0x00, 0x00, 0x01, 0xFF, 0xFE, 0x00, 0x00, 0x00, 0x00,
  0x0F, 0xFF, 0xFC, 0x00, 0x00, 0x00, 0x00, 0x7F, 0xFF, 0xF8, 0x00, 0x00,
  0x00, 0x03, 0xFF, 0x3F, 0xF0, 0x00, 0x00, 0x00, 0x0F, 0xF8, 0x7F, 0xC0,
  0x00, 0x00, 0x00, 0x7F, 0xE1, 0xFF, 0x80, 0x00, 0x00, 0x03, 0xFF, 0x03,
  0xFF, 0x00, 0x00, 0x00, 0x0F, 0xF8, 0x07, 0xFC, 0x00, 0x00, 0x00, 0x7F,
  0xE0, 0x1F, 0xF8, 0x00, 0x00, 0x03, 0xFF, 0x00, 0x3F, 0xF0, 0x00, 0x00,
  0x1F, 0xF8, 0x00, 0x7F, 0xC0, 0x00, 0x00, 0x7F, 0xE0, 0x01, 0xFF, 0x80,
  0x00, 0x03, 0xFF, 0x00, 0x03, 0xFF, 0x00, 0x00, 0x1F, 0xF8, 0x00, 0x07,
  0xFC, 0x00, 0x00, 0x7F, 0xC0, 0x00, 0x1F, 0xF8, 0x00, 0x03, 0xFF, 0x00,
  0x00, 0x3F, 0xF0, 0x00, 0x1F, 0xF8, 0x00, 0x00, 0x7F, 0xE0, 0x00, 0x7F,
  0xC0, 0x00, 0x01, 0xFF, 0x80, 0x03, 0xFF, 0x00, 0x00, 0x03, 0xFF, 0x00,
  0x1F, 0xF8, 0x00, 0x00, 0x07, 0xFE, 0x00, 0xFF, 0xC0, 0x00, 0x00, 0x1F,
  0xF8, 0x03, 0xFF, 0x00, 0x00, 0x00, 0x3F, 0xF0, 0x1F, 0xF8, 0x00, 0x00,
  0x00, 0x7F, 0xE0, 0xFF, 0xC0, 0x00, 0x00, 0x01, 0xFF, 0x83, 0xFF, 0x00,
  0x00, 0x00, 0x03, 0xFF, 0x1F, 0xF8, 0x00, 0x00, 0x00, 0x07, 0xFE, 0xFF,
  0xC0, 0x00, 0x00, 0x00, 0x1F, 0xFC, 0xFF, 0xC0, 0x00, 0x00, 0x00, 0x07,
  0xFE, 0xFF, 0x80, 0x00, 0x00, 0x00, 0x1F, 0xF9, 0xFF, 0x80, 0x00, 0x00,
  0x00, 0x7F, 0xE1, 0xFF, 0x80, 0x00, 0x00, 0x00, 0xFF, 0xC1, 0xFF, 0x00,
  0x00, 0x00, 0x03, 0xFF, 0x03, 0xFF, 0x00, 0x00, 0x00, 0x07, 0xFC, 0x03,
  0xFE, 0x00, 0x00, 0x00, 0x1F, 0xF8, 0x03, 0xFE, 0x00, 0x00, 0x00, 0x7F,
  0xE0, 0x07, 0xFE, 0x00, 0x00, 0x00, 0xFF, 0x80, 0x07, 0xFC, 0x00, 0x00,
  0x03, 0xFF, 0x00, 0x0F, 0xFC, 0x00, 0x00, 0x07, 0xFC, 0x00, 0x0F, 0xF8,
  0x00, 0x00, 0x1F, 0xF0, 0x00, 0x0F, 0xF8, 0x00, 0x00, 0x7F, 0xE0, 0x00,
  0x1F, 0xF8, 0x00, 0x00, 0xFF, 0x80, 0x00, 0x1F, 0xF0, 0x00, 0x03, 0xFF,
  0x00, 0x00, 0x1F, 0xF0, 0x00, 0x07, 0xFC, 0x00, 0x00, 0x3F, 0xE0, 0x00,
  0x1F, 0xF0, 0x00, 0x00, 0x3F, 0xE0, 0x00, 0x7F, 0xE0, 0x00, 0x00, 0x7F,
  0xE0, 0x00, 0xFF, 0x80, 0x00, 0x00, 0x7F, 0xC0, 0x03, 0xFE, 0x00, 0x00,
  0x00, 0x7F, 0xC0, 0x07, 0xFC, 0x00, 0x00, 0x00, 0xFF, 0x80, 0x1F, 0xF0,
  0x00, 0x00, 0x00, 0xFF, 0x80, 0x7F, 0xC0, 0x00, 0x00, 0x00, 0xFF, 0x80,
  0xFF, 0x80, 0x00, 0x00, 0x01, 0xFF, 0x03, 0xFE, 0x00, 0x00, 0x00, 0x01,
  0xFF, 0x07, 0xFC, 0x00, 0x00, 0x00, 0x01, 0xFE, 0x1F, 0xF0, 0x00, 0x00,
  0x00, 0x03, 0xFE, 0x7F, 0xC0, 0x00, 0x00, 0x00, 0x03, 0xFE, 0xFF, 0x80,
  0x00, 0x00, 0x00, 0x07, 0xFF, 0xFE, 0x00, 0x00, 0x00, 0x00, 0x07, 0xFF,
  0xF8, 0x00, 0x00, 0x00, 0x00, 0x07, 0xFF, 0xF0, 0x00, 0x00, 0x00, 0x00,
  0x0F, 0xFF, 0xC0, 0x00, 0x00, 0x00, 0x00, 0x0F, 0xFF, 0x00, 0x00, 0x00,
  0x00, 0x00, 0x0F, 0xFE, 0x00, 0x00, 0x00, 0x00, 0x00, 0x1F, 0xF8, 0x00,
  0x00, 0x00, 0x00, 0x00, 0x1F, 0xF0, 0x00, 0x00, 0x00, 0x00, 0x00, 0x3F,
  0xC0, 0x00, 0x00, 0x00, 0x00, 0x00, 0x7F, 0x80, 0x00, 0x00, 0x00, 0x00,
  0x00, 0xFF, 0x00, 0x00, 0x00, 0x00, 0x00, 0x01, 0xFE, 0x00, 0x00, 0x00,
  0x00, 0x00, 0x03, 0xFC, 0x00, 0x00, 0x00, 0x00, 0x00, 0x07, 0xF8, 0x00,
  0x00, 0x00, 0x00, 0x00, 0x0F, 0xF0, 0x00, 0x00, 0x00, 0x00, 0x00, 0x1F,
  0xE0, 0x00, 0x00, 0x00, 0x00, 0x00, 0x3F, 0xC0, 0x00, 0x00, 0x00, 0x00,
  0x00, 0x7F, 0x80, 0x00, 0x00, 0x00, 0x00, 0x00, 0xFF, 0x00, 0x00, 0x00,
  0x00, 0x00, 0x01, 0xFE, 0x00, 0x00, 0x00, 0x00, 0x00, 0x03, 0xFC, 0x00,
  0x00, 0x00, 0x00, 0x00, 0x07, 0xF8, 0x00, 0x00, 0x00, 0x00, 0x00, 0x0F,
  0xF0, 0x00, 0x00, 0x00, 0x00, 0x00, 0x1F, 0xE0, 0x00, 0x00, 0x00, 0x00,
  0x00, 0x3F, 0xC0, 0x00, 0x00, 0x00, 0x00, 0x00, 0x7F, 0x80, 0x00, 0x00,
  0x00, 0x00, 0x00, 0xFF, 0x00, 0x00, 0x00, 0x00, 0x00, 0x01, 0xFE, 0x00,
  0x00, 0x00, 0x00, 0x00, 0x03, 0xFC, 0x00, 0x00, 0x00, 0x00, 0x00, 0x07,
  0xF8, 0x00, 0x00, 0x00, 0x00, 0x00, 0x0F, 0xF0, 0x00, 0x00, 0x00, 0x00,
  0x00, 0x1F, 0xE0, 0x00, 0x00, 0x00, 0x1F, 0xFF, 0xFF, 0xFF, 0xFF, 0xFF,
  0x8F, 0xFF, 0xFF, 0xFF, 0xFF, 0xFF, 0xC7, 0xFF, 0xFF, 0xFF, 0xFF, 0xFF,
  0xE3, 0xFF, 0xFF, 0xFF, 0xFF, 0xFF, 0xF1, 0xFF, 0xFF, 0xFF, 0xFF, 0xFF,
  0xF8, 0xFF, 0xFF, 0xFF, 0xFF, 0xFF, 0xFC, 0x7F, 0xFF, 0xFF, 0xFF, 0xFF,
  0xFE, 0x00, 0x00, 0x00, 0x00, 0x0F, 0xFE, 0x00, 0x00, 0x00, 0x00, 0x07,
  0xFE, 0x00, 0x00, 0x00, 0x00, 0x07, 0xFE, 0x00, 0x00, 0x00, 0x00, 0x07,
  0xFF, 0x00, 0x00, 0x00, 0x00, 0x07, 0xFF, 0x00, 0x00, 0x00, 0x00, 0x07,
  0xFF, 0x00, 0x00, 0x00, 0x00, 0x03, 0xFF, 0x00, 0x00, 0x00, 0x00, 0x03,
  0xFF, 0x00, 0x00, 0x00, 0x00, 0x03, 0xFF, 0x80, 0x00, 0x00, 0x00, 0x03,
  0xFF, 0x80, 0x00, 0x00, 0x00, 0x03, 0xFF, 0x80, 0x00, 0x00, 0x00, 0x01,
  0xFF, 0x80, 0x00, 0x00, 0x00, 0x01, 0xFF, 0x80, 0x00, 0x00, 0x00, 0x01,
  0xFF, 0xC0, 0x00, 0x00, 0x00, 0x01, 0xFF, 0xC0, 0x00, 0x00, 0x00, 0x01,
  0xFF, 0xC0, 0x00, 0x00, 0x00, 0x00, 0xFF, 0xC0, 0x00, 0x00, 0x00, 0x00,
  0xFF, 0xC0, 0x00, 0x00, 0x00, 0x00, 0xFF, 0xE0, 0x00, 0x00, 0x00, 0x00,
  0xFF, 0xE0, 0x00, 0x00, 0x00, 0x00, 0xFF, 0xE0, 0x00, 0x00, 0x00, 0x00,
  0x7F, 0xE0, 0x00, 0x00, 0x00, 0x00, 0x7F, 0xE0, 0x00, 0x00, 0x00, 0x00,
  0x7F, 0xE0, 0x00, 0x00, 0x00, 0x00, 0x7F, 0xF0, 0x00, 0x00, 0x00, 0x00,
  0x7F, 0xF0, 0x00, 0x00, 0x00, 0x00, 0x3F, 0xF0, 0x00, 0x00, 0x00, 0x00,
  0x3F, 0xF0, 0x00, 0x00, 0x00, 0x00, 0x3F, 0xF0, 0x00, 0x00, 0x00, 0x00,
  0x3F, 0xF8, 0x00, 0x00, 0x00, 0x00, 0x3F, 0xF8, 0x00, 0x00, 0x00, 0x00,
  0x1F, 0xF8, 0x00, 0x00, 0x00, 0x00, 0x1F, 0xF8, 0x00, 0x00, 0x00, 0x00,
  0x1F, 0xF8, 0x00, 0x00, 0x00, 0x00, 0x1F, 0xFC, 0x00, 0x00, 0x00, 0x00,
  0x1F, 0xFC, 0x00, 0x00, 0x00, 0x00, 0x0F, 0xFC, 0x00, 0x00, 0x00, 0x00,
  0x0F, 0xFC, 0x00, 0x00, 0x00, 0x00, 0x0F, 0xFC, 0x00, 0x00, 0x00, 0x00,
  0x0F, 0xFE, 0x00, 0x00, 0x00, 0x00, 0x0F, 0xFE, 0x00, 0x00, 0x00, 0x00,
  0x07, 0xFE, 0x00, 0x00, 0x00, 0x00, 0x07, 0xFE, 0x00, 0x00, 0x00, 0x00,
  0x07, 0xFE, 0x00, 0x00, 0x00, 0x00, 0x07, 0xFF, 0x00, 0x00, 0x00, 0x00,
  0x07, 0xFF, 0x00, 0x00, 0x00, 0x00, 0x03, 0xFF, 0x00, 0x00, 0x00, 0x00,
  0x03, 0xFF, 0xFF, 0xFF, 0xFF, 0xFF, 0xFF, 0xFF, 0xFF, 0xFF, 0xFF, 0xFF,
  0xFF, 0xFF, 0xFF, 0xFF, 0xFF, 0xFF, 0xFF, 0xFF, 0xFF, 0xFF, 0xFF, 0xFF,
  0xFF, 0xFF, 0xFF, 0xFF, 0xFF, 0xFF, 0xFF, 0xFF, 0xFF, 0xFF, 0xFF, 0xFF,
  0xFF, 0xFF, 0xFF, 0xFF, 0xFF, 0xFF, 0xFF, 0xF8, 0xFF, 0xFF, 0xFF, 0xFF,
  0xFF, 0xFF, 0xFF, 0xFF, 0xFF, 0xFF, 0xFF, 0xFF, 0xFF, 0xFF, 0xFF, 0xFE,
  0x00, 0xFF, 0x00, 0x7F, 0x80, 0x3F, 0xC0, 0x1F, 0xE0, 0x0F, 0xF0, 0x07,
  0xF8, 0x03, 0xFC, 0x01, 0xFE, 0x00, 0xFF, 0x00, 0x7F, 0x80, 0x3F, 0xC0,
  0x1F, 0xE0, 0x0F, 0xF0, 0x07, 0xF8, 0x03, 0xFC, 0x01, 0xFE, 0x00, 0xFF,
  0x00, 0x7F, 0x80, 0x3F, 0xC0, 0x1F, 0xE0, 0x0F, 0xF0, 0x07, 0xF8, 0x03,
  0xFC, 0x01, 0xFE, 0x00, 0xFF, 0x00, 0x7F, 0x80, 0x3F, 0xC0, 0x1F, 0xE0,
  0x0F, 0xF0, 0x07, 0xF8, 0x03, 0xFC, 0x01, 0xFE, 0x00, 0xFF, 0x00, 0x7F,
  0x80, 0x3F, 0xC0, 0x1F, 0xE0, 0x0F, 0xF0, 0x07, 0xF8, 0x03, 0xFC, 0x01,
  0xFE, 0x00, 0xFF, 0x00, 0x7F, 0x80, 0x3F, 0xC0, 0x1F, 0xE0, 0x0F, 0xF0,
  0x07, 0xF8, 0x03, 0xFC, 0x01, 0xFE, 0x00, 0xFF, 0x00, 0x7F, 0x80, 0x3F,
  0xC0, 0x1F, 0xE0, 0x0F, 0xF0, 0x07, 0xF8, 0x03, 0xFC, 0x01, 0xFE, 0x00,
  0xFF, 0x00, 0x7F, 0x80, 0x3F, 0xC0, 0x1F, 0xE0, 0x0F, 0xF0, 0x07, 0xF8,
  0x03, 0xFC, 0x01, 0xFE, 0x00, 0xFF, 0x00, 0x7F, 0xFF, 0xFF, 0xFF, 0xFF,
  0xFF, 0xFF, 0xFF, 0xFF, 0xFF, 0xFF, 0xFF, 0xFF, 0xFF, 0xFF, 0xFE, 0x00,
  0x00, 0x00, 0xFC, 0x00, 0x00, 0x01, 0xFC, 0x00, 0x00, 0x03, 0xF8, 0x00,
  0x00, 0x03, 0xF0, 0x00, 0x00, 0x07, 0xF0, 0x00, 0x00, 0x07, 0xE0, 0x00,
  0x00, 0x0F, 0xE0, 0x00, 0x00, 0x1F, 0xC0, 0x00, 0x00, 0x1F, 0x80, 0x00,
  0x00, 0x3F, 0x80, 0x00, 0x00, 0x3F, 0x00, 0x00, 0x00, 0x7F, 0x00, 0x00,
  0x00, 0xFE, 0x00, 0x00, 0x00, 0xFC, 0x00, 0x00, 0x01, 0xFC, 0x00, 0x00,
  0x01, 0xF8, 0x00, 0x00, 0x03, 0xF0, 0x00, 0x00, 0x07, 0xF0, 0x00, 0x00,
  0x07, 0xE0, 0x00, 0x00, 0x0F, 0xE0, 0x00, 0x00, 0x1F, 0xC0, 0x00, 0x00,
  0x1F, 0x80, 0x00, 0x00, 0x3F, 0x80, 0x00, 0x00, 0x3F, 0x00, 0x00, 0x00,
  0x7F, 0x00, 0x00, 0x00, 0xFE, 0x00, 0x00, 0x00, 0xFC, 0x00, 0x00, 0x01,
  0xFC, 0x00, 0x00, 0x01, 0xF8, 0x00, 0x00, 0x03, 0xF8, 0x00, 0x00, 0x07,
  0xF0, 0x00, 0x00, 0x07, 0xE0, 0x00, 0x00, 0x0F, 0xE0, 0x00, 0x00, 0x0F,
  0xC0, 0x00, 0x00, 0x1F, 0xC0, 0x00, 0x00, 0x3F, 0x80, 0x00, 0x00, 0x3F,
  0x00, 0x00, 0x00, 0x7F, 0x00, 0x00, 0x00, 0x7E, 0x00, 0x00, 0x00, 0xFC,
  0x00, 0x00, 0x01, 0xFC, 0x00, 0x00, 0x01, 0xF8, 0x00, 0x00, 0x03, 0xF8,
  0x00, 0x00, 0x07, 0xF0, 0x00, 0x00, 0x07, 0xE0, 0x00, 0x00, 0x0F, 0xE0,
  0x00, 0x00, 0x0F, 0xC0, 0x00, 0x00, 0x1F, 0xC0, 0x00, 0x00, 0x3F, 0x80,
  0x00, 0x00, 0x3F, 0x00, 0x00, 0x00, 0x7F, 0x00, 0x00, 0x00, 0x7E, 0x00,
  0x00, 0x00, 0xFE, 0x00, 0x00, 0x01, 0xFC, 0x00, 0x00, 0x01, 0xF8, 0x00,
  0x00, 0x03, 0xF8, 0x00, 0x00, 0x03, 0xF0, 0x00, 0x00, 0x07, 0xE0, 0x00,
  0x00, 0x0F, 0xE0, 0x00, 0x00, 0x0F, 0xE0, 0xFF, 0xFF, 0xFF, 0xFF, 0xFF,
  0xFF, 0xFF, 0xFF, 0xFF, 0xFF, 0xFF, 0xFF, 0xFF, 0xFF, 0x00, 0x7F, 0x00,
  0x7F, 0x00, 0x7F, 0x00, 0x7F, 0x00, 0x7F, 0x00, 0x7F, 0x00, 0x7F, 0x00,
  0x7F, 0x00, 0x7F, 0x00, 0x7F, 0x00, 0x7F, 0x00, 0x7F, 0x00, 0x7F, 0x00,
  0x7F, 0x00, 0x7F, 0x00, 0x7F, 0x00, 0x7F, 0x00, 0x7F, 0x00, 0x7F, 0x00,
  0x7F, 0x00, 0x7F, 0x00, 0x7F, 0x00, 0x7F, 0x00, 0x7F, 0x00, 0x7F, 0x00,
  0x7F, 0x00, 0x7F, 0x00, 0x7F, 0x00, 0x7F, 0x00, 0x7F, 0x00, 0x7F, 0x00,
  0x7F, 0x00, 0x7F, 0x00, 0x7F, 0x00, 0x7F, 0x00, 0x7F, 0x00, 0x7F, 0x00,
  0x7F, 0x00, 0x7F, 0x00, 0x7F, 0x00, 0x7F, 0x00, 0x7F, 0x00, 0x7F, 0x00,
  0x7F, 0x00, 0x7F, 0x00, 0x7F, 0x00, 0x7F, 0x00, 0x7F, 0x00, 0x7F, 0x00,
  0x7F, 0x00, 0x7F, 0x00, 0x7F, 0x00, 0x7F, 0x00, 0x7F, 0x00, 0x7F, 0x00,
  0x7F, 0x00, 0x7F, 0x00, 0x7F, 0x00, 0x7F, 0x00, 0x7F, 0x00, 0x7F, 0x00,
  0x7F, 0x00, 0x7F, 0x00, 0x7F, 0x00, 0x7F, 0x00, 0x7F, 0xFF, 0xFF, 0xFF,
  0xFF, 0xFF, 0xFF, 0xFF, 0xFF, 0xFF, 0xFF, 0xFF, 0xFF, 0xFF, 0xFF, 0x00,
  0x01, 0xF8, 0x00, 0x00, 0x00, 0x3F, 0xC0, 0x00, 0x00, 0x03, 0xFC, 0x00,
  0x00, 0x00, 0x7F, 0xE0, 0x00, 0x00, 0x07, 0xFE, 0x00, 0x00, 0x00, 0x7F,
  0xF0, 0x00, 0x00, 0x0F, 0xFF, 0x00, 0x00, 0x00, 0xFF, 0xF0, 0x00, 0x00,
  0x1F, 0xFF, 0x80, 0x00, 0x01, 0xFF, 0xF8, 0x00, 0x00, 0x3F, 0x9F, 0xC0,
  0x00, 0x03, 0xF9, 0xFC, 0x00, 0x00, 0x3F, 0x8F, 0xC0, 0x00, 0x07, 0xF0,
  0xFE, 0x00, 0x00, 0x7F, 0x0F, 0xE0, 0x00, 0x0F, 0xE0, 0x7F, 0x00, 0x00,
  0xFE, 0x07, 0xF0, 0x00, 0x0F, 0xC0, 0x3F, 0x00, 0x01, 0xFC, 0x03, 0xF8,
  0x00, 0x1F, 0xC0, 0x3F, 0x80, 0x03, 0xF8, 0x01, 0xFC, 0x00, 0x3F, 0x80,
  0x1F, 0xC0, 0x03, 0xF0, 0x00, 0xFE, 0x00, 0x7F, 0x00, 0x0F, 0xE0, 0x07,
  0xF0, 0x00, 0x7E, 0x00, 0xFE, 0x00, 0x07, 0xF0, 0x0F, 0xE0, 0x00, 0x7F,
  0x00, 0xFC, 0x00, 0x03, 0xF8, 0x1F, 0xC0, 0x00, 0x3F, 0x81, 0xFC, 0x00,
  0x01, 0xF8, 0x3F, 0x80, 0x00, 0x1F, 0xC3, 0xF8, 0x00, 0x01, 0xFC, 0x7F,
  0x00, 0x00, 0x0F, 0xE7, 0xF0, 0x00, 0x00, 0xFE, 0x7F, 0x00, 0x00, 0x07,
  0xEF, 0xE0, 0x00, 0x00, 0x7F, 0xFF, 0xFF, 0xFF, 0xFF, 0xFF, 0xFF, 0xFF,
  0xFF, 0xFF, 0xFF, 0xFF, 0xFF, 0xFF, 0xFF, 0xFF, 0xFF, 0xFF, 0xFF, 0xFF,
  0xFF, 0xFF, 0xFF, 0xFF, 0xFF, 0xFF, 0x80, 0x3F, 0xE0, 0x0F, 0xF8, 0x03,
  0xFC, 0x00, 0xFF, 0x00, 0x3F, 0x80, 0x0F, 0xE0, 0x03, 0xF8, 0x00, 0xFC,
  0x00, 0x7F, 0x00, 0x1F, 0xC0, 0x07, 0xF0, 0x00, 0x01, 0xFF, 0xC0, 0x00,
  0x00, 0x01, 0xFF, 0xFF, 0x80, 0x00, 0x01, 0xFF, 0xFF, 0xFC, 0x00, 0x00,
  0x7F, 0xFF, 0xFF, 0xE0, 0x00, 0x1F, 0xFF, 0xFF, 0xFE, 0x00, 0x07, 0xFF,
  0xFF, 0xFF, 0xE0, 0x01, 0xFF, 0xFF, 0xFF, 0xFE, 0x00, 0x7F, 0xE0, 0x01,
  0xFF, 0xC0, 0x0F, 0xF8, 0x00, 0x0F, 0xF8, 0x01, 0xFE, 0x00, 0x00, 0xFF,
  0x80, 0x7F, 0x80, 0x00, 0x0F, 0xF0, 0x0F, 0xF0, 0x00, 0x01, 0xFE, 0x01,
  0xFC, 0x00, 0x00, 0x1F, 0xC0, 0x3F, 0x80, 0x00, 0x03, 0xF8, 0x07, 0xF0,
  0x00, 0x00, 0x7F, 0x00, 0x00, 0x00, 0x00, 0x0F, 0xE0, 0x00, 0x00, 0x00,
  0x03, 0xFC, 0x00, 0x00, 0x00, 0x00, 0x7F, 0x80, 0x00, 0x00, 0x00, 0x3F,
  0xF0, 0x00, 0x00, 0x01, 0xFF, 0xFE, 0x00, 0x00, 0x3F, 0xFF, 0xFF, 0xC0,
  0x00, 0x7F, 0xFF, 0xFF, 0xF8, 0x00, 0x7F, 0xFF, 0xFF, 0xFF, 0x00, 0x1F,
  0xFF, 0xFF, 0xFF, 0xE0, 0x0F, 0xFF, 0xFF, 0xF3, 0xFC, 0x03, 0xFF, 0xFF,
  0xE0, 0x7F, 0x80, 0x7F, 0xFC, 0x00, 0x0F, 0xF0, 0x1F, 0xFC, 0x00, 0x01,
  0xFE, 0x03, 0xFE, 0x00, 0x00, 0x3F, 0xC0, 0xFF, 0x80, 0x00, 0x07, 0xF8,
  0x1F, 0xE0, 0x00, 0x00, 0xFF, 0x03, 0xFC, 0x00, 0x00, 0x1F, 0xE0, 0x7F,
  0x00, 0x00, 0x03, 0xFC, 0x1F, 0xE0, 0x00, 0x00, 0x7F, 0x83, 0xFC, 0x00,
  0x00, 0x1F, 0xF0, 0x7F, 0x80, 0x00, 0x03, 0xFE, 0x07, 0xF8, 0x00, 0x00,
  0xFF, 0xC0, 0xFF, 0x00, 0x00, 0x3F, 0xF8, 0x1F, 0xF0, 0x00, 0x1F, 0xFF,
  0x03, 0xFF, 0x00, 0x0F, 0xFF, 0xE0, 0x3F, 0xF8, 0x0F, 0xFD, 0xFE, 0x07,
  0xFF, 0xFF, 0xFF, 0x3F, 0xFC, 0x7F, 0xFF, 0xFF, 0xC7, 0xFF, 0x87, 0xFF,
  0xFF, 0xF0, 0x7F, 0xF0, 0x7F, 0xFF, 0xFC, 0x0F, 0xFE, 0x03, 0xFF, 0xFE,
  0x00, 0xFF, 0xC0, 0x1F, 0xFE, 0x00, 0x07, 0xF0, 0x00, 0x38, 0x00, 0x00,
  0x00, 0xFE, 0x00, 0x00, 0x00, 0x00, 0xFE, 0x00, 0x00, 0x00, 0x00, 0xFE,
  0x00, 0x00, 0x00, 0x00, 0xFE, 0x00, 0x00, 0x00, 0x00, 0xFE, 0x00, 0x00,
  0x00, 0x00, 0xFE, 0x00, 0x00, 0x00, 0x00, 0xFE, 0x00, 0x00, 0x00, 0x00,
  0xFE, 0x00, 0x00, 0x00, 0x00, 0xFE, 0x00, 0x00, 0x00, 0x00, 0xFE, 0x00,
  0x00, 0x00, 0x00, 0xFE, 0x00, 0x00, 0x00, 0x00, 0xFE, 0x00, 0x00, 0x00,
  0x00, 0xFE, 0x00, 0x00, 0x00, 0x00, 0xFE, 0x00, 0x00, 0x00, 0x00, 0xFE,
  0x00, 0x00, 0x00, 0x00, 0xFE, 0x00, 0x00, 0x00, 0x00, 0xFE, 0x00, 0xFF,
  0x80, 0x00, 0xFE, 0x03, 0xFF, 0xF0, 0x00, 0xFE, 0x0F, 0xFF, 0xFC, 0x00,
  0xFE, 0x3F, 0xFF, 0xFF, 0x00, 0xFE, 0x7F, 0xFF, 0xFF, 0x80, 0xFE, 0xFF,
  0xFF, 0xFF, 0xC0, 0xFF, 0xFF, 0xFF, 0xFF, 0xE0, 0xFF, 0xFE, 0x00, 0x7F,
  0xF0, 0xFF, 0xF8, 0x00, 0x3F, 0xF0, 0xFF, 0xF0, 0x00, 0x1F, 0xF8, 0xFF,
  0xE0, 0x00, 0x0F, 0xF8, 0xFF, 0xC0, 0x00, 0x07, 0xFC, 0xFF, 0x80, 0x00,
  0x07, 0xFC, 0xFF, 0x80, 0x00, 0x03, 0xFC, 0xFF, 0x00, 0x00, 0x03, 0xFE,
  0xFF, 0x00, 0x00, 0x01, 0xFE, 0xFF, 0x00, 0x00, 0x01, 0xFE, 0xFE, 0x00,
  0x00, 0x01, 0xFE, 0xFE, 0x00, 0x00, 0x01, 0xFE, 0xFE, 0x00, 0x00, 0x00,
  0xFE, 0xFE, 0x00, 0x00, 0x00, 0xFE, 0xFE, 0x00, 0x00, 0x00, 0xFF, 0xFE,
  0x00, 0x00, 0x00, 0xFF, 0xFE, 0x00, 0x00, 0x00, 0xFF, 0xFE, 0x00, 0x00,
  0x00, 0xFE, 0xFE, 0x00, 0x00, 0x00, 0xFE, 0xFE, 0x00, 0x00, 0x00, 0xFE,
  0xFE, 0x00, 0x00, 0x00, 0xFE, 0xFE, 0x00, 0x00, 0x01, 0xFE, 0xFE, 0x00,
  0x00, 0x01, 0xFE, 0xFF, 0x00, 0x00, 0x01, 0xFE, 0xFF, 0x00, 0x00, 0x01,
  0xFE, 0xFF, 0x00, 0x00, 0x03, 0xFC, 0xFF, 0x00, 0x00, 0x03, 0xFC, 0xFF,
  0x80, 0x00, 0x03, 0xFC, 0xFF, 0x80, 0x00, 0x07, 0xF8, 0xFF, 0xC0, 0x00,
  0x0F, 0xF8, 0xFF, 0xE0, 0x00, 0x0F, 0xF0, 0xFF, 0xF0, 0x00, 0x1F, 0xF0,
  0xFF, 0xF8, 0x00, 0x7F, 0xE0, 0xFF, 0xFF, 0x01, 0xFF, 0xC0, 0xFE, 0xFF,
  0xFF, 0xFF, 0xC0, 0xFE, 0x7F, 0xFF, 0xFF, 0x80, 0xFE, 0x7F, 0xFF, 0xFF,
  0x00, 0xFE, 0x1F, 0xFF, 0xFC, 0x00, 0xFE, 0x0F, 0xFF, 0xF8, 0x00, 0x00,
  0x03, 0xFF, 0xC0, 0x00, 0x00, 0x00, 0x1C, 0x00, 0x00, 0x00, 0x00, 0xFF,
  0xC0, 0x00, 0x00, 0x0F, 0xFF, 0xF8, 0x00, 0x00, 0x7F, 0xFF, 0xFC, 0x00,
  0x01, 0xFF, 0xFF, 0xFC, 0x00, 0x0F, 0xFF, 0xFF, 0xFC, 0x00, 0x3F, 0xFF,
  0xFF, 0xFC, 0x00, 0xFF, 0xFF, 0xFF, 0xFC, 0x03, 0xFF, 0x80, 0x1F, 0xFC,
  0x07, 0xFC, 0x00, 0x0F, 0xF8, 0x1F, 0xF0, 0x00, 0x0F, 0xF0, 0x7F, 0xC0,
  0x00, 0x1F, 0xF0, 0xFF, 0x80, 0x00, 0x1F, 0xE1, 0xFE, 0x00, 0x00, 0x1F,
  0xC7, 0xFC, 0x00, 0x00, 0x3F, 0xCF, 0xF0, 0x00, 0x00, 0x7F, 0x9F, 0xE0,
  0x00, 0x00, 0x7F, 0x7F, 0x80, 0x00, 0x00, 0x00, 0xFF, 0x00, 0x00, 0x00,
  0x01, 0xFE, 0x00, 0x00, 0x00, 0x03, 0xFC, 0x00, 0x00, 0x00, 0x07, 0xF8,
  0x00, 0x00, 0x00, 0x0F, 0xF0, 0x00, 0x00, 0x00, 0x1F, 0xE0, 0x00, 0x00,
  0x00, 0x7F, 0xC0, 0x00, 0x00, 0x00, 0xFF, 0x80, 0x00, 0x00, 0x01, 0xFF,
  0x00, 0x00, 0x00, 0x01, 0xFE, 0x00, 0x00, 0x00, 0x03, 0xFC, 0x00, 0x00,
  0x00, 0x07, 0xF8, 0x00, 0x00, 0x00, 0x0F, 0xF0, 0x00, 0x00, 0x00, 0x1F,
  0xE0, 0x00, 0x00, 0x7F, 0xBF, 0xC0, 0x00, 0x00, 0xFF, 0x7F, 0xC0, 0x00,
  0x01, 0xFC, 0x7F, 0x80, 0x00, 0x07, 0xF8, 0xFF, 0x80, 0x00, 0x0F, 0xF0,
  0xFF, 0x00, 0x00, 0x3F, 0xE1, 0xFF, 0x00, 0x00, 0x7F, 0x81, 0xFF, 0x00,
  0x01, 0xFF, 0x03, 0xFF, 0x00, 0x07, 0xFC, 0x03, 0xFF, 0x00, 0x3F, 0xF8,
  0x03, 0xFF, 0xFF, 0xFF, 0xE0, 0x07, 0xFF, 0xFF, 0xFF, 0x80, 0x07, 0xFF,
  0xFF, 0xFE, 0x00, 0x03, 0xFF, 0xFF, 0xF8, 0x00, 0x03, 0xFF, 0xFF, 0xC0,
  0x00, 0x01, 0xFF, 0xFE, 0x00, 0x00, 0x00, 0x7F, 0xE0, 0x00, 0x00, 0x00,
  0x00, 0x00, 0x00, 0x7F, 0x00, 0x00, 0x00, 0x00, 0x7F, 0x00, 0x00, 0x00,
  0x00, 0x7F, 0x00, 0x00, 0x00, 0x00, 0x7F, 0x00, 0x00, 0x00, 0x00, 0x7F,
  0x00, 0x00, 0x00, 0x00, 0x7F, 0x00, 0x00, 0x00, 0x00, 0x7F, 0x00, 0x00,
  0x00, 0x00, 0x7F, 0x00, 0x00, 0x00, 0x00, 0x7F, 0x00, 0x00, 0x00, 0x00,
  0x7F, 0x00, 0x00, 0x00, 0x00, 0x7F, 0x00, 0x00, 0x00, 0x00, 0x7F, 0x00,
  0x00, 0x00, 0x00, 0x7F, 0x00, 0x00, 0x00, 0x00, 0x7F, 0x00, 0x00, 0x00,
  0x00, 0x7F, 0x00, 0x00, 0x00, 0x00, 0x7F, 0x00, 0x01, 0xFF, 0x00, 0x7F,
  0x00, 0x0F, 0xFF, 0xE0, 0x7F, 0x00, 0x3F, 0xFF, 0xF8, 0x7F, 0x00, 0x7F,
  0xFF, 0xFC, 0x7F, 0x00, 0xFF, 0xFF, 0xFE, 0x7F, 0x01, 0xFF, 0xFF, 0xFF,
  0x7F, 0x03, 0xFF, 0xFF, 0xFF, 0xFF, 0x07, 0xFF, 0x00, 0x3F, 0xFF, 0x07,
  0xFC, 0x00, 0x1F, 0xFF, 0x0F, 0xF8, 0x00, 0x07, 0xFF, 0x1F, 0xF0, 0x00,
  0x03, 0xFF, 0x1F, 0xE0, 0x00, 0x03, 0xFF, 0x1F, 0xE0, 0x00, 0x01, 0xFF,
  0x3F, 0xC0, 0x00, 0x01, 0xFF, 0x3F, 0xC0, 0x00, 0x00, 0xFF, 0x7F, 0x80,
  0x00, 0x00, 0xFF, 0x7F, 0x80, 0x00, 0x00, 0xFF, 0x7F, 0x80, 0x00, 0x00,
  0x7F, 0x7F, 0x80, 0x00, 0x00, 0x7F, 0x7F, 0x80, 0x00, 0x00, 0x7F, 0x7F,
  0x00, 0x00, 0x00, 0x7F, 0xFF, 0x00, 0x00, 0x00, 0x7F, 0xFF, 0x00, 0x00,
  0x00, 0x7F, 0xFF, 0x00, 0x00, 0x00, 0x7F, 0xFF, 0x00, 0x00, 0x00, 0x7F,
  0xFF, 0x00, 0x00, 0x00, 0x7F, 0xFF, 0x00, 0x00, 0x00, 0x7F, 0xFF, 0x80,
  0x00, 0x00, 0x7F, 0x7F, 0x80, 0x00, 0x00, 0x7F, 0x7F, 0x80, 0x00, 0x00,
  0x7F, 0x7F, 0x80, 0x00, 0x00, 0xFF, 0x7F, 0x80, 0x00, 0x00, 0xFF, 0x7F,
  0xC0, 0x00, 0x00, 0xFF, 0x3F, 0xC0, 0x00, 0x01, 0xFF, 0x3F, 0xE0, 0x00,
  0x01, 0xFF, 0x3F, 0xE0, 0x00, 0x03, 0xFF, 0x1F, 0xF0, 0x00, 0x03, 0xFF,
  0x1F, 0xF0, 0x00, 0x07, 0xFF, 0x0F, 0xF8, 0x00, 0x0F, 0xFF, 0x07, 0xFE,
  0x00, 0x1F, 0xFF, 0x07, 0xFF, 0x80, 0xFF, 0xFF, 0x03, 0xFF, 0xFF, 0xFF,
  0x7F, 0x01, 0xFF, 0xFF, 0xFE, 0x7F, 0x00, 0xFF, 0xFF, 0xFC, 0x7F, 0x00,
  0x7F, 0xFF, 0xF8, 0x7F, 0x00, 0x1F, 0xFF, 0xE0, 0x7F, 0x00, 0x07, 0xFF,
  0x80, 0x00, 0x00, 0x00, 0x38, 0x00, 0x00, 0x00, 0x00, 0xFF, 0xC0, 0x00,
  0x00, 0x03, 0xFF, 0xFC, 0x00, 0x00, 0x07, 0xFF, 0xFF, 0x80, 0x00, 0x0F,
  0xFF, 0xFF, 0xF0, 0x00, 0x0F, 0xFF, 0xFF, 0xFC, 0x00, 0x0F, 0xFF, 0xFF,
  0xFF, 0x00, 0x0F, 0xFF, 0xFF, 0xFF, 0xC0, 0x0F, 0xFE, 0x00, 0x7F, 0xF0,
  0x07, 0xFC, 0x00, 0x0F, 0xFC, 0x07, 0xFC, 0x00, 0x03, 0xFE, 0x07, 0xFC,
  0x00, 0x00, 0xFF, 0x83, 0xFC, 0x00, 0x00, 0x3F, 0xC3, 0xFC, 0x00, 0x00,
  0x0F, 0xF1, 0xFE, 0x00, 0x00, 0x07, 0xF8, 0xFE, 0x00, 0x00, 0x03, 0xFC,
  0xFF, 0x00, 0x00, 0x00, 0xFE, 0x7F, 0x80, 0x00, 0x00, 0x7F, 0xBF, 0xC0,
  0x00, 0x00, 0x3F, 0xFF, 0xC0, 0x00, 0x00, 0x1F, 0xFF, 0xFF, 0xFF, 0xFF,
  0xFF, 0xFF, 0xFF, 0xFF, 0xFF, 0xFF, 0xFF, 0xFF, 0xFF, 0xFF, 0xFF, 0xFF,
  0xFF, 0xFF, 0xFF, 0xFF, 0xFF, 0xFF, 0xFF, 0xFF, 0xFF, 0xFF, 0xFF, 0xFF,
  0xFF, 0xFF, 0xFF, 0xFF, 0xFF, 0xFF, 0xFF, 0xFF, 0xFF, 0xC0, 0x00, 0x00,
  0x00, 0x1F, 0xE0, 0x00, 0x00, 0x00, 0x0F, 0xF0, 0x00, 0x00, 0x00, 0x07,
  0xF8, 0x00, 0x00, 0x00, 0x01, 0xFE, 0x00, 0x00, 0x00, 0x00, 0xFF, 0x00,
  0x00, 0x00, 0x00, 0x7F, 0x80, 0x00, 0x00, 0x7F, 0x3F, 0xE0, 0x00, 0x00,
  0x7F, 0x8F, 0xF0, 0x00, 0x00, 0x3F, 0xC7, 0xF8, 0x00, 0x00, 0x3F, 0xC3,
  0xFE, 0x00, 0x00, 0x1F, 0xE0, 0xFF, 0x80, 0x00, 0x1F, 0xE0, 0x3F, 0xE0,
  0x00, 0x1F, 0xF0, 0x1F, 0xF8, 0x00, 0x3F, 0xF0, 0x07, 0xFF, 0x80, 0x7F,
  0xF0, 0x01, 0xFF, 0xFF, 0xFF, 0xF8, 0x00, 0x7F, 0xFF, 0xFF, 0xF8, 0x00,
  0x1F, 0xFF, 0xFF, 0xF0, 0x00, 0x07, 0xFF, 0xFF, 0xF0, 0x00, 0x00, 0xFF,
  0xFF, 0xE0, 0x00, 0x00, 0x0F, 0xFF, 0xC0, 0x00, 0x00, 0x00, 0x30, 0x00,
  0x00, 0x00, 0x00, 0x30, 0x00, 0x7F, 0xC0, 0x0F, 0xFE, 0x00, 0xFF, 0xF0,
  0x0F, 0xFF, 0x80, 0xFF, 0xFC, 0x07, 0xFF, 0xE0, 0x3F, 0xE0, 0x01, 0xFE,
  0x00, 0x0F, 0xE0, 0x00, 0xFF, 0x00, 0x07, 0xF8, 0x00, 0x3F, 0xC0, 0x01,
  0xFE, 0x00, 0x0F, 0xF0, 0x00, 0x7F, 0x80, 0x03, 0xFC, 0x00, 0x1F, 0xE0,
  0x3F, 0xFF, 0xFF, 0xFF, 0xFF, 0xFF, 0xFF, 0xFF, 0xFF, 0xFF, 0xFF, 0xFF,
  0xFF, 0xFF, 0xFF, 0xFF, 0xFF, 0xFF, 0xF8, 0x1F, 0xE0, 0x00, 0xFF, 0x00,
  0x07, 0xF8, 0x00, 0x3F, 0xC0, 0x01, 0xFE, 0x00, 0x0F, 0xF0, 0x00, 0x7F,
  0x80, 0x03, 0xFC, 0x00, 0x1F, 0xE0, 0x00, 0xFF, 0x00, 0x07, 0xF8, 0x00,
  0x3F, 0xC0, 0x01, 0xFE, 0x00, 0x0F, 0xF0, 0x00, 0x7F, 0x80, 0x03, 0xFC,
  0x00, 0x1F, 0xE0, 0x00, 0xFF, 0x00, 0x07, 0xF8, 0x00, 0x3F, 0xC0, 0x01,
  0xFE, 0x00, 0x0F, 0xF0, 0x00, 0x7F, 0x80, 0x03, 0xFC, 0x00, 0x1F, 0xE0,
  0x00, 0xFF, 0x00, 0x07, 0xF8, 0x00, 0x3F, 0xC0, 0x01, 0xFE, 0x00, 0x0F,
  0xF0, 0x00, 0x7F, 0x80, 0x03, 0xFC, 0x00, 0x1F, 0xE0, 0x00, 0xFF, 0x00,
  0x07, 0xF8, 0x00, 0x3F, 0xC0, 0x01, 0xFE, 0x00, 0x0F, 0xF0, 0x00, 0x00,
  0x03, 0xFE, 0x00, 0x00, 0x00, 0x3F, 0xFF, 0x81, 0xFC, 0x00, 0xFF, 0xFF,
  0xC3, 0xF8, 0x07, 0xFF, 0xFF, 0xC7, 0xF0, 0x1F, 0xFF, 0xFF, 0xCF, 0xE0,
  0x7F, 0xFF, 0xFF, 0xDF, 0xC1, 0xFF, 0xFF, 0xFF, 0xFF, 0x87, 0xFF, 0x00,
  0x3F, 0xFF, 0x1F, 0xF8, 0x00, 0x3F, 0xFE, 0x3F, 0xE0, 0x00, 0x1F, 0xFC,
  0xFF, 0x80, 0x00, 0x1F, 0xF9, 0xFE, 0x00, 0x00, 0x3F, 0xF7, 0xFC, 0x00,
  0x00, 0x3F, 0xEF, 0xF0, 0x00, 0x00, 0x7F, 0xDF, 0xE0, 0x00, 0x00, 0x7F,
  0xBF, 0x80, 0x00, 0x00, 0xFF, 0xFF, 0x00, 0x00, 0x01, 0xFF, 0xFE, 0x00,
  0x00, 0x01, 0xFF, 0xFC, 0x00, 0x00, 0x03, 0xFF, 0xF8, 0x00, 0x00, 0x07,
  0xFF, 0xE0, 0x00, 0x00, 0x0F, 0xFF, 0xC0, 0x00, 0x00, 0x1F, 0xFF, 0x80,
  0x00, 0x00, 0x3F, 0xFF, 0x00, 0x00, 0x00, 0x7F, 0xFE, 0x00, 0x00, 0x00,
  0xFF, 0xFC, 0x00, 0x00, 0x01, 0xFF, 0xF8, 0x00, 0x00, 0x03, 0xFF, 0xF0,
  0x00, 0x00, 0x07, 0xFF, 0xF0, 0x00, 0x00, 0x1F, 0xFF, 0xE0, 0x00, 0x00,
  0x3F, 0xFF, 0xC0, 0x00, 0x00, 0x7F, 0xFF, 0x80, 0x00, 0x00, 0xFF, 0xFF,
  0x80, 0x00, 0x03, 0xFE, 0xFF, 0x00, 0x00, 0x07, 0xFD, 0xFE, 0x00, 0x00,
  0x1F, 0xFB, 0xFE, 0x00, 0x00, 0x7F, 0xF3, 0xFE, 0x00, 0x00, 0xFF, 0xE7,
  0xFE, 0x00, 0x03, 0xFF, 0xC7, 0xFE, 0x00, 0x1F, 0xFF, 0x8F, 0xFF, 0x00,
  0xFF, 0xFF, 0x0F, 0xFF, 0xFF, 0xFE, 0xFE, 0x0F, 0xFF, 0xFF, 0xF9, 0xFC,
  0x0F, 0xFF, 0xFF, 0xE3, 0xF8, 0x07, 0xFF, 0xFF, 0x87, 0xF0, 0x07, 0xFF,
  0xFE, 0x0F, 0xE0, 0x01, 0xFF, 0xF0, 0x1F, 0xC0, 0x00, 0x3C, 0x00, 0x7F,
  0x80, 0x00, 0x00, 0x00, 0xFF, 0x00, 0x00, 0x00, 0x01, 0xFE, 0x00, 0x00,
  0x00, 0x03, 0xF8, 0x00, 0x00, 0x00, 0x07, 0xF3, 0xFC, 0x00, 0x00, 0x1F,
  0xE7, 0xF8, 0x00, 0x00, 0x3F, 0xCF, 0xF0, 0x00, 0x00, 0xFF, 0x0F, 0xF0,
  0x00, 0x01, 0xFE, 0x1F, 0xF0, 0x00, 0x07, 0xF8, 0x3F, 0xF0, 0x00, 0x3F,
  0xF0, 0x3F, 0xFC, 0x03, 0xFF, 0xC0, 0x7F, 0xFF, 0xFF, 0xFF, 0x00, 0x7F,
  0xFF, 0xFF, 0xFE, 0x00, 0x7F, 0xFF, 0xFF, 0xF0, 0x00, 0x3F, 0xFF, 0xFF,
  0xC0, 0x00, 0x1F, 0xFF, 0xFE, 0x00, 0x00, 0x0F, 0xFF, 0xF0, 0x00, 0x00,
  0x00, 0x30, 0x00, 0x00, 0xFE, 0x00, 0x00, 0x00, 0x0F, 0xE0, 0x00, 0x00,
  0x00, 0xFE, 0x00, 0x00, 0x00, 0x0F, 0xE0, 0x00, 0x00, 0x00, 0xFE, 0x00,
  0x00, 0x00, 0x0F, 0xE0, 0x00, 0x00, 0x00, 0xFE, 0x00, 0x00, 0x00, 0x0F,
  0xE0, 0x00, 0x00, 0x00, 0xFE, 0x00, 0x00, 0x00, 0x0F, 0xE0, 0x00, 0x00,
  0x00, 0xFE, 0x00, 0x00, 0x00, 0x0F, 0xE0, 0x00, 0x00, 0x00, 0xFE, 0x00,
  0x00, 0x00, 0x0F, 0xE0, 0x00, 0x00, 0x00, 0xFE, 0x00, 0x00, 0x00, 0x0F,
  0xE0, 0x00, 0x00, 0x00, 0xFE, 0x00, 0xFF, 0xC0, 0x0F, 0xE0, 0x3F, 0xFF,
  0x80, 0xFE, 0x0F, 0xFF, 0xFE, 0x0F, 0xE1, 0xFF, 0xFF, 0xF0, 0xFE, 0x7F,
  0xFF, 0xFF, 0x8F, 0xE7, 0xFF, 0xFF, 0xFC, 0xFE, 0xFF, 0xFF, 0xFF, 0xCF,
  0xFF, 0xE0, 0x0F, 0xFE, 0xFF, 0xF8, 0x00, 0x3F, 0xEF, 0xFE, 0x00, 0x01,
  0xFE, 0xFF, 0xC0, 0x00, 0x1F, 0xFF, 0xF8, 0x00, 0x00, 0xFF, 0xFF, 0x80,
  0x00, 0x0F, 0xFF, 0xF0, 0x00, 0x00, 0xFF, 0xFF, 0x00, 0x00, 0x0F, 0xFF,
  0xF0, 0x00, 0x00, 0xFF, 0xFF, 0x00, 0x00, 0x0F, 0xFF, 0xE0, 0x00, 0x00,
  0xFF, 0xFE, 0x00, 0x00, 0x0F, 0xFF, 0xE0, 0x00, 0x00, 0xFF, 0xFE, 0x00,
  0x00, 0x0F, 0xFF, 0xE0, 0x00, 0x00, 0xFF, 0xFE, 0x00, 0x00, 0x0F, 0xFF,
  0xE0, 0x00, 0x00, 0xFF, 0xFE, 0x00, 0x00, 0x0F, 0xFF, 0xE0, 0x00, 0x00,
  0xFF, 0xFE, 0x00, 0x00, 0x0F, 0xFF, 0xE0, 0x00, 0x00, 0xFF, 0xFE, 0x00,
  0x00, 0x0F, 0xFF, 0xE0, 0x00, 0x00, 0xFF, 0xFE, 0x00, 0x00, 0x0F, 0xFF,
  0xE0, 0x00, 0x00, 0xFF, 0xFE, 0x00, 0x00, 0x0F, 0xFF, 0xE0, 0x00, 0x00,
  0xFF, 0xFE, 0x00, 0x00, 0x0F, 0xFF, 0xE0, 0x00, 0x00, 0xFF, 0xFE, 0x00,
  0x00, 0x0F, 0xFF, 0xE0, 0x00, 0x00, 0xFF, 0xFE, 0x00, 0x00, 0x0F, 0xFF,
  0xE0, 0x00, 0x00, 0xFF, 0xFE, 0x00, 0x00, 0x0F, 0xFF, 0xE0, 0x00, 0x00,
  0xFF, 0xFE, 0x00, 0x00, 0x0F, 0xFF, 0xE0, 0x00, 0x00, 0xFF, 0xFE, 0x00,
  0x00, 0x0F, 0xFF, 0xE0, 0x00, 0x00, 0xFF, 0xFF, 0xFF, 0xFF, 0xFF, 0xFF,
  0xFF, 0xFF, 0xFE, 0x00, 0x00, 0x00, 0x00, 0x00, 0x00, 0x01, 0xFF, 0xFF,
  0xFF, 0xFF, 0xFF, 0xFF, 0xFF, 0xFF, 0xFF, 0xFF, 0xFF, 0xFF, 0xFF, 0xFF,
  0xFF, 0xFF, 0xFF, 0xFF, 0xFF, 0xFF, 0xFF, 0xFF, 0xFF, 0xFF, 0xFF, 0xFF,
  0xFF, 0xFF, 0xFF, 0xFF, 0xFF, 0xFF, 0xFF, 0xFF, 0xFF, 0xFF, 0xFF, 0xFF,
  0xFF, 0xC0, 0x00, 0xFE, 0x01, 0xFC, 0x03, 0xF8, 0x07, 0xF0, 0x0F, 0xE0,
  0x1F, 0xC0, 0x3F, 0x80, 0x7F, 0x00, 0xFE, 0x00, 0x00, 0x00, 0x00, 0x00,
  0x00, 0x00, 0x00, 0x00, 0x00, 0x00, 0x00, 0x00, 0x00, 0x00, 0x01, 0xFC,
  0x03, 0xF8, 0x07, 0xF0, 0x0F, 0xE0, 0x1F, 0xC0, 0x3F, 0x80, 0x7F, 0x00,
  0xFE, 0x01, 0xFC, 0x03, 0xF8, 0x07, 0xF0, 0x0F, 0xE0, 0x1F, 0xC0, 0x3F,
  0x80, 0x7F, 0x00, 0xFE, 0x01, 0xFC, 0x03, 0xF8, 0x07, 0xF0, 0x0F, 0xE0,
  0x1F, 0xC0, 0x3F, 0x80, 0x7F, 0x00, 0xFE, 0x01, 0xFC, 0x03, 0xF8, 0x07,
  0xF0, 0x0F, 0xE0, 0x1F, 0xC0, 0x3F, 0x80, 0x7F, 0x00, 0xFE, 0x01, 0xFC,
  0x03, 0xF8, 0x07, 0xF0, 0x0F, 0xE0, 0x1F, 0xC0, 0x3F, 0x80, 0x7F, 0x00,
  0xFE, 0x01, 0xFC, 0x03, 0xF8, 0x07, 0xF0, 0x0F, 0xE0, 0x1F, 0xC0, 0x3F,
  0x80, 0x7F, 0x00, 0xFE, 0x01, 0xFC, 0x03, 0xF8, 0x07, 0xF0, 0x0F, 0xE0,
  0x3F, 0xC0, 0x7F, 0x80, 0xFF, 0x01, 0xFF, 0xFF, 0xFF, 0xFF, 0xF7, 0xFF,
  0xEF, 0xFF, 0x9F, 0xFE, 0x3F, 0xF8, 0x7F, 0x80, 0xFF, 0x00, 0x00, 0x00,
  0x03, 0xFC, 0x00, 0x00, 0x00, 0x0F, 0xF0, 0x00, 0x00, 0x00, 0x3F, 0xC0,
  0x00, 0x00, 0x00, 0xFF, 0x00, 0x00, 0x00, 0x03, 0xFC, 0x00, 0x00, 0x00,
  0x0F, 0xF0, 0x00, 0x00, 0x00, 0x3F, 0xC0, 0x00, 0x00, 0x00, 0xFF, 0x00,
  0x00, 0x00, 0x03, 0xFC, 0x00, 0x00, 0x00, 0x0F, 0xF0, 0x00, 0x00, 0x00,
  0x3F, 0xC0, 0x00, 0x00, 0x00, 0xFF, 0x00, 0x00, 0x00, 0x03, 0xFC, 0x00,
  0x00, 0x00, 0x0F, 0xF0, 0x00, 0x00, 0x00, 0x3F, 0xC0, 0x00, 0x00, 0x00,
  0xFF, 0x00, 0x00, 0x00, 0x03, 0xFC, 0x00, 0x00, 0x7F, 0xEF, 0xF0, 0x00,
  0x03, 0xFE, 0x3F, 0xC0, 0x00, 0x3F, 0xF0, 0xFF, 0x00, 0x01, 0xFF, 0x83,
  0xFC, 0x00, 0x0F, 0xFC, 0x0F, 0xF0, 0x00, 0x7F, 0xE0, 0x3F, 0xC0, 0x03,
  0xFF, 0x00, 0xFF, 0x00, 0x1F, 0xF8, 0x03, 0xFC, 0x00, 0xFF, 0xC0, 0x0F,
  0xF0, 0x07, 0xFE, 0x00, 0x3F, 0xC0, 0x3F, 0xF0, 0x00, 0xFF, 0x01, 0xFF,
  0x80, 0x03, 0xFC, 0x0F, 0xFC, 0x00, 0x0F, 0xF0, 0x7F, 0xE0, 0x00, 0x3F,
  0xC3, 0xFF, 0x00, 0x00, 0xFF, 0x1F, 0xF8, 0x00, 0x03, 0xFC, 0xFF, 0xC0,
  0x00, 0x0F, 0xF7, 0xFF, 0x00, 0x00, 0x3F, 0xFF, 0xFE, 0x00, 0x00, 0xFF,
  0xFF, 0xF8, 0x00, 0x03, 0xFF, 0xFF, 0xF0, 0x00, 0x0F, 0xFF, 0xFF, 0xE0,
  0x00, 0x3F, 0xFF, 0xFF, 0x80, 0x00, 0xFF, 0xF1, 0xFF, 0x00, 0x03, 0xFF,
  0x83, 0xFE, 0x00, 0x0F, 0xFC, 0x0F, 0xF8, 0x00, 0x3F, 0xE0, 0x1F, 0xF0,
  0x00, 0xFF, 0x00, 0x7F, 0xE0, 0x03, 0xFC, 0x00, 0xFF, 0x80, 0x0F, 0xF0,
  0x01, 0xFF, 0x00, 0x3F, 0xC0, 0x07, 0xFE, 0x00, 0xFF, 0x00, 0x0F, 0xF8,
  0x03, 0xFC, 0x00, 0x1F, 0xF0, 0x0F, 0xF0, 0x00, 0x7F, 0xE0, 0x3F, 0xC0,
  0x00, 0xFF, 0x80, 0xFF, 0x00, 0x01, 0xFF, 0x03, 0xFC, 0x00, 0x07, 0xFE,
  0x0F, 0xF0, 0x00, 0x0F, 0xF8, 0x3F, 0xC0, 0x00, 0x3F, 0xF0, 0xFF, 0x00,
  0x00, 0x7F, 0xE3, 0xFC, 0x00, 0x00, 0xFF, 0x8F, 0xF0, 0x00, 0x03, 0xFF,
  0x3F, 0xC0, 0x00, 0x07, 0xFE, 0xFF, 0x00, 0x00, 0x0F, 0xFC, 0xFF, 0xFF,
  0xFF, 0xFF, 0xFF, 0xFF, 0xFF, 0xFF, 0xFF, 0xFF, 0xFF, 0xFF, 0xFF, 0xFF,
  0xFF, 0xFF, 0xFF, 0xFF, 0xFF, 0xFF, 0xFF, 0xFF, 0xFF, 0xFF, 0xFF, 0xFF,
  0xFF, 0xFF, 0xFF, 0xFF, 0xFF, 0xFF, 0xFF, 0xFF, 0xFF, 0xFF, 0xFF, 0xFF,
  0xFF, 0xFF, 0xFF, 0xFF, 0xFF, 0xFF, 0xFF, 0xFF, 0xFF, 0xFF, 0xFF, 0xFF,
  0xFF, 0xFF, 0xFF, 0xE0, 0x00, 0x00, 0xFF, 0x80, 0x00, 0x3F, 0xE0, 0x0F,
  0xE0, 0x3F, 0xFE, 0x00, 0x1F, 0xFF, 0x80, 0xFE, 0x0F, 0xFF, 0xF8, 0x07,
  0xFF, 0xFE, 0x0F, 0xE1, 0xFF, 0xFF, 0xC0, 0xFF, 0xFF, 0xF0, 0xFE, 0x3F,
  0xFF, 0xFE, 0x1F, 0xFF, 0xFF, 0x8F, 0xE7, 0xFF, 0xFF, 0xE3, 0xFF, 0xFF,
  0xFC, 0xFE, 0xFF, 0xFF, 0xFF, 0x7F, 0xFF, 0xFF, 0xCF, 0xFF, 0xC0, 0x1F,
  0xFF, 0xF0, 0x07, 0xFE, 0xFF, 0xF0, 0x00, 0xFF, 0xFC, 0x00, 0x3F, 0xEF,
  0xFE, 0x00, 0x07, 0xFF, 0x80, 0x01, 0xFE, 0xFF, 0xC0, 0x00, 0x7F, 0xF0,
  0x00, 0x0F, 0xFF, 0xF8, 0x00, 0x07, 0xFE, 0x00, 0x00, 0xFF, 0xFF, 0x80,
  0x00, 0x3F, 0xE0, 0x00, 0x0F, 0xFF, 0xF0, 0x00, 0x03, 0xFC, 0x00, 0x00,
  0xFF, 0xFF, 0x00, 0x00, 0x3F, 0xC0, 0x00, 0x0F, 0xFF, 0xF0, 0x00, 0x03,
  0xFC, 0x00, 0x00, 0xFF, 0xFF, 0x00, 0x00, 0x3F, 0xC0, 0x00, 0x0F, 0xFF,
  0xE0, 0x00, 0x03, 0xFC, 0x00, 0x00, 0xFF, 0xFE, 0x00, 0x00, 0x3F, 0xC0,
  0x00, 0x0F, 0xFF, 0xE0, 0x00, 0x03, 0xFC, 0x00, 0x00, 0xFF, 0xFE, 0x00,
  0x00, 0x3F, 0xC0, 0x00, 0x0F, 0xFF, 0xE0, 0x00, 0x03, 0xFC, 0x00, 0x00,
  0xFF, 0xFE, 0x00, 0x00, 0x3F, 0xC0, 0x00, 0x0F, 0xFF, 0xE0, 0x00, 0x03,
  0xFC, 0x00, 0x00, 0xFF, 0xFE, 0x00, 0x00, 0x3F, 0xC0, 0x00, 0x0F, 0xFF,
  0xE0, 0x00, 0x03, 0xFC, 0x00, 0x00, 0xFF, 0xFE, 0x00, 0x00, 0x3F, 0xC0,
  0x00, 0x0F, 0xFF, 0xE0, 0x00, 0x03, 0xFC, 0x00, 0x00, 0xFF, 0xFE, 0x00,
  0x00, 0x3F, 0xC0, 0x00, 0x0F, 0xFF, 0xE0, 0x00, 0x03, 0xFC, 0x00, 0x00,
  0xFF, 0xFE, 0x00, 0x00, 0x3F, 0xC0, 0x00, 0x0F, 0xFF, 0xE0, 0x00, 0x03,
  0xFC, 0x00, 0x00, 0xFF, 0xFE, 0x00, 0x00, 0x3F, 0xC0, 0x00, 0x0F, 0xFF,
  0xE0, 0x00, 0x03, 0xFC, 0x00, 0x00, 0xFF, 0xFE, 0x00, 0x00, 0x3F, 0xC0,
  0x00, 0x0F, 0xFF, 0xE0, 0x00, 0x03, 0xFC, 0x00, 0x00, 0xFF, 0xFE, 0x00,
  0x00, 0x3F, 0xC0, 0x00, 0x0F, 0xFF, 0xE0, 0x00, 0x03, 0xFC, 0x00, 0x00,
  0xFF, 0xFE, 0x00, 0x00, 0x3F, 0xC0, 0x00, 0x0F, 0xFF, 0xE0, 0x00, 0x03,
  0xFC, 0x00, 0x00, 0xFF, 0xFE, 0x00, 0x00, 0x3F, 0xC0, 0x00, 0x0F, 0xFF,
  0xE0, 0x00, 0x03, 0xFC, 0x00, 0x00, 0xFF, 0xFE, 0x00, 0x00, 0x3F, 0xC0,
  0x00, 0x0F, 0xFF, 0xE0, 0x00, 0x03, 0xFC, 0x00, 0x00, 0xFF, 0xFE, 0x00,
  0x00, 0x3F, 0xC0, 0x00, 0x0F, 0xFF, 0xE0, 0x00, 0x03, 0xFC, 0x00, 0x00,
  0xFF, 0x00, 0x00, 0x7F, 0xC0, 0x0F, 0xE0, 0x3F, 0xFF, 0x80, 0xFE, 0x0F,
  0xFF, 0xFE, 0x0F, 0xE1, 0xFF, 0xFF, 0xF0, 0xFE, 0x3F, 0xFF, 0xFF, 0x8F,
  0xEF, 0xFF, 0xFF, 0xFC, 0xFE, 0xFF, 0xFF, 0xFF, 0xCF, 0xFF, 0xE0, 0x0F,
  0xFE, 0xFF, 0xF8, 0x00, 0x3F, 0xEF, 0xFE, 0x00, 0x01, 0xFE, 0xFF, 0xC0,
  0x00, 0x1F, 0xFF, 0xFC, 0x00, 0x00, 0xFF, 0xFF, 0x80, 0x00, 0x0F, 0xFF,
  0xF0, 0x00, 0x00, 0xFF, 0xFF, 0x00, 0x00, 0x0F, 0xFF, 0xF0, 0x00, 0x00,
  0xFF, 0xFE, 0x00, 0x00, 0x0F, 0xFF, 0xE0, 0x00, 0x00, 0x7F, 0xFE, 0x00,
  0x00, 0x07, 0xFF, 0xE0, 0x00, 0x00, 0x7F, 0xFE, 0x00, 0x00, 0x07, 0xFF,
  0xE0, 0x00, 0x00, 0x7F, 0xFE, 0x00, 0x00, 0x07, 0xFF, 0xE0, 0x00, 0x00,
  0x7F, 0xFE, 0x00, 0x00, 0x07, 0xFF, 0xE0, 0x00, 0x00, 0x7F, 0xFE, 0x00,
  0x00, 0x07, 0xFF, 0xE0, 0x00, 0x00, 0x7F, 0xFE, 0x00, 0x00, 0x07, 0xFF,
  0xE0, 0x00, 0x00, 0x7F, 0xFE, 0x00, 0x00, 0x07, 0xFF, 0xE0, 0x00, 0x00,
  0x7F, 0xFE, 0x00, 0x00, 0x07, 0xFF, 0xE0, 0x00, 0x00, 0x7F, 0xFE, 0x00,
  0x00, 0x07, 0xFF, 0xE0, 0x00, 0x00, 0x7F, 0xFE, 0x00, 0x00, 0x07, 0xFF,
  0xE0, 0x00, 0x00, 0x7F, 0xFE, 0x00, 0x00, 0x07, 0xFF, 0xE0, 0x00, 0x00,
  0x7F, 0xFE, 0x00, 0x00, 0x07, 0xFF, 0xE0, 0x00, 0x00, 0x7F, 0xFE, 0x00,
  0x00, 0x07, 0xFF, 0xE0, 0x00, 0x00, 0x7F, 0xFE, 0x00, 0x00, 0x07, 0xFF,
  0xE0, 0x00, 0x00, 0x7F, 0x00, 0x00, 0x7F, 0xE0, 0x00, 0x00, 0x01, 0xFF,
  0xFF, 0x00, 0x00, 0x01, 0xFF, 0xFF, 0xF0, 0x00, 0x00, 0xFF, 0xFF, 0xFF,
  0x00, 0x00, 0xFF, 0xFF, 0xFF, 0xE0, 0x00, 0x7F, 0xFF, 0xFF, 0xFC, 0x00,
  0x3F, 0xFF, 0xFF, 0xFF, 0x80, 0x0F, 0xFC, 0x00, 0x7F, 0xF0, 0x07, 0xFC,
  0x00, 0x07, 0xFE, 0x03, 0xFE, 0x00, 0x00, 0xFF, 0x80, 0xFF, 0x00, 0x00,
  0x1F, 0xF0, 0x7F, 0xC0, 0x00, 0x03, 0xFC, 0x1F, 0xE0, 0x00, 0x00, 0xFF,
  0x8F, 0xF0, 0x00, 0x00, 0x1F, 0xE3, 0xFC, 0x00, 0x00, 0x07, 0xF8, 0xFF,
  0x00, 0x00, 0x00, 0xFF, 0x7F, 0x80, 0x00, 0x00, 0x3F, 0xDF, 0xE0, 0x00,
  0x00, 0x0F, 0xF7, 0xF8, 0x00, 0x00, 0x03, 0xFD, 0xFE, 0x00, 0x00, 0x00,
  0xFF, 0x7F, 0x00, 0x00, 0x00, 0x3F, 0xDF, 0xC0, 0x00, 0x00, 0x0F, 0xF7,
  0xF0, 0x00, 0x00, 0x03, 0xFF, 0xFC, 0x00, 0x00, 0x00, 0xFF, 0xFF, 0x00,
  0x00, 0x00, 0x3F, 0xFF, 0xC0, 0x00, 0x00, 0x0F, 0xFF, 0xF0, 0x00, 0x00,
  0x03, 0xFD, 0xFC, 0x00, 0x00, 0x00, 0xFF, 0x7F, 0x80, 0x00, 0x00, 0x3F,
  0xDF, 0xE0, 0x00, 0x00, 0x0F, 0xF7, 0xF8, 0x00, 0x00, 0x07, 0xFD, 0xFE,
  0x00, 0x00, 0x01, 0xFE, 0x7F, 0xC0, 0x00, 0x00, 0x7F, 0x8F, 0xF0, 0x00,
  0x00, 0x1F, 0xE3, 0xFC, 0x00, 0x00, 0x0F, 0xF0, 0xFF, 0x80, 0x00, 0x03,
  0xFC, 0x1F, 0xF0, 0x00, 0x01, 0xFF, 0x07, 0xFC, 0x00, 0x00, 0xFF, 0x80,
  0xFF, 0x80, 0x00, 0x7F, 0xC0, 0x3F, 0xF8, 0x00, 0x3F, 0xF0, 0x07, 0xFF,
  0x80, 0x7F, 0xF8, 0x00, 0xFF, 0xFF, 0xFF, 0xFC, 0x00, 0x1F, 0xFF, 0xFF,
  0xFE, 0x00, 0x03, 0xFF, 0xFF, 0xFF, 0x00, 0x00, 0x3F, 0xFF, 0xFF, 0x80,
  0x00, 0x07, 0xFF, 0xFF, 0x80, 0x00, 0x00, 0x3F, 0xFF, 0x00, 0x00, 0x00,
  0x00, 0x78, 0x00, 0x00, 0x00, 0x00, 0x7F, 0xC0, 0x00, 0xFE, 0x03, 0xFF,
  0xF0, 0x00, 0xFE, 0x0F, 0xFF, 0xFC, 0x00, 0xFE, 0x1F, 0xFF, 0xFF, 0x00,
  0xFE, 0x3F, 0xFF, 0xFF, 0x80, 0xFE, 0x7F, 0xFF, 0xFF, 0xC0, 0xFE, 0xFF,
  0xFF, 0xFF, 0xE0, 0xFF, 0xFE, 0x00, 0xFF, 0xF0, 0xFF, 0xF8, 0x00, 0x3F,
  0xF0, 0xFF, 0xF0, 0x00, 0x1F, 0xF8, 0xFF, 0xE0, 0x00, 0x0F, 0xF8, 0xFF,
  0xC0, 0x00, 0x07, 0xFC, 0xFF, 0xC0, 0x00, 0x03, 0xFC, 0xFF, 0x80, 0x00,
  0x03, 0xFC, 0xFF, 0x80, 0x00, 0x03, 0xFE, 0xFF, 0x00, 0x00, 0x01, 0xFE,
  0xFF, 0x00, 0x00, 0x01, 0xFE, 0xFF, 0x00, 0x00, 0x01, 0xFE, 0xFF, 0x00,
  0x00, 0x01, 0xFE, 0xFF, 0x00, 0x00, 0x00, 0xFE, 0xFE, 0x00, 0x00, 0x00,
  0xFE, 0xFE, 0x00, 0x00, 0x00, 0xFF, 0xFE, 0x00, 0x00, 0x00, 0xFF, 0xFE,
  0x00, 0x00, 0x00, 0xFF, 0xFE, 0x00, 0x00, 0x00, 0xFF, 0xFE, 0x00, 0x00,
  0x00, 0xFE, 0xFE, 0x00, 0x00, 0x00, 0xFE, 0xFE, 0x00, 0x00, 0x00, 0xFE,
  0xFE, 0x00, 0x00, 0x01, 0xFE, 0xFF, 0x00, 0x00, 0x01, 0xFE, 0xFF, 0x00,
  0x00, 0x01, 0xFE, 0xFF, 0x00, 0x00, 0x01, 0xFE, 0xFF, 0x00, 0x00, 0x03,
  0xFC, 0xFF, 0x80, 0x00, 0x03, 0xFC, 0xFF, 0x80, 0x00, 0x03, 0xFC, 0xFF,
  0xC0, 0x00, 0x07, 0xF8, 0xFF, 0xC0, 0x00, 0x0F, 0xF8, 0xFF, 0xE0, 0x00,
  0x1F, 0xF8, 0xFF, 0xF0, 0x00, 0x3F, 0xF0, 0xFF, 0xF8, 0x00, 0x7F, 0xE0,
  0xFF, 0xFF, 0x01, 0xFF, 0xE0, 0xFF, 0xFF, 0xFF, 0xFF, 0xC0, 0xFF, 0x7F,
  0xFF, 0xFF, 0x80, 0xFF, 0x3F, 0xFF, 0xFF, 0x00, 0xFF, 0x1F, 0xFF, 0xFE,
  0x00, 0xFF, 0x0F, 0xFF, 0xF8, 0x00, 0xFF, 0x03, 0xFF, 0xE0, 0x00, 0xFF,
  0x00, 0x1C, 0x00, 0x00, 0xFF, 0x00, 0x00, 0x00, 0x00, 0xFF, 0x00, 0x00,
  0x00, 0x00, 0xFF, 0x00, 0x00, 0x00, 0x00, 0xFF, 0x00, 0x00, 0x00, 0x00,
  0xFF, 0x00, 0x00, 0x00, 0x00, 0xFF, 0x00, 0x00, 0x00, 0x00, 0xFF, 0x00,
  0x00, 0x00, 0x00, 0xFF, 0x00, 0x00, 0x00, 0x00, 0xFF, 0x00, 0x00, 0x00,
  0x00, 0xFF, 0x00, 0x00, 0x00, 0x00, 0xFF, 0x00, 0x00, 0x00, 0x00, 0xFF,
  0x00, 0x00, 0x00, 0x00, 0xFF, 0x00, 0x00, 0x00, 0x00, 0xFF, 0x00, 0x00,
  0x00, 0x00, 0xFF, 0x00, 0x00, 0x00, 0x00, 0xFF, 0x00, 0x00, 0x00, 0x00,
  0x00, 0x03, 0xFE, 0x00, 0x00, 0x00, 0x3F, 0xFF, 0x81, 0xFC, 0x00, 0xFF,
  0xFF, 0x83, 0xF8, 0x07, 0xFF, 0xFF, 0xC7, 0xF0, 0x1F, 0xFF, 0xFF, 0xCF,
  0xE0, 0x7F, 0xFF, 0xFF, 0xDF, 0xC1, 0xFF, 0xFF, 0xFF, 0xBF, 0x87, 0xFF,
  0x00, 0x7F, 0xFF, 0x0F, 0xF8, 0x00, 0x3F, 0xFE, 0x3F, 0xE0, 0x00, 0x3F,
  0xFC, 0x7F, 0x80, 0x00, 0x3F, 0xF9, 0xFE, 0x00, 0x00, 0x3F, 0xF3, 0xFC,
  0x00, 0x00, 0x3F, 0xEF, 0xF0, 0x00, 0x00, 0x7F, 0xDF, 0xE0, 0x00, 0x00,
  0x7F, 0xBF, 0xC0, 0x00, 0x00, 0xFF, 0xFF, 0x00, 0x00, 0x01, 0xFF, 0xFE,
  0x00, 0x00, 0x03, 0xFF, 0xFC, 0x00, 0x00, 0x03, 0xFF, 0xF8, 0x00, 0x00,
  0x07, 0xFF, 0xF0, 0x00, 0x00, 0x0F, 0xFF, 0xC0, 0x00, 0x00, 0x1F, 0xFF,
  0x80, 0x00, 0x00, 0x3F, 0xFF, 0x00, 0x00, 0x00, 0x7F, 0xFE, 0x00, 0x00,
  0x00, 0xFF, 0xFC, 0x00, 0x00, 0x01, 0xFF, 0xF8, 0x00, 0x00, 0x03, 0xFF,
  0xF8, 0x00, 0x00, 0x07, 0xFF, 0xF0, 0x00, 0x00, 0x0F, 0xFF, 0xE0, 0x00,
  0x00, 0x3F, 0xFF, 0xC0, 0x00, 0x00, 0x7F, 0xFF, 0x80, 0x00, 0x00, 0xFF,
  0xFF, 0x80, 0x00, 0x01, 0xFE, 0xFF, 0x00, 0x00, 0x07, 0xFD, 0xFE, 0x00,
  0x00, 0x0F, 0xFB, 0xFE, 0x00, 0x00, 0x3F, 0xF3, 0xFC, 0x00, 0x00, 0x7F,
  0xE7, 0xFC, 0x00, 0x01, 0xFF, 0xC7, 0xFC, 0x00, 0x07, 0xFF, 0x8F, 0xFE,
  0x00, 0x3F, 0xFF, 0x0F, 0xFF, 0x01, 0xFF, 0xFE, 0x0F, 0xFF, 0xFF, 0xFD,
  0xFC, 0x0F, 0xFF, 0xFF, 0xF3, 0xF8, 0x0F, 0xFF, 0xFF, 0xC7, 0xF0, 0x0F,
  0xFF, 0xFF, 0x0F, 0xE0, 0x07, 0xFF, 0xFC, 0x1F, 0xC0, 0x03, 0xFF, 0xE0,
  0x3F, 0x80, 0x00, 0x30, 0x00, 0x7F, 0x00, 0x00, 0x00, 0x00, 0xFE, 0x00,
  0x00, 0x00, 0x01, 0xFC, 0x00, 0x00, 0x00, 0x03, 0xF8, 0x00, 0x00, 0x00,
  0x07, 0xF0, 0x00, 0x00, 0x00, 0x0F, 0xE0, 0x00, 0x00, 0x00, 0x1F, 0xC0,
  0x00, 0x00, 0x00, 0x3F, 0x80, 0x00, 0x00, 0x00, 0x7F, 0x00, 0x00, 0x00,
  0x00, 0xFE, 0x00, 0x00, 0x00, 0x01, 0xFC, 0x00, 0x00, 0x00, 0x03, 0xF8,
  0x00, 0x00, 0x00, 0x07, 0xF0, 0x00, 0x00, 0x00, 0x0F, 0xE0, 0x00, 0x00,
  0x00, 0x1F, 0xC0, 0x00, 0x00, 0x00, 0x3F, 0x80, 0x00, 0x00, 0x00, 0x7F,
  0x00, 0x00, 0xFF, 0xF8, 0x0F, 0xFF, 0xE0, 0xFF, 0xFF, 0x87, 0xFF, 0xFE,
  0x3F, 0xFF, 0xF9, 0xFF, 0xFF, 0xEF, 0xFF, 0xFF, 0xBF, 0xFF, 0xFF, 0xFE,
  0x03, 0xFF, 0xE0, 0x0F, 0xFE, 0x00, 0x3F, 0xF8, 0x00, 0xFF, 0xC0, 0x03,
  0xFE, 0x00, 0x0F, 0xF8, 0x00, 0x3F, 0xC0, 0x00, 0xFF, 0x00, 0x03, 0xFC,
  0x00, 0x0F, 0xE0, 0x00, 0x3F, 0x80, 0x00, 0xFE, 0x00, 0x03, 0xF8, 0x00,
  0x0F, 0xE0, 0x00, 0x3F, 0x80, 0x00, 0xFE, 0x00, 0x03, 0xF8, 0x00, 0x0F,
  0xE0, 0x00, 0x3F, 0x80, 0x00, 0xFE, 0x00, 0x03, 0xF8, 0x00, 0x0F, 0xE0,
  0x00, 0x3F, 0x80, 0x00, 0xFE, 0x00, 0x03, 0xF8, 0x00, 0x0F, 0xE0, 0x00,
  0x3F, 0x80, 0x00, 0xFE, 0x00, 0x03, 0xF8, 0x00, 0x0F, 0xE0, 0x00, 0x3F,
  0x80, 0x00, 0xFE, 0x00, 0x03, 0xF8, 0x00, 0x0F, 0xE0, 0x00, 0x3F, 0x80,
  0x00, 0xFE, 0x00, 0x03, 0xF8, 0x00, 0x00, 0x00, 0x07, 0xFF, 0x00, 0x00,
  0x01, 0xFF, 0xFF, 0x00, 0x00, 0x3F, 0xFF, 0xFE, 0x00, 0x07, 0xFF, 0xFF,
  0xF8, 0x00, 0x7F, 0xFF, 0xFF, 0xE0, 0x07, 0xFF, 0xFF, 0xFF, 0x80, 0x7F,
  0xFF, 0xFF, 0xFE, 0x03, 0xFE, 0x00, 0x3F, 0xF8, 0x3F, 0xC0, 0x00, 0x7F,
  0xC1, 0xFE, 0x00, 0x01, 0xFF, 0x1F, 0xE0, 0x00, 0x07, 0xF8, 0xFF, 0x00,
  0x00, 0x1F, 0xC7, 0xF8, 0x00, 0x00, 0xFE, 0x3F, 0xC0, 0x00, 0x07, 0xF1,
  0xFE, 0x00, 0x00, 0x00, 0x0F, 0xF8, 0x00, 0x00, 0x00, 0x7F, 0xE0, 0x00,
  0x00, 0x01, 0xFF, 0x80, 0x00, 0x00, 0x0F, 0xFF, 0x80, 0x00, 0x00, 0x7F,
  0xFF, 0x80, 0x00, 0x01, 0xFF, 0xFF, 0xC0, 0x00, 0x07, 0xFF, 0xFF, 0xE0,
  0x00, 0x1F, 0xFF, 0xFF, 0xE0, 0x00, 0x3F, 0xFF, 0xFF, 0xC0, 0x00, 0x3F,
  0xFF, 0xFF, 0x80, 0x00, 0x3F, 0xFF, 0xFE, 0x00, 0x00, 0x1F, 0xFF, 0xF8,
  0x00, 0x00, 0x0F, 0xFF, 0xE0, 0x00, 0x00, 0x0F, 0xFF, 0x00, 0x00, 0x00,
  0x0F, 0xF8, 0x00, 0x00, 0x00, 0x3F, 0xE0, 0x00, 0x00, 0x00, 0xFF, 0xFE,
  0x00, 0x00, 0x07, 0xFF, 0xF0, 0x00, 0x00, 0x3F, 0xFF, 0x80, 0x00, 0x01,
  0xFF, 0xFE, 0x00, 0x00, 0x0F, 0xFF, 0xF0, 0x00, 0x00, 0x7F, 0x3F, 0xC0,
  0x00, 0x07, 0xF9, 0xFF, 0x00, 0x00, 0x3F, 0xC7, 0xFC, 0x00, 0x07, 0xFC,
  0x3F, 0xF8, 0x00, 0xFF, 0xE0, 0xFF, 0xFF, 0xFF, 0xFE, 0x07, 0xFF, 0xFF,
  0xFF, 0xE0, 0x1F, 0xFF, 0xFF, 0xFE, 0x00, 0x7F, 0xFF, 0xFF, 0xE0, 0x00,
  0xFF, 0xFF, 0xFE, 0x00, 0x01, 0xFF, 0xFF, 0xC0, 0x00, 0x01, 0xFF, 0xE0,
  0x00, 0x03, 0xFC, 0x00, 0x1F, 0xE0, 0x00, 0xFF, 0x00, 0x07, 0xF8, 0x00,
  0x3F, 0xC0, 0x01, 0xFE, 0x00, 0x0F, 0xF0, 0x00, 0x7F, 0x80, 0x03, 0xFC,
  0x00, 0x1F, 0xE0, 0x00, 0xFF, 0x00, 0x07, 0xF8, 0x0F, 0xFF, 0xFF, 0xFF,
  0xFF, 0xFF, 0xFF, 0xFF, 0xFF, 0xFF, 0xFF, 0xFF, 0xFF, 0xFF, 0xFF, 0xFF,
  0xFF, 0xFF, 0xFE, 0x07, 0xF8, 0x00, 0x3F, 0xC0, 0x01, 0xFE, 0x00, 0x0F,
  0xF0, 0x00, 0x7F, 0x80, 0x03, 0xFC, 0x00, 0x1F, 0xE0, 0x00, 0xFF, 0x00,
  0x07, 0xF8, 0x00, 0x3F, 0xC0, 0x01, 0xFE, 0x00, 0x0F, 0xF0, 0x00, 0x7F,
  0x80, 0x03, 0xFC, 0x00, 0x1F, 0xE0, 0x00, 0xFF, 0x00, 0x07, 0xF8, 0x00,
  0x3F, 0xC0, 0x01, 0xFE, 0x00, 0x0F, 0xF0, 0x00, 0x7F, 0x80, 0x03, 0xFC,
  0x00, 0x1F, 0xE0, 0x00, 0xFF, 0x00, 0x07, 0xF8, 0x00, 0x3F, 0xC0, 0x01,
  0xFE, 0x00, 0x0F, 0xF0, 0x00, 0x7F, 0x80, 0x03, 0xFC, 0x00, 0x1F, 0xE0,
  0x00, 0xFF, 0x80, 0x07, 0xFF, 0xF0, 0x1F, 0xFF, 0x80, 0xFF, 0xFC, 0x07,
  0xFF, 0xE0, 0x1F, 0xFF, 0x00, 0x7F, 0xF8, 0x00, 0xFF, 0x80, 0x00, 0x00,
  0x00, 0x00, 0x07, 0xF8, 0x00, 0x00, 0x3F, 0xFF, 0xC0, 0x00, 0x01, 0xFF,
  0xFE, 0x00, 0x00, 0x0F, 0xFF, 0xF0, 0x00, 0x00, 0x7F, 0xFF, 0x80, 0x00,
  0x03, 0xFF, 0xFC, 0x00, 0x00, 0x1F, 0xFF, 0xE0, 0x00, 0x00, 0xFF, 0xFF,
  0x00, 0x00, 0x07, 0xFF, 0xF8, 0x00, 0x00, 0x3F, 0xFF, 0xC0, 0x00, 0x01,
  0xFF, 0xFE, 0x00, 0x00, 0x0F, 0xFF, 0xF0, 0x00, 0x00, 0x7F, 0xFF, 0x80,
  0x00, 0x03, 0xFF, 0xFC, 0x00, 0x00, 0x1F, 0xFF, 0xE0, 0x00, 0x00, 0xFF,
  0xFF, 0x00, 0x00, 0x07, 0xFF, 0xF8, 0x00, 0x00, 0x3F, 0xFF, 0xC0, 0x00,
  0x01, 0xFF, 0xFE, 0x00, 0x00, 0x0F, 0xFF, 0xF0, 0x00, 0x00, 0x7F, 0xFF,
  0x80, 0x00, 0x03, 0xFF, 0xFC, 0x00, 0x00, 0x1F, 0xFF, 0xE0, 0x00, 0x00,
  0xFF, 0xFF, 0x00, 0x00, 0x07, 0xFF, 0xF8, 0x00, 0x00, 0x3F, 0xFF, 0xC0,
  0x00, 0x01, 0xFF, 0xFE, 0x00, 0x00, 0x0F, 0xFF, 0xF0, 0x00, 0x00, 0x7F,
  0xFF, 0x80, 0x00, 0x03, 0xFF, 0xFC, 0x00, 0x00, 0x3F, 0xFF, 0xE0, 0x00,
  0x01, 0xFF, 0xFF, 0x00, 0x00, 0x0F, 0xFF, 0xF8, 0x00, 0x00, 0xFF, 0xDF,
  0xE0, 0x00, 0x07, 0xFE, 0xFF, 0x00, 0x00, 0x7F, 0xF7, 0xF8, 0x00, 0x03,
  0xFF, 0xBF, 0xE0, 0x00, 0x3F, 0xFD, 0xFF, 0x80, 0x03, 0xFF, 0xE7, 0xFE,
  0x00, 0x7F, 0xFF, 0x3F, 0xFF, 0xFF, 0xFF, 0xF8, 0xFF, 0xFF, 0xFF, 0xBF,
  0xC7, 0xFF, 0xFF, 0xF9, 0xFE, 0x1F, 0xFF, 0xFF, 0x8F, 0xF0, 0x3F, 0xFF,
  0xF0, 0x7F, 0x80, 0xFF, 0xFF, 0x03, 0xFC, 0x00, 0xFF, 0xC0, 0x00, 0x00,
  0xFF, 0x80, 0x00, 0x00, 0x3F, 0xDF, 0xF0, 0x00, 0x00, 0x1F, 0xF7, 0xFC,
  0x00, 0x00, 0x07, 0xF8, 0xFF, 0x00, 0x00, 0x01, 0xFE, 0x3F, 0xE0, 0x00,
  0x00, 0xFF, 0x0F, 0xF8, 0x00, 0x00, 0x3F, 0xC1, 0xFE, 0x00, 0x00, 0x0F,
  0xF0, 0x7F, 0xC0, 0x00, 0x07, 0xF8, 0x0F, 0xF0, 0x00, 0x01, 0xFE, 0x03,
  0xFC, 0x00, 0x00, 0x7F, 0x80, 0xFF, 0x80, 0x00, 0x3F, 0xC0, 0x1F, 0xE0,
  0x00, 0x0F, 0xF0, 0x07, 0xF8, 0x00, 0x03, 0xF8, 0x01, 0xFF, 0x00, 0x01,
  0xFE, 0x00, 0x3F, 0xC0, 0x00, 0x7F, 0x80, 0x0F, 0xF0, 0x00, 0x3F, 0xC0,
  0x01, 0xFE, 0x00, 0x0F, 0xF0, 0x00, 0x7F, 0x80, 0x03, 0xF8, 0x00, 0x1F,
  0xE0, 0x01, 0xFE, 0x00, 0x03, 0xFC, 0x00, 0x7F, 0x80, 0x00, 0xFF, 0x00,
  0x1F, 0xC0, 0x00, 0x3F, 0xC0, 0x0F, 0xF0, 0x00, 0x07, 0xF8, 0x03, 0xFC,
  0x00, 0x01, 0xFE, 0x00, 0xFE, 0x00, 0x00, 0x7F, 0x80, 0x7F, 0x80, 0x00,
  0x0F, 0xF0, 0x1F, 0xC0, 0x00, 0x03, 0xFC, 0x07, 0xF0, 0x00, 0x00, 0x7F,
  0x03, 0xFC, 0x00, 0x00, 0x1F, 0xE0, 0xFE, 0x00, 0x00, 0x07, 0xF8, 0x3F,
  0x80, 0x00, 0x00, 0xFE, 0x1F, 0xE0, 0x00, 0x00, 0x3F, 0xC7, 0xF0, 0x00,
  0x00, 0x0F, 0xF1, 0xFC, 0x00, 0x00, 0x01, 0xFC, 0xFE, 0x00, 0x00, 0x00,
  0x7F, 0xBF, 0x80, 0x00, 0x00, 0x0F, 0xEF, 0xE0, 0x00, 0x00, 0x03, 0xFF,
  0xF0, 0x00, 0x00, 0x00, 0xFF, 0xFC, 0x00, 0x00, 0x00, 0x1F, 0xFF, 0x00,
  0x00, 0x00, 0x07, 0xFF, 0x80, 0x00, 0x00, 0x01, 0xFF, 0xE0, 0x00, 0x00,
  0x00, 0x3F, 0xF0, 0x00, 0x00, 0x00, 0x0F, 0xFC, 0x00, 0x00, 0x00, 0x03,
  0xFF, 0x00, 0x00, 0x00, 0x00, 0x7F, 0x80, 0x00, 0x00, 0xFF, 0x00, 0x00,
  0x7F, 0xC0, 0x00, 0x0F, 0xFF, 0xF0, 0x00, 0x07, 0xFC, 0x00, 0x00, 0xFE,
  0xFF, 0x80, 0x00, 0x7F, 0xE0, 0x00, 0x1F, 0xE7, 0xF8, 0x00, 0x07, 0xFE,
  0x00, 0x01, 0xFE, 0x7F, 0x80, 0x00, 0xFF, 0xE0, 0x00, 0x1F, 0xC7, 0xF8,
  0x00, 0x0F, 0xFE, 0x00, 0x01, 0xFC, 0x3F, 0xC0, 0x00, 0xFF, 0xF0, 0x00,
  0x3F, 0xC3, 0xFC, 0x00, 0x0F, 0xFF, 0x00, 0x03, 0xF8, 0x3F, 0xC0, 0x01,
  0xFF, 0xF0, 0x00, 0x3F, 0x83, 0xFC, 0x00, 0x1F, 0xFF, 0x00, 0x07, 0xF8,
  0x1F, 0xE0, 0x01, 0xFF, 0xF8, 0x00, 0x7F, 0x01, 0xFE, 0x00, 0x1F, 0xBF,
  0x80, 0x07, 0xF0, 0x1F, 0xE0, 0x03, 0xFB, 0xF8, 0x00, 0x7F, 0x00, 0xFE,
  0x00, 0x3F, 0xBF, 0x80, 0x0F, 0xF0, 0x0F, 0xF0, 0x03, 0xF1, 0xFC, 0x00,
  0xFE, 0x00, 0xFF, 0x00, 0x3F, 0x1F, 0xC0, 0x0F, 0xE0, 0x07, 0xF0, 0x07,
  0xF1, 0xFC, 0x00, 0xFE, 0x00, 0x7F, 0x00, 0x7F, 0x1F, 0xC0, 0x1F, 0xC0,
  0x07, 0xF8, 0x07, 0xE0, 0xFE, 0x01, 0xFC, 0x00, 0x7F, 0x80, 0x7E, 0x0F,
  0xE0, 0x1F, 0xC0, 0x03, 0xF8, 0x0F, 0xE0, 0xFE, 0x01, 0xFC, 0x00, 0x3F,
  0x80, 0xFE, 0x0F, 0xE0, 0x3F, 0x80, 0x03, 0xFC, 0x0F, 0xC0, 0x7F, 0x03,
  0xF8, 0x00, 0x1F, 0xC0, 0xFC, 0x07, 0xF0, 0x3F, 0x80, 0x01, 0xFC, 0x1F,
  0xC0, 0x7F, 0x03, 0xF0, 0x00, 0x1F, 0xC1, 0xFC, 0x07, 0xF0, 0x7F, 0x00,
  0x01, 0xFC, 0x1F, 0x80, 0x3F, 0x87, 0xF0, 0x00, 0x0F, 0xE1, 0xF8, 0x03,
  0xF8, 0x7F, 0x00, 0x00, 0xFE, 0x3F, 0x80, 0x3F, 0x8F, 0xE0, 0x00, 0x0F,
  0xE3, 0xF8, 0x01, 0xF8, 0xFE, 0x00, 0x00, 0x7E, 0x3F, 0x00, 0x1F, 0xCF,
  0xE0, 0x00, 0x07, 0xF3, 0xF0, 0x01, 0xFC, 0xFC, 0x00, 0x00, 0x7F, 0x7F,
  0x00, 0x1F, 0xDF, 0xC0, 0x00, 0x07, 0xF7, 0xF0, 0x00, 0xFD, 0xFC, 0x00,
  0x00, 0x3F, 0x7E, 0x00, 0x0F, 0xFF, 0xC0, 0x00, 0x03, 0xFF, 0xE0, 0x00,
  0xFF, 0xF8, 0x00, 0x00, 0x3F, 0xFE, 0x00, 0x0F, 0xFF, 0x80, 0x00, 0x01,
  0xFF, 0xE0, 0x00, 0x7F, 0xF8, 0x00, 0x00, 0x1F, 0xFC, 0x00, 0x07, 0xFF,
  0x00, 0x00, 0x01, 0xFF, 0xC0, 0x00, 0x7F, 0xF0, 0x00, 0x00, 0x1F, 0xFC,
  0x00, 0x07, 0xFF, 0x00, 0x00, 0x00, 0xFF, 0x80, 0x00, 0x3F, 0xE0, 0x00,
  0x00, 0x0F, 0xF8, 0x00, 0x03, 0xFE, 0x00, 0x00, 0x00, 0xFF, 0x80, 0x00,
  0x3F, 0xE0, 0x00, 0x00, 0x07, 0xF8, 0x00, 0x03, 0xFE, 0x00, 0x00, 0x7F,
  0xE0, 0x00, 0x01, 0xFF, 0x8F, 0xFC, 0x00, 0x00, 0x7F, 0xC1, 0xFF, 0x80,
  0x00, 0x3F, 0xE0, 0x3F, 0xE0, 0x00, 0x0F, 0xF8, 0x0F, 0xFC, 0x00, 0x07,
  0xFC, 0x01, 0xFF, 0x80, 0x03, 0xFE, 0x00, 0x3F, 0xE0, 0x00, 0xFF, 0x80,
  0x0F, 0xFC, 0x00, 0x7F, 0xC0, 0x01, 0xFF, 0x80, 0x3F, 0xE0, 0x00, 0x3F,
  0xE0, 0x0F, 0xF8, 0x00, 0x0F, 0xFC, 0x07, 0xFC, 0x00, 0x01, 0xFF, 0x83,
  0xFE, 0x00, 0x00, 0x3F, 0xE0, 0xFF, 0x00, 0x00, 0x0F, 0xFC, 0x7F, 0xC0,
  0x00, 0x01, 0xFF, 0x3F, 0xE0, 0x00, 0x00, 0x3F, 0xEF, 0xF0, 0x00, 0x00,
  0x07, 0xFF, 0xFC, 0x00, 0x00, 0x01, 0xFF, 0xFE, 0x00, 0x00, 0x00, 0x3F,
  0xFF, 0x00, 0x00, 0x00, 0x07, 0xFF, 0xC0, 0x00, 0x00, 0x01, 0xFF, 0xE0,
  0x00, 0x00, 0x00, 0x3F, 0xF0, 0x00, 0x00, 0x00, 0x0F, 0xFC, 0x00, 0x00,
  0x00, 0x07, 0xFF, 0x80, 0x00, 0x00, 0x01, 0xFF, 0xF0, 0x00, 0x00, 0x00,
  0xFF, 0xFC, 0x00, 0x00, 0x00, 0x7F, 0xFF, 0x80, 0x00, 0x00, 0x1F, 0xFF,
  0xF0, 0x00, 0x00, 0x0F, 0xFF, 0xFC, 0x00, 0x00, 0x07, 0xFC, 0xFF, 0x80,
  0x00, 0x03, 0xFE, 0x3F, 0xF0, 0x00, 0x00, 0xFF, 0x87, 0xFC, 0x00, 0x00,
  0x7F, 0xC0, 0xFF, 0x80, 0x00, 0x3F, 0xE0, 0x3F, 0xF0, 0x00, 0x0F, 0xF8,
  0x07, 0xFC, 0x00, 0x07, 0xFC, 0x00, 0xFF, 0x80, 0x03, 0xFF, 0x00, 0x3F,
  0xF0, 0x00, 0xFF, 0x80, 0x07, 0xFE, 0x00, 0x7F, 0xC0, 0x00, 0xFF, 0x80,
  0x3F, 0xF0, 0x00, 0x3F, 0xF0, 0x0F, 0xF8, 0x00, 0x07, 0xFE, 0x07, 0xFC,
  0x00, 0x00, 0xFF, 0x83, 0xFF, 0x00, 0x00, 0x3F, 0xF1, 0xFF, 0x80, 0x00,
  0x07, 0xFE, 0xFF, 0xC0, 0x00, 0x00, 0xFF, 0xC0, 0x00, 0x00, 0x00, 0x00,
  0x00, 0x7F, 0xC0, 0x00, 0x00, 0x7F, 0xFF, 0xE0, 0x00, 0x00, 0x3F, 0xCF,
  0xF0, 0x00, 0x00, 0x1F, 0xE7, 0xFC, 0x00, 0x00, 0x1F, 0xF3, 0xFE, 0x00,
  0x00, 0x0F, 0xF0, 0xFF, 0x00, 0x00, 0x07, 0xF8, 0x7F, 0xC0, 0x00, 0x07,
  0xFC, 0x1F, 0xE0, 0x00, 0x03, 0xFC, 0x0F, 0xF0, 0x00, 0x01, 0xFE, 0x07,
  0xFC, 0x00, 0x01, 0xFF, 0x01, 0xFE, 0x00, 0x00, 0xFF, 0x00, 0xFF, 0x00,
  0x00, 0x7F, 0x80, 0x7F, 0xC0, 0x00, 0x3F, 0xC0, 0x1F, 0xE0, 0x00, 0x3F,
  0xC0, 0x0F, 0xF0, 0x00, 0x1F, 0xE0, 0x07, 0xFC, 0x00, 0x0F, 0xE0, 0x01,
  0xFE, 0x00, 0x0F, 0xF0, 0x00, 0xFF, 0x00, 0x07, 0xF8, 0x00, 0x7F, 0x80,
  0x03, 0xF8, 0x00, 0x1F, 0xE0, 0x03, 0xFC, 0x00, 0x0F, 0xF0, 0x01, 0xFE,
  0x00, 0x03, 0xF8, 0x00, 0xFE, 0x00, 0x01, 0xFE, 0x00, 0xFF, 0x00, 0x00,
  0xFF, 0x00, 0x7F, 0x80, 0x00, 0x3F, 0x80, 0x3F, 0x80, 0x00, 0x1F, 0xE0,
  0x3F, 0xC0, 0x00, 0x0F, 0xF0, 0x1F, 0xC0, 0x00, 0x03, 0xF8, 0x0F, 0xE0,
  0x00, 0x01, 0xFE, 0x0F, 0xF0, 0x00, 0x00, 0xFF, 0x07, 0xF0, 0x00, 0x00,
  0x3F, 0x83, 0xF8, 0x00, 0x00, 0x1F, 0xE3, 0xFC, 0x00, 0x00, 0x07, 0xF1,
  0xFC, 0x00, 0x00, 0x03, 0xF8, 0xFE, 0x00, 0x00, 0x01, 0xFE, 0xFF, 0x00,
  0x00, 0x00, 0x7F, 0x7F, 0x00, 0x00, 0x00, 0x3F, 0xBF, 0x80, 0x00, 0x00,
  0x1F, 0xFF, 0xC0, 0x00, 0x00, 0x07, 0xFF, 0xC0, 0x00, 0x00, 0x03, 0xFF,
  0xE0, 0x00, 0x00, 0x01, 0xFF, 0xE0, 0x00, 0x00, 0x00, 0x7F, 0xF0, 0x00,
  0x00, 0x00, 0x3F, 0xF8, 0x00, 0x00, 0x00, 0x1F, 0xF8, 0x00, 0x00, 0x00,
  0x07, 0xFC, 0x00, 0x00, 0x00, 0x03, 0xFC, 0x00, 0x00, 0x00, 0x01, 0xFE,
  0x00, 0x00, 0x00, 0x00, 0xFF, 0x00, 0x00, 0x00, 0x00, 0x7F, 0x00, 0x00,
  0x00, 0x00, 0x7F, 0x80, 0x00, 0x00, 0x00, 0x3F, 0x80, 0x00, 0x00, 0x00,
  0x3F, 0xC0, 0x00, 0x00, 0x00, 0x1F, 0xC0, 0x00, 0x00, 0x00, 0x0F, 0xE0,
  0x00, 0x00, 0x00, 0x0F, 0xF0, 0x00, 0x00, 0x00, 0x0F, 0xF0, 0x00, 0x00,
  0x04, 0x0F, 0xF8, 0x00, 0x00, 0x03, 0xFF, 0xF8, 0x00, 0x00, 0x01, 0xFF,
  0xFC, 0x00, 0x00, 0x00, 0xFF, 0xFC, 0x00, 0x00, 0x00, 0x7F, 0xFC, 0x00,
  0x00, 0x00, 0x3F, 0xFC, 0x00, 0x00, 0x00, 0x1F, 0xF8, 0x00, 0x00, 0x00,
  0x01, 0xC0, 0x00, 0x00, 0x00, 0x00, 0x00, 0x00, 0x00, 0x00, 0x00, 0xFF,
  0xFF, 0xFF, 0xFF, 0xE3, 0xFF, 0xFF, 0xFF, 0xFF, 0x8F, 0xFF, 0xFF, 0xFF,
  0xFE, 0x3F, 0xFF, 0xFF, 0xFF, 0xF8, 0xFF, 0xFF, 0xFF, 0xFF, 0xE3, 0xFF,
  0xFF, 0xFF, 0xFF, 0x8F, 0xFF, 0xFF, 0xFF, 0xFE, 0x00, 0x00, 0x00, 0x3F,
  0xF0, 0x00, 0x00, 0x01, 0xFF, 0x80, 0x00, 0x00, 0x0F, 0xFC, 0x00, 0x00,
  0x00, 0x3F, 0xE0, 0x00, 0x00, 0x01, 0xFF, 0x00, 0x00, 0x00, 0x0F, 0xFC,
  0x00, 0x00, 0x00, 0x7F, 0xE0, 0x00, 0x00, 0x03, 0xFF, 0x00, 0x00, 0x00,
  0x1F, 0xF8, 0x00, 0x00, 0x00, 0x7F, 0xC0, 0x00, 0x00, 0x03, 0xFE, 0x00,
  0x00, 0x00, 0x1F, 0xF8, 0x00, 0x00, 0x00, 0xFF, 0xC0, 0x00, 0x00, 0x07,
  0xFE, 0x00, 0x00, 0x00, 0x3F, 0xF0, 0x00, 0x00, 0x00, 0xFF, 0x80, 0x00,
  0x00, 0x07, 0xFE, 0x00, 0x00, 0x00, 0x3F, 0xF0, 0x00, 0x00, 0x01, 0xFF,
  0x80, 0x00, 0x00, 0x0F, 0xFC, 0x00, 0x00, 0x00, 0x3F, 0xE0, 0x00, 0x00,
  0x01, 0xFF, 0x00, 0x00, 0x00, 0x0F, 0xFC, 0x00, 0x00, 0x00, 0x7F, 0xE0,
  0x00, 0x00, 0x03, 0xFF, 0x00, 0x00, 0x00, 0x1F, 0xF8, 0x00, 0x00, 0x00,
  0x7F, 0xC0, 0x00, 0x00, 0x03, 0xFE, 0x00, 0x00, 0x00, 0x1F, 0xF8, 0x00,
  0x00, 0x00, 0xFF, 0xC0, 0x00, 0x00, 0x07, 0xFE, 0x00, 0x00, 0x00, 0x3F,
  0xFF, 0xFF, 0xFF, 0xFF, 0xFF, 0xFF, 0xFF, 0xFF, 0xFF, 0xFF, 0xFF, 0xFF,
  0xFF, 0xFF, 0xFF, 0xFF, 0xFF, 0xFF, 0xFF, 0xFF, 0xFF, 0xFF, 0xFF, 0xFF,
  0xFF, 0xFF, 0xFF, 0xFF, 0xFF, 0xFF, 0xFF, 0xFF, 0xF0, 0x00, 0x00, 0x00,
  0x08, 0x00, 0x00, 0x1F, 0xC0, 0x00, 0x03, 0xFE, 0x00, 0x00, 0x7F, 0xF0,
  0x00, 0x0F, 0xFF, 0x80, 0x00, 0xFF, 0xF0, 0x00, 0x07, 0xFC, 0x00, 0x00,
  0x7F, 0x80, 0x00, 0x07, 0xF8, 0x00, 0x00, 0x3F, 0xC0, 0x00, 0x01, 0xFC,
  0x00, 0x00, 0x1F, 0xE0, 0x00, 0x00, 0xFE, 0x00, 0x00, 0x07, 0xF0, 0x00,
  0x00, 0x3F, 0x80, 0x00, 0x01, 0xFC, 0x00, 0x00, 0x0F, 0xE0, 0x00, 0x00,
  0x7E, 0x00, 0x00, 0x03, 0xF0, 0x00, 0x00, 0x1F, 0x80, 0x00, 0x00, 0xFC,
  0x00, 0x00, 0x07, 0xE0, 0x00, 0x00, 0x3F, 0x00, 0x00, 0x01, 0xF8, 0x00,
  0x00, 0x0F, 0xC0, 0x00, 0x00, 0x7E, 0x00, 0x00, 0x03, 0xF0, 0x00, 0x00,
  0x1F, 0x80, 0x00, 0x01, 0xFC, 0x00, 0x00, 0x0F, 0xE0, 0x00, 0x00, 0x7F,
  0x00, 0x00, 0x03, 0xF8, 0x00, 0x00, 0x3F, 0x80, 0x00, 0x01, 0xFC, 0x00,
  0x00, 0x1F, 0xC0, 0x00, 0x01, 0xFE, 0x00, 0x00, 0x3F, 0xE0, 0x00, 0x0F,
  0xFE, 0x00, 0x03, 0xFF, 0xC0, 0x00, 0x1F, 0xF8, 0x00, 0x00, 0xFE, 0x00,
  0x00, 0x07, 0xFF, 0x00, 0x00, 0x3F, 0xFE, 0x00, 0x00, 0x1F, 0xF8, 0x00,
  0x00, 0x3F, 0xE0, 0x00, 0x00, 0x7F, 0x80, 0x00, 0x01, 0xFC, 0x00, 0x00,
  0x07, 0xF0, 0x00, 0x00, 0x3F, 0x80, 0x00, 0x00, 0xFE, 0x00, 0x00, 0x07,
  0xF0, 0x00, 0x00, 0x3F, 0x80, 0x00, 0x01, 0xFC, 0x00, 0x00, 0x07, 0xE0,
  0x00, 0x00, 0x3F, 0x00, 0x00, 0x01, 0xF8, 0x00, 0x00, 0x0F, 0xC0, 0x00,
  0x00, 0x7E, 0x00, 0x00, 0x03, 0xF0, 0x00, 0x00, 0x1F, 0x80, 0x00, 0x00,
  0xFC, 0x00, 0x00, 0x07, 0xE0, 0x00, 0x00, 0x3F, 0x00, 0x00, 0x01, 0xF8,
  0x00, 0x00, 0x0F, 0xC0, 0x00, 0x00, 0x7F, 0x00, 0x00, 0x03, 0xF8, 0x00,
  0x00, 0x1F, 0xC0, 0x00, 0x00, 0xFE, 0x00, 0x00, 0x07, 0xF8, 0x00, 0x00,
  0x3F, 0xC0, 0x00, 0x00, 0xFF, 0x00, 0x00, 0x07, 0xFC, 0x00, 0x00, 0x1F,
  0xF0, 0x00, 0x00, 0x7F, 0xE0, 0x00, 0x01, 0xFF, 0xE0, 0x00, 0x07, 0xFF,
  0x80, 0x00, 0x0F, 0xFC, 0x00, 0x00, 0x1F, 0xE0, 0x00, 0x00, 0x3F, 0x00,
  0x00, 0x00, 0x08, 0xFF, 0xFF, 0xFF, 0xFF, 0xFF, 0xFF, 0xFF, 0xFF, 0xFF,
  0xFF, 0xFF, 0xFF, 0xFF, 0xFF, 0xFF, 0xFF, 0xFF, 0xFF, 0xFF, 0xFF, 0xFF,
  0xFF, 0xFF, 0xFF, 0xFF, 0xFF, 0xFF, 0xFF, 0xFF, 0xFF, 0xFF, 0xFF, 0xFF,
  0xFF, 0xFF, 0xFF, 0xFF, 0xFF, 0xFF, 0xFF, 0xFF, 0xFF, 0xFF, 0xFF, 0xFF,
  0xFF, 0xFF, 0xFF, 0xFF, 0xFF, 0xFF, 0xFF, 0xFF, 0xFF, 0xC0, 0x80, 0x00,
  0x00, 0x0F, 0xC0, 0x00, 0x00, 0xFF, 0x80, 0x00, 0x0F, 0xFE, 0x00, 0x00,
  0xFF, 0xF0, 0x00, 0x03, 0xFF, 0x80, 0x00, 0x07, 0xFC, 0x00, 0x00, 0x3F,
  0xE0, 0x00, 0x01, 0xFE, 0x00, 0x00, 0x0F, 0xF0, 0x00, 0x00, 0x7F, 0x00,
  0x00, 0x07, 0xF0, 0x00, 0x00, 0x7F, 0x00, 0x00, 0x03, 0xF8, 0x00, 0x00,
  0x3F, 0x80, 0x00, 0x03, 0xF8, 0x00, 0x00, 0x3F, 0x80, 0x00, 0x03, 0xF8,
  0x00, 0x00, 0x3F, 0x80, 0x00, 0x03, 0xF8, 0x00, 0x00, 0x3F, 0x80, 0x00,
  0x03, 0xF8, 0x00, 0x00, 0x3F, 0x80, 0x00, 0x03, 0xF8, 0x00, 0x00, 0x3F,
  0x80, 0x00, 0x03, 0xF8, 0x00, 0x00, 0x3F, 0x80, 0x00, 0x03, 0xF8, 0x00,
  0x00, 0x3F, 0x80, 0x00, 0x01, 0xF8, 0x00, 0x00, 0x1F, 0xC0, 0x00, 0x01,
  0xFC, 0x00, 0x00, 0x1F, 0xC0, 0x00, 0x00, 0xFE, 0x00, 0x00, 0x0F, 0xF0,
  0x00, 0x00, 0x7F, 0x80, 0x00, 0x03, 0xFE, 0x00, 0x00, 0x1F, 0xFC, 0x00,
  0x00, 0xFF, 0xF0, 0x00, 0x03, 0xFF, 0x00, 0x00, 0x03, 0xF0, 0x00, 0x03,
  0xFF, 0x00, 0x00, 0xFF, 0xF0, 0x00, 0x1F, 0xF8, 0x00, 0x03, 0xFC, 0x00,
  0x00, 0x7F, 0x80, 0x00, 0x0F, 0xF0, 0x00, 0x00, 0xFE, 0x00, 0x00, 0x1F,
  0xC0, 0x00, 0x01, 0xFC, 0x00, 0x00, 0x1F, 0xC0, 0x00, 0x01, 0xF8, 0x00,
  0x00, 0x3F, 0x80, 0x00, 0x03, 0xF8, 0x00, 0x00, 0x3F, 0x80, 0x00, 0x03,
  0xF8, 0x00, 0x00, 0x3F, 0x80, 0x00, 0x03, 0xF8, 0x00, 0x00, 0x3F, 0x80,
  0x00, 0x03, 0xF8, 0x00, 0x00, 0x3F, 0x80, 0x00, 0x03, 0xF8, 0x00, 0x00,
  0x3F, 0x80, 0x00, 0x03, 0xF8, 0x00, 0x00, 0x3F, 0x80, 0x00, 0x03, 0xF8,
  0x00, 0x00, 0x3F, 0x80, 0x00, 0x03, 0xF8, 0x00, 0x00, 0x7F, 0x80, 0x00,
  0x07, 0xF0, 0x00, 0x00, 0xFF, 0x00, 0x00, 0x0F, 0xF0, 0x00, 0x01, 0xFE,
  0x00, 0x00, 0x7F, 0xE0, 0x00, 0x0F, 0xFC, 0x00, 0x0F, 0xFF, 0x80, 0x00,
  0xFF, 0xF0, 0x00, 0x0F, 0xFC, 0x00, 0x00, 0xFF, 0x00, 0x00, 0x0F, 0x80,
  0x00, 0x00, 0x80, 0x00, 0x00, 0x00, 0x00, 0x00, 0x00, 0x00, 0x00, 0x07,
  0xC0, 0x00, 0x00, 0x00, 0x00, 0x01, 0xF0, 0x07, 0xF8, 0x00, 0x00, 0x00,
  0xF8, 0x07, 0xFF, 0xC0, 0x00, 0x00, 0x3E, 0x03, 0xFF, 0xFE, 0x00, 0x00,
  0x1F, 0x81, 0xFF, 0xFF, 0xE0, 0x00, 0x07, 0xC0, 0xFF, 0xFF, 0xFF, 0x00,
  0x03, 0xF0, 0x7F, 0xFF, 0xFF, 0xF0, 0x01, 0xFC, 0x1F, 0xFF, 0xFF, 0xFF,
  0x81, 0xFE, 0x0F, 0xF0, 0x3F, 0xFF, 0xFF, 0xFF, 0x83, 0xF0, 0x01, 0xFF,
  0xFF, 0xFF, 0xC1, 0xF8, 0x00, 0x0F, 0xFF, 0xFF, 0xE0, 0x7E, 0x00, 0x00,
  0xFF, 0xFF, 0xF8, 0x1F, 0x00, 0x00, 0x07, 0xFF, 0xFC, 0x0F, 0xC0, 0x00,
  0x00, 0x3F, 0xFC, 0x03, 0xE0, 0x00, 0x00, 0x01, 0xFC, 0x00, 0xF8, 0x00,
  0x00, 0x00, 0x00, 0x00, 0x00 };

const GFXglyph Helvetica44pt7bGlyphs[] PROGMEM = {
  {     0,   1,   1,  24,    0,    0 },   // 0x20 ' '
  {     1,   8,  62,  24,   10,  -61 },   // 0x21 '!'
  {    63,  22,  25,  31,    3,  -61 },   // 0x22 '"'
  {   132,  48,  61,  48,    0,  -61 },   // 0x23 '#'
  {   498,  42,  76,  48,    3,  -66 },   // 0x24 '$'
  {   897,  70,  61,  76,    3,  -59 },   // 0x25 '%'
  {  1431,  51,  63,  57,    4,  -61 },   // 0x26 '&'
  {  1833,   7,  25,  16,    7,  -61 },   // 0x27 '''
  {  1855,  20,  80,  29,    6,  -61 },   // 0x28 '('
  {  2055,  19,  80,  29,    3,  -61 },   // 0x29 ')'
  {  2245,  27,  25,  33,    3,  -61 },   // 0x2A '*'
  {  2330,  44,  44,  50,    4,  -43 },   // 0x2B '+'
  {  2572,   9,  22,  24,    7,   -8 },   // 0x2C ','
  {  2597,  21,   8,  29,    4,  -27 },   // 0x2D '-'
  {  2618,   9,   9,  24,    7,   -8 },   // 0x2E '.'
  {  2629,  26,  61,  24,    0,  -61 },   // 0x2F '/'
  {  2828,  41,  62,  48,    3,  -59 },   // 0x30 '0'
  {  3146,  22,  60,  48,    8,  -59 },   // 0x31 '1'
  {  3311,  41,  60,  48,    3,  -59 },   // 0x32 '2'
  {  3619,  42,  62,  48,    2,  -59 },   // 0x33 '3'
  {  3945,  43,  60,  48,    2,  -59 },   // 0x34 '4'
  {  4268,  41,  60,  48,    3,  -58 },   // 0x35 '5'
  {  4576,  41,  62,  48,    3,  -59 },   // 0x36 '6'
  {  4894,  42,  59,  48,    3,  -58 },   // 0x37 '7'
  {  5204,  41,  62,  48,    3,  -59 },   // 0x38 '8'
  {  5522,  41,  62,  48,    3,  -59 },   // 0x39 '9'
  {  5840,   8,  44,  24,   10,  -44 },   // 0x3A ':'
  {  5884,   8,  57,  24,   10,  -44 },   // 0x3B ';'
  {  5941,  49,  46,  50,    1,  -44 },   // 0x3C '<'
  {  6223,  44,  25,  50,    4,  -33 },   // 0x3D '='
  {  6361,  49,  46,  50,    1,  -44 },   // 0x3E '>'
  {  6643,  37,  63,  48,    7,  -62 },   // 0x3F '?'
  {  6935,  69,  66,  87,    9,  -62 },   // 0x40 '@'
  {  7505,  55,  61,  57,    1,  -61 },   // 0x41 'A'
  {  7925,  48,  61,  57,    6,  -61 },   // 0x42 'B'
  {  8291,  55,  65,  62,    4,  -62 },   // 0x43 'C'
  {  8738,  51,  61,  62,    7,  -61 },   // 0x44 'D'
  {  9127,  46,  62,  57,    7,  -61 },   // 0x45 'E'
  {  9484,  43,  62,  53,    7,  -61 },   // 0x46 'F'
  {  9818,  57,  65,  67,    4,  -62 },   // 0x47 'G'
  { 10282,  49,  61,  62,    7,  -61 },   // 0x48 'H'
  { 10656,   9,  61,  24,    8,  -61 },   // 0x49 'I'
  { 10725,  36,  63,  43,    1,  -61 },   // 0x4A 'J'
  { 11009,  50,  61,  57,    7,  -61 },   // 0x4B 'K'
  { 11391,  39,  61,  48,    7,  -61 },   // 0x4C 'L'
  { 11689,  59,  61,  72,    6,  -61 },   // 0x4D 'M'
  { 12139,  49,  61,  62,    7,  -61 },   // 0x4E 'N'
  { 12513,  61,  65,  67,    3,  -62 },   // 0x4F 'O'
  { 13009,  46,  61,  57,    7,  -61 },   // 0x50 'P'
  { 13360,  61,  68,  67,    3,  -62 },   // 0x51 'Q'
  { 13879,  51,  61,  62,    8,  -61 },   // 0x52 'R'
  { 14268,  49,  65,  57,    4,  -62 },   // 0x53 'S'
  { 14667,  50,  61,  53,    1,  -61 },   // 0x54 'T'
  { 15049,  49,  63,  62,    7,  -61 },   // 0x55 'U'
  { 15435,  54,  61,  57,    2,  -61 },   // 0x56 'V'
  { 15847,  78,  61,  81,    2,  -61 },   // 0x57 'W'
  { 16442,  54,  61,  57,    2,  -61 },   // 0x58 'X'
  { 16854,  55,  61,  57,    2,  -61 },   // 0x59 'Y'
  { 17274,  49,  61,  53,    2,  -61 },   // 0x5A 'Z'
  { 17648,  17,  80,  24,    5,  -61 },   // 0x5B '['
  { 17818,  31,  61,  24,   -3,  -61 },   // 0x5C '\'
  { 18055,  16,  80,  24,    2,  -61 },   // 0x5D ']'
  { 18215,  36,  36,  40,    5,  -61 },   // 0x5E '^'
  { 18377,  48,   4,  48,    0,    8 },   // 0x5F '_'
  { 18401,  17,  12,  29,    2,  -62 },   // 0x60 '`'
  { 18427,  43,  48,  48,    3,  -45 },   // 0x61 'a'
  { 18685,  40,  64,  48,    5,  -61 },   // 0x62 'b'
  { 19005,  39,  47,  43,    2,  -45 },   // 0x63 'c'
  { 19235,  40,  64,  48,    2,  -61 },   // 0x64 'd'
  { 19555,  41,  48,  48,    3,  -45 },   // 0x65 'e'
  { 19801,  21,  63,  24,    1,  -62 },   // 0x66 'f'
  { 19967,  39,  65,  48,    3,  -45 },   // 0x67 'g'
  { 20284,  36,  62,  48,    6,  -61 },   // 0x68 'h'
  { 20563,   7,  62,  19,    6,  -61 },   // 0x69 'i'
  { 20618,  15,  80,  19,   -2,  -61 },   // 0x6A 'j'
  { 20768,  38,  61,  43,    5,  -61 },   // 0x6B 'k'
  { 21058,   7,  61,  19,    6,  -61 },   // 0x6C 'l'
  { 21112,  60,  46,  72,    6,  -45 },   // 0x6D 'm'
  { 21457,  36,  46,  48,    6,  -45 },   // 0x6E 'n'
  { 21664,  42,  48,  48,    2,  -45 },   // 0x6F 'o'
  { 21916,  40,  64,  48,    5,  -45 },   // 0x70 'p'
  { 22236,  39,  64,  48,    3,  -45 },   // 0x71 'q'
  { 22548,  22,  46,  29,    6,  -45 },   // 0x72 'r'
  { 22675,  37,  48,  43,    3,  -45 },   // 0x73 's'
  { 22897,  21,  58,  24,    1,  -56 },   // 0x74 't'
  { 23050,  37,  47,  48,    5,  -45 },   // 0x75 'u'
  { 23268,  42,  45,  43,    0,  -44 },   // 0x76 'v'
  { 23505,  60,  45,  62,    1,  -44 },   // 0x77 'w'
  { 23843,  42,  45,  43,    0,  -44 },   // 0x78 'x'
  { 24080,  41,  65,  43,    1,  -45 },   // 0x79 'y'
  { 24414,  38,  46,  43,    2,  -45 },   // 0x7A 'z'
  { 24633,  29,  81,  29,   -2,  -62 },   // 0x7B '{'
  { 24927,   7,  62,  22,    6,  -61 },   // 0x7C '|'
  { 24982,  28,  81,  29,    2,  -62 },   // 0x7D '}'
  { 25266,  50,  17,  50,    1,  -30 } }; // 0x7E '~'

const GFXfont Helvetica44pt7b PROGMEM = {
  (uint8_t  *)Helvetica44pt7bBitmaps,
  (GFXglyph *)Helvetica44pt7bGlyphs,
  0x20, 0x7E, 86 };

// Approx. 26045 bytes
